"Employer Name","CBA File","Location","Union","Expiration Date","NAICS*","#Wrkrs","Type"
"10 ROADS EXPRESS, LLC (SALMON COMPANIES)/PAT SALMON & SONS, INC.",4470,"MULTIPLE","POSTAL WORKERS, AMERICAN, AFL-CIO (APWU) /POSTAL WORKERS, AMERICAN, AFL-CIO (APWU) 418 NORTHWEST LOUISIANA AREA/POSTAL WORKERS, AMERICAN, AFL-CIO (APWU) 96 MEMPHIS  TENNESSEE AREA LOCAL","Sep 30, 2026",,,"PRIVATE"
"10 ROADS EXPRESS, LLC (SALMON COMPANIES)/PAT SALMON & SONS, INC.",4157,"MULTIPLE","POSTAL WORKERS, AMERICAN, AFL-CIO (APWU) ","May 31, 2023","484230","608","PRIVATE"
"3-D EXHIBITS, INC.",2315,"IL"," (CRCC) ","May 31, 2020",,,"PRIVATE"
"30 MAJOR LEAGUE CLUBS",2447,"NY"," (MLBPA) ","Dec 1, 2021",,,"PRIVATE"
"30 MAJOR LEAGUE CLUBS/MAJOR LEAGUE BASEBALL (MLB)/MAJOR LEAGUE CLUBS",4123,"NATIONAL","MAJOR LEAGUE BASEBALL PLAYERS ASSOCIATION ","Dec 1, 2016",,,"PRIVATE"
"3535 LV CORP DBA LINQ HOTEL",2574,"NV","ELECTRICAL WORKERS IBEW AFL-CIO (IBEW) 357","Mar 31, 2019",,"48","PRIVATE"
"67TH JUDICIAL DISTRICT COURT/7TH JUDICIAL CIRCUIT COURT/GENESEE COUNTY (CLERICAL / MAINTENANCE)/GENESEE COUNTY BOARD OF COMMISSIONERS/GENESEE COUNTY PROBATE COURT/GENESEE COUNTY PROSECUTOR",4785,"MI","STATE COUNTY AND MUNI EMPLS AFL-CIO (AFSCME) 25 MICHIGAN","Dec 31, 2024",,,"PUBLIC"
"9W HALO OPCO L.P. DBA ANGELICA",1743,"IL","TEAMSTERS (IBT) 14","Aug 22, 2022",,,"PRIVATE"
"A & P TEA CO. INC.",611,"NY NJ","FOOD AND COMMERCIAL WKRS (UFCW) 464 A","Nov 8, 2008","445110","8000","PRIVATE"
"A & P TEA CO. INC.",655,"MI","FOOD AND COMMERCIAL WKRS (UFCW) 876","Jun 1, 2007","445110","8000","PRIVATE"
"A & P TEA CO. INC.",689,"NY","FOOD AND COMMERCIAL WKRS (UFCW) 342 050","Oct 30, 2003","445110","1600","PRIVATE"
"A. O. SMITH WATER PRODUCTS CO.",1803,"WA","BOILERMAKERS AFL-CIO (BBF) 104","Feb 7, 2010","316999","1000","PRIVATE"
"A.S. AMERICA INC",2410,"OH","STEELWORKERS, AFL-CIO (USW) 07 1538","Jan 31, 2020",,,"PRIVATE"
"A&A HOLDINGS OF ILLINOIS, LLC. THE PETROFF COMPANIES, INC.",3904,"IL","TEAMSTERS (IBT) 50 ","Jan 19, 2025",,,"PRIVATE"
"A2M CONSULTING, LLC/BGI, LLC/CREW TRAINING INTERNATIONAL, INC/KT CONSULTING, INC",4327,"AZ","MACHINISTS AFL-CIO (IAM) 2515 /MACHINISTS AFL-CIO (IAM) 519 ","Feb 15, 2025",,,"PRIVATE"
"AALBERTS IPS-ELKHART PRODUCTS CORPORATION",1157,"IN","MACHINISTS AFL-CIO (IAM) 2018","Aug 13, 2022","332996","120","PRIVATE"
"ABATEMENT CONTRACTORS ASSOCIATION, INC./NEW JERSEY INSULATION, THE",4693,"NJ","INSULATORS AFL-CIO (HFIA) 89 ","Jun 30, 2026",,,"PRIVATE"
"ABBOTT HOUSE",2551,"NY","FOOD AND COMMERCIAL WKRS (UFCW) 888","May 31, 2019","623990","130","PRIVATE"
"ABBOTT NORTHWESTERN HOSPITAL",2032,"MN"," (SEIU) -","Dec 31, 2013","62211","1000","PRIVATE"
"ABC INC.",2172,"NY","STAGE AND PICTURE OPERATORS AFL-CIO (IATSE) 804","Dec 11, 2016","513120",,"PRIVATE"
"ABC INC. (DISNEY- WAS CAPITAL CITIES)",443,"NATIONAL","CWA/NABET ","May 12, 2003","515120","1800","PRIVATE"
"ABC UNIFIED SCHOOL DISTRICT (TEACHERS)",2647,"CA CERRITOS"," (AFT) ABCFT 2317","Jun 30, 2000","611110","1100","PUBLIC"
"ABC, INC. (WPVI-TV)",2286,"PA","STAGE AND PICTURE OPERATORS AFL-CIO (IATSE) 804","Jun 5, 2021",,,"PRIVATE"
"ABERDEEN GROUP, THE",3898,"IL","ENGINEERS, OPERATING, AFL-CIO (IUOE) 399 ","May 31, 2023",,,"PRIVATE"
"ABLE BUILDING MAINTENANCE",2040,"CA","SERVICE EMPLOYEES (SEIU) 1877","Jan 31, 2012",,,"PRIVATE"
"ABLE BUILDING MAINTENANCE, OAKLAND COLISEUM",2039,"CA","SERVICE EMPLOYEES (SEIU) 1877","Oct 31, 2011",,,"PRIVATE"
"ABM AVIATION",4429,"IL","TEAMSTERS (IBT) 120 ","Jul 31, 2024",,,"PRIVATE"
"ABM INDUSTRY GROUPS, LLC/CUSHMAN AND WAKEFIELD/EUREST SERVICES, INC./HOUSTON AREA SERVICE CONTRACTORS ASSOCIATION/PRITCHARD INDUSTRIES SOUTHWEST, LLC (JANITORIAL)/RED COATS, INC./SDH SERVICES EAST LLC/SUPER BUILDING SERVICES/VELOCITI SERVICES",4557,"TX","SERVICE EMPLOYEES (SEIU) SEIU TEXAS/SERVICE EMPLOYEES (SEIU) SEIU TEXAS STATE COUNCIL","May 31, 2028",,,"PRIVATE"
"ABM JANITORIAL SERVICES (ALCOA PLANT)",4456,"NY","STEELWORKERS, AFL-CIO (USW) 4 420 A ","Jun 30, 2024",,,"PRIVATE"
"ABRAXAS GROUP, INC. (DBA CORNELL-ABRAXAS)/CORNELL-ABRAXAS",3833,"PA","SERVICE EMPLOYEES INTERNATIONAL UNION 668","Sep 30, 2023",,,"PRIVATE"
"ABS PAYROLL COMPANY",4372,"CA","STAGE AND PICTURE OPERATORS AFL-CIO (IATSE) 33 ","Dec 31, 2024",,,"PRIVATE"
"ABSOLUT CARE FACILITIES",4629,"NY","SERVICE EMPLOYEES (SEIU) 1199 SEIU UNITED HEALTH CARE WORKERS EAST","Apr 30, 2025",,"220","PRIVATE"
"ABT, INC",1832,"NC","BOILERMAKERS AFL-CIO (BBF) 154","Nov 30, 2009","238390","1000","PRIVATE"
"AC FIRST LLC",2060,"-"," (-) -","Jan 1, 1800",,,"PRIVATE"
"ACCENTURE DBA ACCENTURE FLEX LLC",4631,"CA, TX","COMMUNICATIONS WORKERS AFL-CIO (CWA) 9009 ","Jan 1, 2027","813930","26","PRIVATE"
"ACE GALVANIZING INC.",1804,"WA","BOILERMAKERS AFL-CIO (BBF) 104","Dec 1, 2009","316999","1000","PRIVATE"
"ACME MARKETS INC.",565,"NJ","FOOD AND COMMERCIAL WKRS (UFCW) 1360","Apr 25, 2009","445110","3000","PRIVATE"
"ACME MARKETS INC.",639,"DE NJ PA","FOOD AND COMMERCIAL WKRS (UFCW) 56","May 8, 2004","445110","1300","PRIVATE"
"ACME MARKETS INC.",748,"NJ","FOOD AND COMMERCIAL WKRS (UFCW) 1245","Nov 11, 2005","445110","1500","PRIVATE"
"ACME MARKETS INC.",2222,"PA","FOOD AND COMMERCIAL WKRS (UFCW) 1776","Feb 2, 2008",,,"PRIVATE"
"ACME MARKETS INC. (DELAWARE VALLEY) (MOA)",560,"DE","FOOD AND COMMERCIAL WKRS (UFCW) 27","Jul 19, 2008","445110","1900","PRIVATE"
"ACME MARKETS INC. EASTERN SHORE (MOA)",648,"DE MD VA WV","FOOD AND COMMERCIAL WKRS (UFCW) 27","Sep 28, 2002","445110","1025","PRIVATE"
"ACME MARKETS, INC.",2221,"PA","FOOD AND COMMERCIAL WKRS (UFCW) 1776","Feb 2, 2012",,,"PRIVATE"
"ACME STEEL CO. & ACME PACKAGING CORP.",192,"IL RIVERDALE"," (USW) ?-","Dec 31, 2005","331111","1150","PRIVATE"
"ACO PIKETON/AMERICAN CENTRIFUGE OPERATING, LLC, A WHOLLY OWNED SUBSIDIARY OF CENTRUS ENERGY CORP.",4869,"OH","STEELWORKERS, AFL-CIO (USW) 1 689 ","Oct 1, 2026",,,"PRIVATE"
"ACROWOOD CORP.",1805,"WA","BOILERMAKERS AFL-CIO (BBF) 104","Mar 31, 2011","316999","1000","PRIVATE"
"ACTION FACILITIES MANAGEMENT, INC.",2601,"DC","SERVICE EMPLOYEES (SEIU) 32 BJ","Aug 31, 2022",,,"PRIVATE"
"ADAMS COUNTY (CIRCUIT/DEPUTY CLERKS)",3771,"IL","MACHINISTS AFL-CIO (IAM) 9 ","Nov 30, 2024",,,"PUBLIC"
"ADAMS COUNTY (COUNTY RECORDER)",3787,"CO","MACHINISTS AFL-CIO (IAM) 9 ","Nov 30, 2022",,,"PUBLIC"
"ADAMS COUNTY (PARAMEDICS-EMT)",4185,"IL","MACHINISTS AFL-CIO (IAM) 822 QUINCY LODGE NO. 822  IAMAW","Nov 30, 2023",,,"PUBLIC"
"ADAMS COUNTY (STATE ATTORNEY'S SECRETARIES)",4246,"IL","MACHINISTS AFL-CIO (IAM) 822 QUINCY LODGE NO. 822  IAMAW/MACHINISTS AFL-CIO (IAM) 9 ","Nov 30, 2022",,,"PUBLIC"
"ADAMS COUNTY (TREASURER'S OFFICE)",4184,"IL","MACHINISTS AFL-CIO (IAM) 9 ","Nov 30, 2022",,,"PUBLIC"
"ADAMS COUNTY BOARD (CORRECTION SERGEANTS)/ADAMS COUNTY SHERIFF (CORRECTION SERGEANTS)",3772,"IL","NATIONAL FRATERNAL ORDER OF POLICE (NFOP) 1 F FEDERAL POLICE OFFICERS, ILLINOIS","Nov 30, 2024",,,"PUBLIC"
"ADAMS COUNTY BOARD (COURT SERVICES)/ADAMS COUNTY SHERIFF (COURT SERVICES)",3773,"IL","NATIONAL FRATERNAL ORDER OF POLICE (NFOP) 1 F FEDERAL POLICE OFFICERS, ILLINOIS","Nov 30, 2024",,,"PUBLIC"
"ADAMS COUNTY BOARD (PATROL SERGEANTS)/ADAMS COUNTY SHERIFF (PATROL SERGEANTS)",3774,"IL","NATIONAL FRATERNAL ORDER OF POLICE (NFOP) 1 F FEDERAL POLICE OFFICERS, ILLINOIS","Nov 30, 2024",,,"PUBLIC"
"ADAMS COUNTY EIGHTH JUDICIAL CIRCUIT - JUVENILE DETENTION CENTER (DETENTION OFFICER)",4310,"IL","MACHINISTS AFL-CIO (IAM) 9 ","Nov 30, 2023",,,"PUBLIC"
"ADAMS COUNTY EIGHTH JUDICIAL CIRCUIT (CLERK / SECRETARY)",4309,"IL","MACHINISTS AFL-CIO (IAM) 9 ","Nov 30, 2022",,,"PUBLIC"
"ADAMS COUNTY SHERIFF (SHERIFF DEPUTIES)",4777,"IL","POLICEMEN'S BENEVOLENT LABOR COMMITTEE ","Nov 30, 2021",,,"PUBLIC"
"ADAMS ILLINOIS COUNTY SHERRIFF (CORRECTIONS)",3764,"IL","POLICEMEN'S BENEVOLENT LABOR COMMITTEE ","Nov 30, 2024",,,"PUBLIC"
"ADAMS RURAL ELECTRIC, INC.",4071,"OH","ELECTRICAL WORKERS IBEW AFL-CIO (IBEW) 2359 ","Mar 31, 2023",,,"PRIVATE"
"ADAMS SUPER FOOD STORES",2247,"NJ","FOOD AND COMMERCIAL WKRS (UFCW) 464 A","Apr 19, 2003",,,"PRIVATE"
"ADDISON-WESLEY LONGMAN PUBLISHERS",1917,"NY"," (UAW) 2110","Dec 31, 2010","813319","2771","PRIVATE"
"ADEL, IOWA, CITY OF",3467,"IA","ENGINEERS, OPERATING, AFL-CIO (IUOE) 234 OPERATING ENGINEERS LOCAL 234","Jun 30, 2011","23731","2498","PUBLIC"
"ADEL, IOWA, CITY OF",3468,"IA","ENGINEERS, OPERATING, AFL-CIO (IUOE) 234 OPERATING ENGINEERS LOCAL 234","Jun 30, 2013","23731","2498","PUBLIC"
"ADJUTANT GENERAL OF ARKANSAS",3573,"AK"," (ACT) 117/131","May 7, 2022",,,"PUBLIC"
"ADJUTANT GENERAL OF MICHIGAN",3522,"MICHIGAN"," (LIUNA) 2132","Aug 1, 2018","928110",,"PUBLIC"
"ADJUTANT GENERAL OF WISCONSIN, THE",4602,"WI","ASSOCIATION OF CIVILIAN TECHNICIANS (ACT) 26 WISCONSIN ARMY","Oct 15, 2027",,,"PUBLIC"
"ADVANCED GLASSFIBER YARNS, LLC",191,"SC AIKEN","TEAMSTERS (IBT) 86","May 1, 2006","327213","1000","PRIVATE"
"AEROSPACE CORP.",361,"CA"," (APSA (I)) ?-","Aug 1, 2008","54171","1600","PRIVATE"
"AEROSPACE CORP.",362,"CA EL SEGUNDO"," (APSA (I)) -","Aug 1, 2005","54171","1600","PRIVATE"
"AEROSPACE CORP.",363,"CA EL SEGUNDO"," (APSA (I)) -","Aug 1, 2009","54171","1600","PRIVATE"
"AFSCME NEW JERSEY ORGANIZING COMMITTEE/COUNCIL 73",2339,"NJ","STATE COUNTY AND MUNI EMPLS AFL-CIO (AFSCME) 73 CENTRAL NEW JERSEY DISTRICT","Apr 1, 2024",,,"PRIVATE"
"AFT CONNECTICUT",3605,"CT MI IL MT ID DC WA MA CT","STAFF UNION ","Jun 30, 2019",,,"PUBLIC"
"AGC OF MICHIGAN",2510,"MI","MICHIGAN REGIONAL COUNCIL OF CARPENTERS ","Jun 1, 2023",,,"PRIVATE"
"AGC OF MINNESOTA LAKES AND PLAINS REGIONAL COUNCIL OF CARPENTERS AND JOINERS",1506,"MN"," (UBC) ","Apr 30, 2008",,,"PRIVATE"
"AGC OF NORTHWEST OHIO AND TOLEDO AREA CARPENTER EMPLOYERS ASSOCIATION",1424,"OH"," (UBC) 248, 372,1138,15812239","Jun 30, 2007",,,"PRIVATE"
"AGC OF ST. LOUIS AND THE ERECTORS AND RIGGERS ASSOCIATION",1381,"MO ST. LOUIS","IRON WORKERS AFL-CIO (BSOIW) 396","Aug 1, 2007",,,"PRIVATE"
"AGC OH (LABOR RELATIONS DIVISION)",1616,"OH","ENGINEERS, OPERATING, AFL-CIO (IUOE) 18","Apr 30, 2007",,,"PRIVATE"
"AGC, AK",1357,"AK, ANCHORAGE","CARPENTERS IND (CJA) 12/CARPENTERS IND (CJA) 247","Jun 30, 2008","23621","1000","PRIVATE"
"AGC, AK",1358,"AK","CARPENTERS IND (CJA) 1243/CARPENTERS IND (CJA) 1281/CARPENTERS IND (CJA) 2247/CARPENTERS IND (CJA) 2520","Jun 30, 2011","23621","1000","PRIVATE"
"AGC, AK",1662,"AK","LABORERS  (LIUNA) 341/LABORERS  (LIUNA) 942","Jun 30, 2008","23621","3000","PRIVATE"
"AGC, AK",1663,"AK","LABORERS  (LIUNA) 942","Jun 30, 2012","23731","3000","PRIVATE"
"AGC, AK",1664,"AK","LABORERS  (LIUNA) 341/LABORERS  (LIUNA) 942","Jun 30, 2012","23621","3000","PRIVATE"
"AGC, AK",1688,"AK","ENGINEERS, OPERATING, AFL-CIO (IUOE) 302","Dec 31, 2006","23621","4000","PRIVATE"
"AGC, AK",1689,"AK"," (IOUE) 302","Dec 31, 2009","23731","3000","PRIVATE"
"AGC, AK",1774,"AK","PLASTERERS AND CEMENT MASONS AFL-CIO (OPCM) 867","Jan 1, 1800","23731","3000","PRIVATE"
"AGC, AK",1775,"AK","PLASTERERS AND CEMENT MASONS AFL-CIO (OPCM) 867","Jan 31, 2013","23731","3000","PRIVATE"
"AGC, AK",1776,"AK","PLASTERERS AND CEMENT MASONS AFL-CIO (OPCM) 867","Jan 31, 2010","23731","1000","PRIVATE"
"AGC, AK",1777,"AK","TEAMSTERS (IBT) 959","Feb 28, 2011","23731","5875","PRIVATE"
"AGC, AZ (HVY-HWY)",901,"AZ","ENGINEERS, OPERATING, AFL-CIO (IUOE) 428","May 31, 2008","23731","1500","PRIVATE"
"AGC, AZ (HVY-HWY)",1682,"AZ"," (UBC) SWRCC","Jun 30, 2005","23731","1000","PRIVATE"
"AGC, AZ (HVY-HWY)",1683,"AZ"," (UBC) SWRCC","Jun 30, 2008","23731","1000","PRIVATE"
"AGC, CA",1332,"CA NORTHERN"," (-) NO. CA DC","Jun 30, 2006","23621","21000","PRIVATE"
"AGC, CA",1333,"CA NORTHERN","LABORERS  (LIUNA) 0 NORTHERN CALIFORNIA","Jun 30, 2006","23621","21000","PRIVATE"
"AGC, CA",1655,"CA NORTHERN"," (UBC) 46 NCCCB","Jun 30, 2008","23813","17000","PRIVATE"
"AGC, CA - NORTHERN",1237,"CA NORTHERN","ENGINEERS, OPERATING, AFL-CIO (IUOE) 3","Jun 15, 2006","23731","8500","PRIVATE"
"AGC, CA - NORTHERN",1340,"CA NORTHERN","LABORERS  (LIUNA) 0 NORTHERN CALIFORNIA","Jun 30, 2006","23731","1700","PRIVATE"
"AGC, CA - NORTHERN",2137,"CA","LABORERS  (LIUNA) 0","Jun 30, 2019","813910",,"PRIVATE"
"AGC, CA - NORTHERN 46 COUNTIES",1353,"CA NORTHERN"," (UBC) CARPENTERS' 46","Jun 30, 2008","23731","5000","PRIVATE"
"AGC, CA - NORTHERN 46 COUNTIES",1354,"CA NORTHERN"," (UBC) CARPENTERS' 46","Jun 30, 2008","23731","5000","PRIVATE"
"AGC, CA - SAN DIEGO COUNTY",1171,"CA SAN DIEGO","LABORERS  (LIUNA) 89","Jun 30, 2006","23621","3000","PRIVATE"
"AGC, CA - SAN DIEGO COUNTY",1172,"CA SAN DIEGO","LABORERS  (LIUNA) 89","Jun 30, 2006","23621","3000","PRIVATE"
"AGC, CA (CEMENT MASON'S AGREEMENT)",1334,"CA NO CENTRAL","PLASTERERS AND CEMENT MASONS AFL-CIO (OPCM) 0 NORTHERN CALIFORNIA","Jun 15, 2009","23621","1600","PRIVATE"
"AGC, CA (CEMENT MASON'S AGREEMENT)",1335,"CA NO CENTRAL","PLASTERERS AND CEMENT MASONS AFL-CIO (OPCM) 0 NORTHERN CALIFORNIA","Jun 30, 2005","23621","1600","PRIVATE"
"AGC, CA (HVY-HWY & BLDG)",1235,"CA NORTHERN"," (IBT) 94, 137, 150, ET A","Jun 15, 2006","23731","5000","PRIVATE"
"AGC, CA (HVY-HWY & BLDG)",1236,"CA NORTHERN"," (IBT) 94,137,150,ET A","Jun 15, 2006","23731","5000","PRIVATE"
"AGC, CA (PILEDRIVERS)",1700,"CA NORTHERN"," (UBC) 34","Jan 1, 1800","23731","1200","PRIVATE"
"AGC, CA (PILEDRIVERS)",1701,"CA NORTHERN"," (UBC) 34","Jun 30, 2015","23731","1200","PRIVATE"
"AGC, CA (PILEDRIVERS)",1702,"CA NORTHERN"," (UBC) 34","Jun 30, 2008","23731","1200","PRIVATE"
"AGC, CA (PILEDRIVERS)",1703,"CA NORTHERN"," (UBC) 34","Jun 30, 2015","23731","1200","PRIVATE"
"AGC, CA (PILEDRIVERS)",1704,"CA NORTHERN"," (UBC) 34","Jun 30, 2008","23731","1200","PRIVATE"
"AGC, CA (PILEDRIVERS)",1705,"CA NORTHERN"," (UBC) 34","Jun 30, 2012","23731","1200","PRIVATE"
"AGC, CA & BIA, & SCCA",1162,"CA SOUTHERN"," (IBT) 87 & JC 42","Jun 30, 2006","23621","2500","PRIVATE"
"AGC, CA & BIA, & SCCA",1163,"CA SOUTHERN"," (IBT) 87 & JC 42","Jun 30, 2006","23621","2500","PRIVATE"
"AGC, CA & BIASC & SCCA",1146,"CA SOUTHERN","PLASTERERS AND CEMENT MASONS AFL-CIO (OPCM) 500","Jun 30, 2006","23731","5500","PRIVATE"
"AGC, CA & BIASC & SCCA",1147,"CA SOUTHERN","PLASTERERS AND CEMENT MASONS AFL-CIO (OPCM) 500","Jun 30, 2006","23731","5500","PRIVATE"
"AGC, CA SAN DIEGO",1152,"CA SAN DIEGO","ENGINEERS, OPERATING, AFL-CIO (IUOE) 12","Jun 30, 2007","23621","1700","PRIVATE"
"AGC, CA SAN DIEGO",1153,"CA SAN DIEGO","ENGINEERS, OPERATING, AFL-CIO (IUOE) 12","Jun 30, 2007","23621","1700","PRIVATE"
"AGC, CO",1497,"CO"," (UBC) MWRCC","Apr 30, 2007","23622","1200","PRIVATE"
"AGC, CT & CCIA BLDG CONTRACTORS (BLDG)",1212,"CT","LABORERS  (LIUNA) 390/LABORERS  (LIUNA) 449/LABORERS  (LIUNA) 455/LABORERS  (LIUNA) 46/LABORERS  (LIUNA) 547/LABORERS  (LIUNA) 665/LABORERS  (LIUNA) 675","Mar 31, 2005",,,"PRIVATE"
"AGC, CT & CCIA BLDG CONTRACTORS (BLDG)",1213,"CT","LABORERS  (LIUNA) 0 CONNECTICUT","Mar 31, 2012","23621","1500","PRIVATE"
"AGC, CT/CCIA & MASON CONTRACTORS ASSOCIATION (BLDG)",1220,"CT"," (BAC) 1","Mar 31, 2012","23622","1070","PRIVATE"
"AGC, CT/CCIA & MASON CONTRACTORS ASSOCIATION (BLDG)",1221,"CT"," (BAC) 1","Mar 31, 2006","23622","1070","PRIVATE"
"AGC, GA - ATLANTA",1416,"GA ATLANTA"," (UBC) 225","Jun 30, 2007","23621","1300","PRIVATE"
"AGC, IL",1788,"IL"," (CJA) -","Jan 1, 1800","23622","1000","PRIVATE"
"AGC, IL - CENTRAL IL BUILDERS",1671,"IL CENTRAL","LABORERS  (LIUNA) 159/LABORERS  (LIUNA) 171/LABORERS  (LIUNA) 253/LABORERS  (LIUNA) 477/LABORERS  (LIUNA) 624/LABORERS  (LIUNA) 703","Apr 30, 2008","23622","1300","PRIVATE"
"AGC, IL - CENTRAL IL BUILDERS, ET .AL.",1432,"IL CENTRAL"," (CJA) MID-CNTRL IL DC","Apr 30, 2009","23622","4500","PRIVATE"
"AGC, IL - CENTRAL IL BUILDERS, ET .AL.",1433,"IL CENTRAL"," (UBC) MID-CNTRL IL DC","Apr 30, 2006","23622","4500","PRIVATE"
"AGC, IL - EASTERN & OTHERS",919,"IL EASTERN","ENGINEERS, OPERATING, AFL-CIO (IUOE) 841","Dec 31, 2007","23622","1000","PRIVATE"
"AGC, IL -(EGYPTIAN CONTRACTORS ASSOCIATION)",1530,"IL"," (CJA) -","Apr 30, 2008","23622","1000","PRIVATE"
"AGC, IL (HWY-HVY) HIGHWAY DISTRICT 5",903,"IL CENTRAL"," (LIUNA) CNTRL IL DC","Apr 30, 2008","23731","1800","PRIVATE"
"AGC, IL (HWY-HVY) HIGHWAY DISTRICT 6",904,"IL CENTRAL"," (LIUNA) CNTRL IL DC","Apr 30, 2009","23731","2300","PRIVATE"
"AGC, IL (HWY-HVY) HIGHWAY DISTRICTS 1-8",930,"IL"," (UBC) D&RC","Jul 31, 2006","23731","11100","PRIVATE"
"AGC, IL (SEVEN COUNTIES)",2141,"CA","LABORERS  (LIUNA) 231","Apr 30, 2016","237310",,"PRIVATE"
"AGC, IL EGYPTIAN CONTRACTORS INC. ET AL (HVY/HWY DISTRICT 7&9)",905,"IL SOUTHERN","LABORERS  (LIUNA) 0 SOUTHERN ILLINOIS","Mar 31, 2008","23731","1200","PRIVATE"
"AGC, IN",1422,"IN INDIANAPOLIS"," (UBC) IN RCC-CNTRL","May 31, 2008","23622","4800","PRIVATE"
"AGC, IN",1574,"IN","LABORERS  (LIUNA) 1047/LABORERS  (LIUNA) 1112/LABORERS  (LIUNA) 120/LABORERS  (LIUNA) 204/LABORERS  (LIUNA) 274/LABORERS  (LIUNA) 741","May 31, 2008","23622","4600","PRIVATE"
"AGC, IN",1686,"IN INDIANAPOLIS","LABORERS  (LIUNA) 1047/LABORERS  (LIUNA) 1112/LABORERS  (LIUNA) 120/LABORERS  (LIUNA) 204/LABORERS  (LIUNA) 274/LABORERS  (LIUNA) 741","May 31, 2005","23622","1500","PRIVATE"
"AGC, IN - SOUTHWEST",1685,"IN EVANSVILLE","LABORERS  (LIUNA) 561","Mar 31, 2006","23622","1100","PRIVATE"
"AGC, IN (BLDG, SEWER, WATER, UTILITY)",916,"IN","ENGINEERS, OPERATING, AFL-CIO (IUOE) 181 ","Mar 31, 2006","23731","2800","PRIVATE"
"AGC, IN (SOUTHERN BRANCH)",1952,"IN","PLASTERERS AND CEMENT MASONS AFL-CIO (OPCM) 692/PLASTERERS AND CEMENT MASONS AFL-CIO (OPCM) 821","Apr 30, 2017","238140","1730","PRIVATE"
"AGC, IN (SOUTHERN BRANCH)",1953,"IN","PLASTERERS AND CEMENT MASONS AFL-CIO (OPCM) 692/PLASTERERS AND CEMENT MASONS AFL-CIO (OPCM) 821","Apr 30, 2012","238140","1730","PRIVATE"
"AGC, MA",1149,"MA"," (LIUNA) -","May 31, 2008",,,"PRIVATE"
"AGC, MA (BUILDING & SITE)",1151,"MA","LABORERS  (LIUNA) 133/LABORERS  (LIUNA) 138/LABORERS  (LIUNA) 157/LABORERS  (LIUNA) 175/LABORERS  (LIUNA) 22/LABORERS  (LIUNA) 223/LABORERS  (LIUNA) 243/LABORERS  (LIUNA) 385/LABORERS  (LIUNA) 39/LABORERS  (LIUNA) 429/LABORERS  (LIUNA) 473/LABORERS  (LIUNA) 560/LABORERS  (LIUNA) 596/LABORERS  (LIUNA) 609/LABORERS  (LIUNA) 610 CONSTRUCTION/LABORERS  (LIUNA) 721/LABORERS  (LIUNA) 876/LABORERS  (LIUNA) 999","May 31, 2012","23922","5500","PRIVATE"
"AGC, MA & BTEA",1350,"MA BOSTON","IRON WORKERS AFL-CIO (BSOIW) 7","Sep 15, 2006","23622","1200","PRIVATE"
"AGC, MA & BTEA OF BOSTON & E. MA (BLDG & SITE)",1150,"MA BOSTON","LABORERS  (LIUNA) 0 MASSACHUSETTS","May 31, 2008","23622","5500","PRIVATE"
"AGC, MA & BTEA OF BOSTON & EASTER MA",1160,"MA EASTERN"," (UBC) VARIOUS LOCALS","Aug 31, 2015","236115","3600","PRIVATE"
"AGC, MA & BTEA OF BOSTON & EASTER MA",1269,"MA EASTERN","ENGINEERS, OPERATING, AFL-CIO (IUOE) 4","May 31, 2011","23622","3600","PRIVATE"
"AGC, MA & BTEA OF BOSTON & EASTER MA",1270,"MA EASTERN","ENGINEERS, OPERATING, AFL-CIO (IUOE) 4","May 31, 2008","23622","3600","PRIVATE"
"AGC, MA & BTEA OF BOSTON & EASTER MA",1271,"MA EASTERN","ENGINEERS, OPERATING, AFL-CIO (IUOE) 4","May 31, 2008","23622","3600","PRIVATE"
"AGC, MA, BTEA OF BOSTON",1161,"MA BOSTON"," (UBC) 26, 33, 40,67,107, 111, 218, 275, 424, 475, 535, 624, 723, AND 1035","Aug 31, 2012","236115","10400","PRIVATE"
"AGC, MD - BALTIMORE",1417,"MD BALTIMORE"," (UBC) BALTIMORE DC","Mar 31, 2008","23622","2000","PRIVATE"
"AGC, MD (BLDG CONSTRUCTION)",1435,"MD BALTIMORE","LABORERS  (LIUNA) 194","Mar 31, 2008","23622","2000","PRIVATE"
"AGC, MD (BUILDING)",966,"MD BALTIMORE","ENGINEERS, OPERATING, AFL-CIO (IUOE) 37","Mar 31, 2008","23622","1200","PRIVATE"
"AGC, MI",1164,"MI SAGINAW"," (UBC) 706","Jul 16, 2006","23622","1375","PRIVATE"
"AGC, MI",1165,"MI SAGINAW"," (UBC) 706","Jul 16, 2006","23622","1375","PRIVATE"
"AGC, MI - GREATER DETROIT",1141,"MI SOUTHEAST","TEAMSTERS (IBT) 247/TEAMSTERS (IBT) 339/TEAMSTERS (IBT) 614","Jun 1, 2003","23622","4000","PRIVATE"
"AGC, MI - GREATER DETROIT",1142,"MI SOUTHEAST","TEAMSTERS (IBT) 247/TEAMSTERS (IBT) 339/TEAMSTERS (IBT) 614","Jun 1, 2003","23622","4000","PRIVATE"
"AGC, MI - GREATER DETROIT",1531,"MI DETROIT","ENGINEERS, OPERATING, AFL-CIO (IUOE) 324","Jun 1, 2006","23622","7500","PRIVATE"
"AGC, MI - GREATER DETROIT",1532,"MI DETROIT","ENGINEERS, OPERATING, AFL-CIO (IUOE) 324","Jun 1, 2006","23622","7500","PRIVATE"
"AGC, MI - UPPER PENINSULA",1189,"MI ESCANABA"," (UBC) MI RC","Apr 30, 2010","23622","1100","PRIVATE"
"AGC, MI (MONROE COUNTY)",1022,"MI MONROE CNTY","LABORERS  (LIUNA) 465","Jun 1, 2006","23622","1000","PRIVATE"
"AGC, MI (MONROE COUNTY)",1023,"MI MONROE CNTY","LABORERS  (LIUNA) 465","Jun 1, 2006","23622","1000","PRIVATE"
"AGC, MI (OAKLAND & LIVINGSTON COUNTIES)",1169,"MI OAKLAND CTY","LABORERS  (LIUNA) 1076","Jun 1, 2006","23622","1500","PRIVATE"
"AGC, MI (OAKLAND & LIVINGSTON COUNTIES)",1170,"MI OAKLAND CTY","LABORERS  (LIUNA) 1076","Jun 1, 2006","23622","1500","PRIVATE"
"AGC, MI (WAYNE & MACOMB COUNTIES)",1020,"MI WAYNE CNTY","LABORERS  (LIUNA) 334","Jun 1, 2006","23622","1700","PRIVATE"
"AGC, MI (WAYNE & MACOMB COUNTIES)",1021,"MI WAYNE CNTY","LABORERS  (LIUNA) 334","Jun 1, 2006","23622","1700","PRIVATE"
"AGC, MI & INDEPENDENTS-GREATER DETROIT",1472,"MI SOUTH CENTRAL"," (UBC) RC","Jun 1, 2003","23622","5500","PRIVATE"
"AGC, MI & INDEPENDENTS-GREATER DETROIT",1473,"MI SOUTH CENTRAL"," (UBC) RC","Jun 1, 2003","23622","5500","PRIVATE"
"AGC, MI & LENAWEE CONTRACTORS' ASSOCIATION.",877,"MI SOUTH CENTRAL"," (UBC) 1004","May 31, 2003","23621","1200","PRIVATE"
"AGC, MI & LENAWEE CONTRACTORS' ASSOCIATION.",878,"MI SOUTH CENTRAL"," (UBC) 1004","May 31, 2003","23621","1200","PRIVATE"
"AGC, MI & SOUTHWESTERN MI CONTRACTORS ASSOCIATION (BLDG)",1108,"MI SW","LABORERS  (LIUNA) 355","May 31, 2007","23621","1130","PRIVATE"
"AGC, MI & SOUTHWESTERN MI CONTRACTORS ASSOCIATION (BLDG)",1109,"MI SW","LABORERS  (LIUNA) 355","May 31, 2007","23621","1130","PRIVATE"
"AGC, MI & SOUTHWESTERN MICHIGAN CONTRACTORS ASSOCIATION.",1227,"MI SOUTHWEST"," (UBC) MI RC","May 31, 2006","23622","1000","PRIVATE"
"AGC, MI & SOUTHWESTERN MICHIGAN CONTRACTORS ASSOCIATION.",1228,"MI SOUTHWEST"," (UBC) MI RC","May 31, 2006","23622","1000","PRIVATE"
"AGC, MN",1088,"MI, ND, NW, WI"," (OPCMIA) 633","Apr 30, 2014",,,"PRIVATE"
"AGC, MN",1643,"MN","IRON WORKERS AFL-CIO (BSOIW) 512","Apr 30, 2007","23622","1000","PRIVATE"
"AGC, MN",1644,"MN ST PAUL","IRON WORKERS AFL-CIO (BSOIW) 512","Apr 30, 2004","23622","1000","PRIVATE"
"AGC, MN",1645,"MN ST PAUL","IRON WORKERS AFL-CIO (BSOIW) 512","Apr 30, 2004","23622","1000","PRIVATE"
"AGC, MN (HVY-HWY-RR)",1086,"MN MINN-ST PAUL","PLASTERERS AND CEMENT MASONS AFL-CIO (OPCM) 633","Apr 30, 2008","23731","1200","PRIVATE"
"AGC, MN (HVY-HWY-RR)",1087,"MN MINN-ST PAUL","PLASTERERS AND CEMENT MASONS AFL-CIO (OPCM) 633","Apr 30, 2008","23731","1200","PRIVATE"
"AGC, MN (HVY-HWY-RR)",1242,"MN","ENGINEERS, OPERATING, AFL-CIO (IUOE) 49","Apr 30, 2008","23731","4200","PRIVATE"
"AGC, MN (HVY-HWY-RR)",1243,"MN","ENGINEERS, OPERATING, AFL-CIO (IUOE) 49","Apr 30, 2008","23731","4200","PRIVATE"
"AGC, MN (HVY-HWY-RR)",1699,"MN","TEAMSTERS (IBT) 160/TEAMSTERS (IBT) 346","Apr 30, 2009","23731","1000","PRIVATE"
"AGC, MN (HVY-RAILROAD & HVY CONSTRN DIV)",1505,"MN"," (CJA) -","Apr 30, 2008","23622","1000","PRIVATE"
"AGC, MN & MN CONCR & MASONRY CONTR",1083,"MN MINN-ST PAUL","PLASTERERS AND CEMENT MASONS AFL-CIO (OPCM) 633","Apr 30, 2007","23814","1200","PRIVATE"
"AGC, MN & MN CONCR & MASONRY CONTR",1084,"MN MINN-ST PAUL","PLASTERERS AND CEMENT MASONS AFL-CIO (OPCM) 633","Apr 30, 2007","23814","1200","PRIVATE"
"AGC, MN & MN CONCR & MASONRY CONTR (METRO BLDG)",1695,"MN MINNEAPOLIS","LABORERS  (LIUNA) 132","Apr 30, 2007","23622","3500","PRIVATE"
"AGC, MN & MN CONCR & MASONRY CONTR (METRO BLDG)",1696,"MN MINNEAPOLIS","LABORERS  (LIUNA) 132","Apr 30, 2007","23622","3500","PRIVATE"
"AGC, MN & MN CONCRETE & MASONRY CONTRACTOR",1176,"MN ST PAUL","BRICKLAYERS AFL-CIO (BAC) 1","Apr 30, 2007","23814","1500","PRIVATE"
"AGC, MN & MN CONCRETE & MASONRY CONTRACTOR",1177,"MN ST PAUL","BRICKLAYERS AFL-CIO (BAC) 1","Apr 30, 2007","23814","1500","PRIVATE"
"AGC, MN BUILDERS DIVISION",1180,"MN","ENGINEERS, OPERATING, AFL-CIO (IUOE) 49","Apr 30, 2007","23622","1700","PRIVATE"
"AGC, MN BUILDERS DIVISION",1181,"MN","ENGINEERS, OPERATING, AFL-CIO (IUOE) 49","Apr 30, 2007","23622","1750","PRIVATE"
"AGC, MN ET. AL. (HVY-HWY)",1745,"MN","LABORERS  (LIUNA) 0 MINNESOTA-NORTH DAKOTA","Apr 30, 2008","23731","4250","PRIVATE"
"AGC, MN ET. AL. (HVY-HWY)",1746,"MN","LABORERS  (LIUNA) 0 MINNESOTA-NORTH DAKOTA","Apr 30, 2008","23731","4250","PRIVATE"
"AGC, MN, CCA, & MDPA",1178,"MN ST PAUL"," (CCA CJA) RC","Apr 30, 2005","23622","7000","PRIVATE"
"AGC, MN, CCA, & MDPA",1179,"MN ST PAUL"," (UBC) RC","Apr 30, 2007","23622","7000","PRIVATE"
"AGC, MO",1003,"MO","LABORERS  (LIUNA) 424","May 1, 2009",,,"PRIVATE"
"AGC, MO",1004,"MO","LABORERS  (LIUNA) 0 EASTERN MO. LABORERS DIST. COUNCIL","Apr 30, 2014","23731","2500","PRIVATE"
"AGC, MO",1008,"MO","ENGINEERS, OPERATING, AFL-CIO (IUOE) 513","Apr 30, 2009","23731","3000","PRIVATE"
"AGC, MO",1012,"MO"," (CJA) KC & STL DCS","Apr 30, 2010","23731",,"PRIVATE"
"AGC, MO",1013,"MO"," (CJA) -","Apr 30, 2006",,,"PRIVATE"
"AGC, MO",1693,"MO","ENGINEERS, OPERATING, AFL-CIO (IUOE) 513","May 1, 2009",,,"PRIVATE"
"AGC, MO",1694,"MO","ENGINEERS, OPERATING, AFL-CIO (IUOE) 513","Apr 30, 2014","23731","3000","PRIVATE"
"AGC, MO (EXCLUDING. BLDG CONSTRUCTION)",1005,"MO"," (LIUNA) DC & 4 LOCALS","Apr 30, 2010","23731","3000","PRIVATE"
"AGC, MO (EXCLUDING. BLDG CONSTRUCTION)",1006,"MO","LABORERS  (LIUNA) 319","Apr 30, 2006",,,"PRIVATE"
"AGC, MO (EXCLUDING. BLDG CONSTRUCTION)",1007,"MO","ENGINEERS, OPERATING, AFL-CIO (IUOE) 101","Apr 30, 2010","23731","3200","PRIVATE"
"AGC, MO (EXCLUDING. BLDG CONSTRUCTION)",1010,"MO","TEAMSTERS (IBT) 13","Apr 30, 2010","23731","3000","PRIVATE"
"AGC, MO (EXCLUDING. BLDG CONSTRUCTION)",1011,"MO","TEAMSTERS (IBT) 13","Apr 30, 2006",,,"PRIVATE"
"AGC, MO (EXCLUDING. BLDG CONSTRUCTION)",1018,"MO","TEAMSTERS (IBT) 56","Apr 30, 2010","23731","3000","PRIVATE"
"AGC, MO (EXCLUDING. BLDG CONSTRUCTION)",1019,"MO","TEAMSTERS (IBT) 56","Apr 30, 2006",,,"PRIVATE"
"AGC, MO ST. LOUIS",1168,"MO ST. LOUIS","LABORERS  (LIUNA) 110","Mar 1, 2009",,,"PRIVATE"
"AGC, MO ST. LOUIS",1360,"MO ST. LOUIS"," (UBC) ","May 5, 2008",,,"PRIVATE"
"AGC, NJ & C.C.L.E, NEW JERSEY",1040,"NJ"," (BSOIW) VARIOUS LOCALS","Jun 30, 2008","23622","2000","PRIVATE"
"AGC, NJ CONSTRUCTION CONTRACTORS",1470,"NJ","ENGINEERS, OPERATING, AFL-CIO (IUOE) 825","Mar 31, 2008","23622","1000","PRIVATE"
"AGC, NM BUILDING BRANCH",1594,"NM"," (UBC) NM/DC","May 31, 2013","23622","2000","PRIVATE"
"AGC, NM BUILDING BRANCH",1595,"NM"," (CJA) NM DC","May 31, 2010","23622","2000","PRIVATE"
"AGC, NM BUILDING BRANCH",1596,"NM"," (CJA) -","Jan 1, 1800","23622","2000","PRIVATE"
"AGC, NM BUILDING BRANCH",1597,"NM"," (CJA) -","Oct 1, 2003","23622","2000","PRIVATE"
"AGC, NM BUILDING BRANCH",1598,"NM"," (LIUNA) ","Oct 1, 2003",,,"PRIVATE"
"AGC, NM BUILDING BRANCH",1599,"NM","LABORERS  (LIUNA) 16 LOCAL NO.16","May 31, 2013","23622","3000","PRIVATE"
"AGC, NM BUILDING BRANCH",1600,"NM","LABORERS  (LIUNA) 16 LOCAL NO.16","May 31, 2010","23622","3000","PRIVATE"
"AGC, NM BUILDING BRANCH",1601,"NM","LABORERS  (LIUNA) 16 LOCAL NO.16","May 31, 2012","23622","3000","PRIVATE"
"AGC, NM BUILDING BRANCH",1602,"NM","LABORERS  (LIUNA) 16 LOCAL NO.16","May 31, 2012","23622","3000","PRIVATE"
"AGC, NM BUILDING BRANCH",1603,"NM","LABORERS  (LIUNA) 16 LOCAL NO.16","May 31, 2007","23622","2000","PRIVATE"
"AGC, NV",108,"NV","LABORERS  (LIUNA) 872","Jun 30, 2010",,,"PRIVATE"
"AGC, NV",875,"NV"," (CJA) AFFILIATED LOCALS","Jun 30, 2007","23622","5400","PRIVATE"
"AGC, NV - LAS VEGAS - SOUTHERN NV",1614,"NV","LABORERS  (LIUNA) 872","Jun 30, 2010","23622","2000","PRIVATE"
"AGC, NV - NORTHERN CHAPTER",1681,"NV","CARPENTERS IND (CJA) 1789/CARPENTERS IND (CJA) 2035/CARPENTERS IND (CJA) 34/CARPENTERS IND (CJA) 971","Jun 30, 2008","23622","2000","PRIVATE"
"AGC, NV - SOUTHERN NEVADA",1641,"NV","TEAMSTERS (IBT) 631","Jun 30, 2007","23622","1200","PRIVATE"
"AGC, NY",1768,"NY","ENGINEERS, OPERATING, AFL-CIO (IUOE) 158","Mar 31, 2015","23731","1000","PRIVATE"
"AGC, NY",1769,"NY","ENGINEERS, OPERATING, AFL-CIO (IUOE) 158","Mar 31, 2019","23731","1000","PRIVATE"
"AGC, NY - CENTRAL NY REGION",1239,"NY"," (LIUNA) VARIOUS LOCALS","Mar 31, 2007","23731","1000","PRIVATE"
"AGC, NY - CIC, NY",1744,"NY"," (IUOE) VARIOUS LOCALS","Mar 31, 2008","23731","1000","PRIVATE"
"AGC, NY - STATE CHAPTER",1642,"NY"," (IUOE) -","Mar 31, 2008","23731","1000","PRIVATE"
"AGC, NY - WESTERN NY REGION",1225,"NY"," (LIUNA) VARIOUS LOCALS","Jan 31, 2008","23731","1000","PRIVATE"
"AGC, NY - WESTERN NY STATE CHAPTER",970,"NY"," (IUOE) VARIOUS LOCALS","Jan 31, 2009","23731","1000","PRIVATE"
"AGC, NY - WESTERN NY STATE CHAPTER",971,"NY","ENGINEERS, OPERATING, AFL-CIO (IUOE) 17","Mar 31, 2009",,,"PRIVATE"
"AGC, NY AGC, ROCHESTER REGION NY STATE HWY-HVY",1030,"NY"," (LIUNA) -","Mar 31, 2007","23731","1000","PRIVATE"
"AGC, NY ALBANY REGION NY STATE CHAPTER",973,"NY"," (IUOE) VARIOUS LOCALS","Mar 31, 2008","23731","1000","PRIVATE"
"AGC, NY ALBANY REGION NY STATE CHAPTER",1076,"NY","TEAMSTERS (IBT) 294","Mar 31, 2008",,,"PRIVATE"
"AGC, NY ALBANY REGION NY STATE CHAPTER",1725,"NY"," (LIUNA) VARIOUS LOCALS","Mar 31, 2008","23731","1000","PRIVATE"
"AGC, NY CENTRAL NY REG & NY STATE CHAPTER",967,"NY"," (IUOE) VARIOUS LOCALS","Mar 31, 2005","23731","1000","PRIVATE"
"AGC, NY NEW STATE CHAPTER",1521,"NY"," (IUOE) -","Mar 31, 2008","23731","1000","PRIVATE"
"AGC, NY STATE CHAPTER ( LABOR RELATIONS DIVISION) ROCHESTER REGION",921,"NY","ENGINEERS, OPERATING, AFL-CIO (IUOE) 832 ABC","Mar 31, 2008",,,"PRIVATE"
"AGC, NY UTILITY & TRANS. CONSTR. ASSOCIATION",1009,"MO","ENGINEERS, OPERATING, AFL-CIO (IUOE) 513","Apr 30, 2009","23731","3000","PRIVATE"
"AGC, NY WESTERN NY REG. NY STATE CHAPTER",1479,"NY"," (CJA) VARIOUS LOCALS","Mar 31, 2007","23731","1000","PRIVATE"
"AGC, NY- AGC & CONSTR. INDUSTRY COUNCIL",990,"NY"," (LIUNA) VARIOUS LOCALS","Apr 30, 2008","23731","1000","PRIVATE"
"AGC, OH - WEST CENTRAL OHIO DIVISION",1207,"OH","CARPENTERS IND (CJA) 265","May 31, 2007","23622","1000","PRIVATE"
"AGC, OH & SOUTH CENTRAL OHIO",1419,"OH"," (CJA) -","May 31, 2006","23622","1800","PRIVATE"
"AGC, OH BUILDING",1615,"OH"," (IUOE) -","Apr 30, 2007","23622","1300","PRIVATE"
"AGC, OH CENTRAL",1572,"OH","LABORERS  (LIUNA) 423","May 31, 2008","23622","1300","PRIVATE"
"AGC, OH CENTRAL",1573,"OH","LABORERS  (LIUNA) 423","Jan 1, 1800","23622","1300","PRIVATE"
"AGC, OH CINCINNATI DIVISION",1660,"OH"," (CJA) -","May 31, 2007","23622","1300","PRIVATE"
"AGC, OH NORTHWEST",1454,"OH","LABORERS  (LIUNA) 500","Jun 30, 2007","23622","1000","PRIVATE"
"AGC, OR COLUMBIA CHAPTER",1145,"OR , WA"," (CJA) -","May 31, 2006","23622","1300","PRIVATE"
"AGC, OR COLUMBIA CHAPTER",1166,"OR"," (IBT) -","May 31, 2007","23622","1300","PRIVATE"
"AGC, OREGON COLUMBIA CHAPTER",1144,"OR"," (CJA) RC PACIFIC NORTHWEST","May 31, 2016",,,"PRIVATE"
"AGC, OREGON COLUMBIA CHAPTER",1158,"OR, WA"," (IUOE) -","May 31, 2007","23622","1300","PRIVATE"
"AGC, OREGON COLUMBIA CHAPTER (HVY/HWY BLDG)",1143,"OR EAST"," (LIUNA) -","May 31, 2007","23622","1300","PRIVATE"
"AGC, RI",1356,"RI"," (CJA) -","Jun 7, 2009","23622","1000","PRIVATE"
"AGC, SAN DIEGO",1522,"MO","LABORERS  (LIUNA) 89","Jun 30, 2016",,,"PRIVATE"
"AGC, ST LOUIS",1167,"MO","LABORERS  (LIUNA) 110/LABORERS  (LIUNA) 42","Mar 1, 2009","23622","1300","PRIVATE"
"AGC, ST LOUIS",1379,"MO","IRON WORKERS AFL-CIO (BSOIW) 396","Aug 1, 2007",,,"PRIVATE"
"AGC, ST LOUIS & VICINITY",1359,"MO"," (LIUNA) -","May 5, 2008","23622","3500","PRIVATE"
"AGC, ST LOUIS ERECTORS & BUILDING",1380,"MO","IRON WORKERS AFL-CIO (BSOIW) 396","Aug 1, 2007","23622","1200","PRIVATE"
"AGC, TX HOUSTON CHAPTER CONSTRN EMPL ASN OF TX",1421,"TX"," (CJA) -","Mar 31, 2006","23622","1000","PRIVATE"
"AGC, TX HOUSTON CHAPTER CONSTRN EMPL ASN OF TX",1542,"TX"," (BSOIW) -","Mar 31, 2006","23622","1000","PRIVATE"
"AGC, UTILITY & TRANS. CONSTRC. ASN. & AGC, NY",1628,"NJ","LABORERS  (LIUNA) 172/LABORERS  (LIUNA) 472","Feb 28, 2007",,,"PRIVATE"
"AGC, WA",1156,"WI","ENGINEERS, OPERATING, AFL-CIO (IUOE) 139","May 31, 2014","23731","2000","PRIVATE"
"AGC, WA",1449,"WA"," (LIUNA) -","May 31, 2015",,,"PRIVATE"
"AGC, WA",1450,"WA"," (LIUNA) -","Jan 1, 1800",,,"PRIVATE"
"AGC, WA",1451,"WA","LABORERS  (LIUNA) 0 WASHINGTON & NORTHERN IDAHO","May 31, 2018","23731","6000","PRIVATE"
"AGC, WA",1845,"WA"," (OPCM) -","May 31, 2015",,,"PRIVATE"
"AGC, WA (HVY-HWY)",1154,"WA"," (CJA) RC- PACIFIC NW","May 31, 2012","23731","6500","PRIVATE"
"AGC, WA (HVY-HWY)",1155,"WA"," (CJA) ","May 31, 2007",,,"PRIVATE"
"AGC, WA (HVY-HWY)",1410,"WA","ENGINEERS, OPERATING, AFL-CIO (IUOE) 302","May 31, 2010","23731","4000","PRIVATE"
"AGC, WA (HVY-HWY)",1411,"WA","CARPENTERS IND (CJA) 302","May 31, 2007",,,"PRIVATE"
"AGC, WA SEATTLE & TACOMA CHAPTERS (HVY CONSTRUCTION)",1186,"WA","TEAMSTERS (IBT) 174/TEAMSTERS (IBT) 231/TEAMSTERS (IBT) 252/TEAMSTERS (IBT) 313/TEAMSTERS (IBT) 589","May 31, 2018","23731","1000","PRIVATE"
"AGC, WA SEATTLE & TACOMA CHAPTERS (HVY CONSTRUCTION)",1187,"WA","TEAMSTERS (IBT) 174/TEAMSTERS (IBT) 231/TEAMSTERS (IBT) 252/TEAMSTERS (IBT) 313/TEAMSTERS (IBT) 589","May 31, 2007",,,"PRIVATE"
"AGC, WA SEATTLE & TACOMA CHAPTERS (HVY-HWY)",1452,"WA"," (LIUNA) ","May 31, 2007",,,"PRIVATE"
"AGC, WA SEATTLE & TACOMA CHAPTERS (HVY-HWY)",1453,"WA","LABORERS  (LIUNA) 0 WASHINGTON & NORTHERN IDAHO","May 31, 2012","23731","6000","PRIVATE"
"AGC, WA, INLAND NORTHWEST CHAPTER",1697,"WA"," (IOUE) 370","May 31, 2010","23731","1000","PRIVATE"
"AGC, WA, INLAND NORTHWEST CHAPTER",1698,"WA","TEAMSTERS (IBT) 174/TEAMSTERS (IBT) 252/TEAMSTERS (IBT) 313/TEAMSTERS (IBT) 317/TEAMSTERS (IBT) 378/TEAMSTERS (IBT) 589","May 31, 2007",,,"PRIVATE"
"AGC, WA, INLAND NORTHWEST CHAPTER",1706,"WA","TEAMSTERS (IBT) 690","Jan 1, 1800","23731",,"PRIVATE"
"AGC, WA, INLAND NORTHWEST CHAPTER",1707,"WA","TEAMSTERS (IBT) 690","Jan 1, 1800","23731",,"PRIVATE"
"AGC, WA, INLAND NORTHWEST CHAPTER",1708,"WA","TEAMSTERS (IBT) 174/TEAMSTERS (IBT) 231/TEAMSTERS (IBT) 252/TEAMSTERS (IBT) 313/TEAMSTERS (IBT) 589","May 31, 2012","23731","3500","PRIVATE"
"AGC, WA, INLAND NORTHWEST CHAPTER",1712,"WA","LABORERS  (LIUNA) 238/LABORERS  (LIUNA) 348","May 31, 2009","23731","1800","PRIVATE"
"AGC, WA, INLAND NORTHWEST CHAPTER",1713,"WA","LABORERS  (LIUNA) 238/LABORERS  (LIUNA) 348","Jun 1, 2006",,,"PRIVATE"
"AGC, WA, INLAND NORTHWEST CHAPTER",1714,"WA","LABORERS  (LIUNA) 0 WASHINGTON & NORTHERN IDAHO","May 31, 2012","23731","1800","PRIVATE"
"AGC, WA, INLAND NORTHWEST CHAPTER (HVY-HWY)",1690,"WA"," (CJA) NW RC","Jan 1, 1800","23731","2400","PRIVATE"
"AGC, WA, INLAND NORTHWEST CHAPTER (HVY-HWY)",1691,"WA"," (CJA) -","May 31, 2006","23731","2400","PRIVATE"
"AGC, WA, INLAND NORTHWEST CHAPTER (HVY-HWY)",1692,"WA"," (CJA) PACIFIC NORTHWEST RC","May 31, 2012","23731","2400","PRIVATE"
"AGC, WI",933,"WI","ENGINEERS, OPERATING, AFL-CIO (IUOE) 139","May 31, 2017","23731","2000","PRIVATE"
"AGC, WI",934,"WI"," (IUOE) ","May 31, 2008",,,"PRIVATE"
"AGC, WI",935,"WI","ENGINEERS, OPERATING, AFL-CIO (IUOE) 139","May 31, 2014","23731","2000","PRIVATE"
"AGC, WI",939,"WI","ENGINEERS, OPERATING, AFL-CIO (IUOE) 139","May 31, 2011","23731","2000","PRIVATE"
"AGC, WI",2223,"WI","ENGINEERS, OPERATING, AFL-CIO (IUOE) 139","May 31, 2017",,,"PRIVATE"
"AGC, WI - MILW & ALLIED CONSTRUCTION EMPLOYRS (AREA 1)",936,"WI","ENGINEERS, OPERATING, AFL-CIO (IUOE) 139","May 31, 2011","23731","2000","PRIVATE"
"AGC, WI - MILW & ALLIED CONSTRUCTION EMPLOYRS (AREA 1)",937,"WI","ENGINEERS, OPERATING, AFL-CIO (IUOE) 139","May 31, 2016","23731","2000","PRIVATE"
"AGC, WI - MILW & ALLIED CONSTRUCTION EMPLOYRS (AREA 1)",938,"WI","ENGINEERS, OPERATING, AFL-CIO (IUOE) 139","May 31, 2006",,,"PRIVATE"
"AGC, WI,",1428,"WI"," (CJA) -","May 31, 2008","23622","1000","PRIVATE"
"AGC, WI, - GREATER MILWAUKEE & ALLIED CONSTRUCTION EMPLOYERS ASSOCIATION",1366,"WI"," (CJA) -","May 31, 2004","23622","1000","PRIVATE"
"AGC, WISCONSIN",3529,"WI","LABORERS  (LIUNA) 140/LABORERS  (LIUNA) 268/LABORERS  (LIUNA) 330/LABORERS  (LIUNA) 464","May 31, 2017","236220",,"PUBLIC"
"AGC,OH",1079,"OH"," (LABORERS) 265","May 31, 2007",,,"PRIVATE"
"AGENCE FRANCE-PRESSE",2194,"DC"," (WBNG) 32035","Dec 31, 2016",,,"PRIVATE"
"AI FLINT /GENESEE LLC",1942,"MI","AUTO WORKERS AFL-CIO (UAW) 659","Jul 1, 2010","336111","3163","PRIVATE"
"AIMBRIDGE EMPLOYEE SERVICE CORP FOR HYATT REGENCY",1131,"IL","ENGINEERS, OPERATING, AFL-CIO (IUOE) 399","Feb 29, 2020",,"9","PRIVATE"
"AIMBRIDGE EMPLOYEE SERVICE CORP.",2452,"FL","UNITE HERE 737","Jan 24, 2021",,,"PRIVATE"
"AIR CONDITIONING, REFRIGERATION, HEATING, AND PIPING ASSOCIATION, INC. DBA THE MECHANICAL CONTRACTORS ASSOCIATION",1471,"FL","UNITED ASSOCIATION 725","Jul 15, 2022",,,"PRIVATE"
"AIRCONDITIONING, REFRIGERATION AND MECHANICAL CONTRACTORS ASSOCIATION",1414,"CA NORTHERN"," (PPF) -","Aug 31, 2006","23621","1000","PRIVATE"
"AIRCRAFT & MISSILES SYSTEM",2083,"MO, ST. LOUIS","MACHINISTS AFL-CIO (IAM) 837","May 23, 2004","323822","1000","PRIVATE"
"AIRCRAFT & MISSILES SYSTEMS (THE BOEING COMPANY)",324,"MO","MACHINISTS AFL-CIO (IAM) 837","May 23, 2004",,,"PRIVATE"
"AIRO DIE CASTING, INC.",1482,"PA","FACTORY WORKERS 1357","May 15, 2019",,,"PRIVATE"
"AIRPORT CONCESSIONS, LLC DBA VILLAGE PUB AND GRILL",2397,"NV","CULINARY WORKERS UNION/BARTENDERS UNION 226/165","May 31, 2021",,,"PRIVATE"
"AIRWAY MECHANIC AND RELATED EMPLOYEE ASSOCIATION",2082,"DC"," (TWU/IAM) -","Jan 1, 1800","323822","1000","PRIVATE"
"AITKIN COUNTY (WAREHOUSE, DRIVERS)",4133,"MN","TEAMSTERS (IBT) 346 ","Dec 31, 2022",,,"PUBLIC"
"AJW TECHNIQUE, INC.",2088,"FL","MACHINISTS AFL-CIO (IAM) 140","Jan 14, 2018","23731","1000","PRIVATE"
"AK STEEL",2084,"MO, ST. LOUIS","MACHINISTS AFL-CIO (IAM) 837","May 23, 2004","323822","1000","PRIVATE"
"AK STEEL CORPORATION",194,"PA","BUTLER ARMCO INDEPENDENT UNION -","Sep 30, 2006",,,"PRIVATE"
"AK STEEL CORPORATION",195,"KY"," (USW) -","Sep 1, 2005","23731","3000","PRIVATE"
"AK STEEL CORPORATION",1415,"PA"," (-) -","Sep 30, 2006","23731","3000","PRIVATE"
"AKAL SECURITY, INC",3604,"MI","SECURITY POLICE, FIRE PROF, IND (SPFPA) 257","Sep 30, 2016",,,"PUBLIC"
"AKAL SECURITY, INC",3609,"IL","GOVERNMENT SECURITY OFFICERS, IND (UGSOA) 79 ","Sep 30, 2020",,,"PUBLIC"
"AKIMA TECHNICAL SOLUTIONS, LLC",2089,"MD","MACHINISTS AFL-CIO (IAM) 4","Sep 30, 2017","336411","1000","PRIVATE"
"AKRON BOARD OF EDUCATION (TEACHERS)",3210,"OH AKRON"," (AEA-I) ","Jun 30, 2005","611110","1800","PUBLIC"
"AKRON- CANTON FOOD INDUSTRY COMMITTEE (CLERKS)",690,"OH"," (UFCW) -","Sep 11, 2005","23731","3000","PRIVATE"
"ALABAMA POWER CO.",454,"AL"," (IBEW) VARIOUS LOCALS","Aug 14, 2004","221122","1500","PRIVATE"
"ALABAMA POWER CO.",533,"AL"," (IBEW) VARIOUS LOCALS","Aug 15, 2004","22111","1000","PRIVATE"
"ALABAMA POWER CO. (DISTRIBUTION)",452,"AL","ELECTRICAL WORKERS IBEW AFL-CIO (IBEW) 1053/ELECTRICAL WORKERS IBEW AFL-CIO (IBEW) 2077/ELECTRICAL WORKERS IBEW AFL-CIO (IBEW) 345/ELECTRICAL WORKERS IBEW AFL-CIO (IBEW) 391/ELECTRICAL WORKERS IBEW AFL-CIO (IBEW) 796/ELECTRICAL WORKERS IBEW AFL-CIO (IBEW) 801/ELECTRICAL WORKERS IBEW AFL-CIO (IBEW) 833/ELECTRICAL WORKERS IBEW AFL-CIO (IBEW) 841/ELECTRICAL WORKERS IBEW AFL-CIO (IBEW) 904","Aug 15, 2009","221122","1500","PRIVATE"
"ALABAMA POWER CO. (DISTRIBUTION)",453,"AL","ELECTRICAL WORKERS IBEW AFL-CIO (IBEW) 1053/ELECTRICAL WORKERS IBEW AFL-CIO (IBEW) 2077/ELECTRICAL WORKERS IBEW AFL-CIO (IBEW) 345/ELECTRICAL WORKERS IBEW AFL-CIO (IBEW) 391/ELECTRICAL WORKERS IBEW AFL-CIO (IBEW) 796/ELECTRICAL WORKERS IBEW AFL-CIO (IBEW) 801/ELECTRICAL WORKERS IBEW AFL-CIO (IBEW) 833/ELECTRICAL WORKERS IBEW AFL-CIO (IBEW) 841/ELECTRICAL WORKERS IBEW AFL-CIO (IBEW) 904","Aug 15, 2019","221122","1500","PRIVATE"
"ALABAMA POWER CO. (DISTRIBUTION)",534,"AL","ELECTRICAL WORKERS IBEW AFL-CIO (IBEW) 1053/ELECTRICAL WORKERS IBEW AFL-CIO (IBEW) 2077/ELECTRICAL WORKERS IBEW AFL-CIO (IBEW) 345/ELECTRICAL WORKERS IBEW AFL-CIO (IBEW) 391/ELECTRICAL WORKERS IBEW AFL-CIO (IBEW) 796/ELECTRICAL WORKERS IBEW AFL-CIO (IBEW) 801/ELECTRICAL WORKERS IBEW AFL-CIO (IBEW) 833/ELECTRICAL WORKERS IBEW AFL-CIO (IBEW) 841/ELECTRICAL WORKERS IBEW AFL-CIO (IBEW) 904","Aug 15, 2014","22111","1100","PRIVATE"
"ALABAMA POWER CO. (GENERATION)",455,"AL","ELECTRICAL WORKERS IBEW AFL-CIO (IBEW) 1053/ELECTRICAL WORKERS IBEW AFL-CIO (IBEW) 2077/ELECTRICAL WORKERS IBEW AFL-CIO (IBEW) 345/ELECTRICAL WORKERS IBEW AFL-CIO (IBEW) 391/ELECTRICAL WORKERS IBEW AFL-CIO (IBEW) 796/ELECTRICAL WORKERS IBEW AFL-CIO (IBEW) 801/ELECTRICAL WORKERS IBEW AFL-CIO (IBEW) 833/ELECTRICAL WORKERS IBEW AFL-CIO (IBEW) 841/ELECTRICAL WORKERS IBEW AFL-CIO (IBEW) 904","Aug 15, 2014","22111","1100","PRIVATE"
"ALABAMA POWER CO. (GENERATION)",531,"AL","ELECTRICAL WORKERS IBEW AFL-CIO (IBEW) 1053/ELECTRICAL WORKERS IBEW AFL-CIO (IBEW) 2077/ELECTRICAL WORKERS IBEW AFL-CIO (IBEW) 345/ELECTRICAL WORKERS IBEW AFL-CIO (IBEW) 391/ELECTRICAL WORKERS IBEW AFL-CIO (IBEW) 796/ELECTRICAL WORKERS IBEW AFL-CIO (IBEW) 801/ELECTRICAL WORKERS IBEW AFL-CIO (IBEW) 833/ELECTRICAL WORKERS IBEW AFL-CIO (IBEW) 841/ELECTRICAL WORKERS IBEW AFL-CIO (IBEW) 904","Aug 15, 2009","22111","1100","PRIVATE"
"ALABAMA POWER CO. (GENERATION)",532,"AL","ELECTRICAL WORKERS IBEW AFL-CIO (IBEW) 1053/ELECTRICAL WORKERS IBEW AFL-CIO (IBEW) 2077/ELECTRICAL WORKERS IBEW AFL-CIO (IBEW) 345/ELECTRICAL WORKERS IBEW AFL-CIO (IBEW) 391/ELECTRICAL WORKERS IBEW AFL-CIO (IBEW) 796/ELECTRICAL WORKERS IBEW AFL-CIO (IBEW) 801/ELECTRICAL WORKERS IBEW AFL-CIO (IBEW) 833/ELECTRICAL WORKERS IBEW AFL-CIO (IBEW) 841/ELECTRICAL WORKERS IBEW AFL-CIO (IBEW) 904","Aug 15, 2019","22111","1100","PRIVATE"
"ALABAMA POWER CO. (POWER)S",1772,"AL","ELECTRICAL WORKERS IBEW AFL-CIO (IBEW) 1053/ELECTRICAL WORKERS IBEW AFL-CIO (IBEW) 2077/ELECTRICAL WORKERS IBEW AFL-CIO (IBEW) 345/ELECTRICAL WORKERS IBEW AFL-CIO (IBEW) 391/ELECTRICAL WORKERS IBEW AFL-CIO (IBEW) 796/ELECTRICAL WORKERS IBEW AFL-CIO (IBEW) 801/ELECTRICAL WORKERS IBEW AFL-CIO (IBEW) 833/ELECTRICAL WORKERS IBEW AFL-CIO (IBEW) 841/ELECTRICAL WORKERS IBEW AFL-CIO (IBEW) 904","Aug 15, 2019","221122","1500","PRIVATE"
"ALABAMA POWER CO. (POWER)S",1773,"AL","ELECTRICAL WORKERS IBEW AFL-CIO (IBEW) 1053/ELECTRICAL WORKERS IBEW AFL-CIO (IBEW) 2077/ELECTRICAL WORKERS IBEW AFL-CIO (IBEW) 345/ELECTRICAL WORKERS IBEW AFL-CIO (IBEW) 391/ELECTRICAL WORKERS IBEW AFL-CIO (IBEW) 796/ELECTRICAL WORKERS IBEW AFL-CIO (IBEW) 801/ELECTRICAL WORKERS IBEW AFL-CIO (IBEW) 833/ELECTRICAL WORKERS IBEW AFL-CIO (IBEW) 841/ELECTRICAL WORKERS IBEW AFL-CIO (IBEW) 904","Aug 15, 2014","22111","1100","PRIVATE"
"ALACHUA COUNTY BOARD OF CITY COMMISSIONERS",3545,"FL","LABORERS  (LIUNA) 630","Sep 30, 2016","921120",,"PUBLIC"
"ALACHUA COUNTY SCHOOL BOARD (CAREER SERVICE PERSONNEL)",3361,"FL GAINESVILLE"," (AFT) ","Jun 30, 2004","611110","2000","PUBLIC"
"ALACHUA COUNTY SCHOOL BOARD (TEACHERS)",3360,"FL GAINESVILLE"," (AFT) ","Jul 31, 2006","611110","1900","PUBLIC"
"ALAMEDA CONTRA COSTA TRANSIT AUTHORITY (DRIVERS)",3384,"CA OAKLAND","TRANSIT UNION AFL-CIO (ATU) 192","Jun 30, 2004","485111","1500","PUBLIC"
"ALAMEDA COUNTY (MULTIDEPARTMENT UNIT)",3093,"CA OAKLAND","SERVICE EMPLOYEES (SEIU) 250 HEALTH CARE WORKERS UNION/SERVICE EMPLOYEES (SEIU) 535","Jul 5, 2004","921190","6500","PUBLIC"
"ALAMEDA COUNTY (OFFICE EMPLOYEES)/ALAMEDA COUNTY ELECTRICAL JATC/ALAMEDA LABOR COUNCIL/AMALGAMATED TRANSIT UNION LOCAL 1555/BUILDING / CONSTRUCTION TRADES COUNCIL OF ALAMEDA",4654,"CA","OFFICE AND PROFESSIONAL EMPLS AFL-CIO (OPEIU) 29 ","Jun 30, 2024",,,"PUBLIC"
"ALASKA AIRLINES, INC.",2077,"ALASKA"," (IAM) -","Dec 31, 2018","48111","1000","PRIVATE"
"ALASKA COMMUNICATIONS SYSTEMS HOLDINGS, INC.",4006,"AK","ELECTRICAL WORKERS IBEW AFL-CIO (IBEW) 1547 ","Dec 31, 2023",,,"PRIVATE"
"ALASKA NURSES ASSOCIATION",3534,"AK"," (AFT) -","May 6, 2020","423320",,"PUBLIC"
"ALASKA STATE (GENERAL GOVT)",2683,"AK JUNEAU"," (AFSCME) ASEA52","Jun 30, 2007","921190","8500","PUBLIC"
"ALASKA STATE (LABOR TRADES AND CRAFTS)",2682,"AK JUNEAU"," (LIUNA) PE 71","Dec 31, 2006","921190","1600","PUBLIC"
"ALASKA STATE (SUPERVISORS UNIT)",2615,"AK JUNEAU"," (AFT) APEA","Jun 30, 2007","921190","1200","PUBLIC"
"ALASKA, STATE OF (SUPERVISORY UNIT)",4718,"AK","TEACHERS AFL-CIO (AFT) 5200 ALASKA PUBLIC EMPLOYEES ASSOCIATION","Jun 30, 2024",,,"PUBLIC"
"ALASKA, UNIVERSITY OF (CRAFTS AND TRADES EMPLOYEES)",4711,"AK","TEACHERS AFL-CIO (AFT) 5200 ALASKA PUBLIC EMPLOYEES ASSOCIATION","Jun 30, 2026",,,"PUBLIC"
"ALASKA, UNIVERSITY OF (FULL-TIME RESEARCH FACULTY)",2690,"AK"," (AFT/AAUP) UA","Dec 31, 2006","611310","1000","PUBLIC"
"ALASKA, UNIVERSITY OF (MAINTENANCE, TRADE, CRAFT AND CUSTODIAL)",4685,"AK","ALASKA HIGHER EDUCATION CRAFTS AND TRADES EMPLOYEES 6070/TEACHERS AFL-CIO (AFT) 5200 ALASKA PUBLIC EMPLOYEES ASSOCIATION","Dec 31, 2018",,,"PUBLIC"
"ALASKAN COPPER WORKS",2607,"WA","BOILERMAKERS AFL-CIO (BBF) 104","May 1, 2011","316999","1000","PUBLIC"
"ALBERT EINSTEIN MEDICAL CENTER",4036,"PA","ENGINEERS, OPERATING, AFL-CIO (IUOE) 835 ","Jan 31, 2022",,,"PRIVATE"
"ALBERTA CARPENTERS TRAINING CENTRE",4866,"CAN","CANADIAN OFFICE AND PROFESSIONAL EMPLOYEES UNION (COPE) 397","Apr 30, 2025",,,"PRIVATE"
"ALBERTSON'S INCORPORATED",662,"CA"," (UFCW) ","Sep 11, 2004","445110","2000","PRIVATE"
"ALBERTSON'S INCORPORATED (GROCERY CLERKS)",679,"CO","FOOD AND COMMERCIAL WKRS (UFCW) 7 R","Sep 14, 2013","445110","2000","PRIVATE"
"ALBERTSON'S LLC",2011,"CO","FOOD AND COMMERCIAL WKRS (UFCW) 7 R","Jan 1, 1800","445110","2000","PRIVATE"
"ALBERTSON'S LLC (COLORADO SPRINGS - CLERK AGREEMENT)",2009,"CO","FOOD AND COMMERCIAL WKRS (UFCW) 7 R","Sep 14, 2013","445110","2000","PRIVATE"
"ALBERTSON'S LLC (COLORADO SPRINGS - MEAT AGREEMENT)",2012,"CO","FOOD AND COMMERCIAL WKRS (UFCW) 7 R","Nov 16, 2013","445110","2000","PRIVATE"
"ALBERTSON'S LLC (DENVER- MEAT AGREEMENT)",2013,"CO","FOOD AND COMMERCIAL WKRS (UFCW) 7 R","Sep 14, 2013","445110","2000","PRIVATE"
"ALBERTSON'S LLC (GRAND JUNCTION- CLERK AGREEMENT)",2010,"CO","FOOD AND COMMERCIAL WKRS (UFCW) 7 R","Nov 16, 2013","445110","2000","PRIVATE"
"ALBERTSON'S LLC (GRAND JUNCTION- MEAT AGREEMENT)",2014,"CO","FOOD AND COMMERCIAL WKRS (UFCW) 7 R","Nov 25, 2013","445110","2000","PRIVATE"
"ALBERTSON'S LLC (LAS VEGAS, NV)",666,"NV LAS VEGAS","FOOD AND COMMERCIAL WKRS (UFCW) 711","Feb 29, 2008","445110","5000","PRIVATE"
"ALBERTSONS INC.",2212,"CA","FOOD AND COMMERCIAL WKRS (UFCW) 135","Mar 6, 2016",,,"PRIVATE"
"ALBERTSONS LLC",1846,"CO","FOOD AND COMMERCIAL WKRS (UFCW) 7 R","Jan 1, 1800","445110","2000","PRIVATE"
"ALBERTSONS, LLC (PHARMACISTS)/VONS COMPANIES, INC.",4780,"CA","FOOD AND COMMERCIAL WKRS (UFCW) 1167 /FOOD AND COMMERCIAL WKRS (UFCW) 135 /FOOD AND COMMERCIAL WKRS (UFCW) 1428 /FOOD AND COMMERCIAL WKRS (UFCW) 1442 /FOOD AND COMMERCIAL WKRS (UFCW) 324 /FOOD AND COMMERCIAL WKRS (UFCW) 770 /FOOD AND COMMERCIAL WKRS (UFCW) 8 GS GOLDEN STATE","Mar 1, 2026",,,"PRIVATE"
"ALBERTSONS, LLC (RETAIL, GENERAL MERCHANDISE)/VONS COMPANIES, INC.",4781,"CA","FOOD AND COMMERCIAL WKRS (UFCW) 1167 /FOOD AND COMMERCIAL WKRS (UFCW) 135 /FOOD AND COMMERCIAL WKRS (UFCW) 1428 /FOOD AND COMMERCIAL WKRS (UFCW) 1442 /FOOD AND COMMERCIAL WKRS (UFCW) 324 /FOOD AND COMMERCIAL WKRS (UFCW) 770 /FOOD AND COMMERCIAL WKRS (UFCW) 8 GS GOLDEN STATE","Mar 6, 2022",,,"PRIVATE"
"ALBUQUERQUE MUNICIPAL SCHOOL DISTRICT 12 (ASSISTANTS)",3344,"NM ALBUQUERQUE"," (AFT,APS) AEAA","Jan 1, 1800","611110","1700","PUBLIC"
"ALBUQUERQUE MUNICIPAL SCHOOL DISTRICT 12 (ASSISTANTS)",3345,"NM ALBUQUERQUE"," (AFT) AEAA","Jul 1, 2005",,"1700","PUBLIC"
"ALBUQUERQUE, CITY OF (COMMUNITY SAFETY DEPARTMENT)",4868,"NM","COMMUNICATIONS WORKERS AFL-CIO (CWA) ","Jun 30, 2027",,,"PUBLIC"
"ALCOA USA, CORP.",4657,"NY, IN","STEELWORKERS, AFL-CIO (USW) 07 104 T /STEELWORKERS, AFL-CIO (USW) 4 420 A ","May 15, 2026",,,"PRIVATE"
"ALCOA, INC",207,"OH","AUTO WORKERS AFL-CIO (UAW) 1050","Sep 29, 2001","23731","2438","PRIVATE"
"ALCOA, INC",208,"OH","AUTO WORKERS AFL-CIO (UAW) 1050","Sep 29, 2006","23731","2438","PRIVATE"
"ALCOA, INC",209,"TN, NC, AK, AL, TX"," (USW) -","May 31, 2006","23731","2438","PRIVATE"
"ALCOA, INC",210,"IA, IN, PA, NY"," (USW) -","May 31, 2006","23731","2438","PRIVATE"
"ALCOA, INC CLEVELAND WORKS",3664,"OH","AUTO WORKERS AFL-CIO (UAW) 1050","Sep 29, 2006","23731","2438","PRIVATE"
"ALCOA, INC. (MASSENA)",4658,"NY, IN, PA, IA,","STEELWORKERS, AFL-CIO (USW) 07 104 S /STEELWORKERS, AFL-CIO (USW) 07 115 /STEELWORKERS, AFL-CIO (USW) 4 420 A ","May 31, 2006",,,"PRIVATE"
"ALLEGANY HEALTH, NURSING AND REHABILITATION",4709,"MD","STATE COUNTY AND MUNI EMPLS AFL-CIO (AFSCME) 2655 ALLEGANY HEALTH & REHABILITATION/STATE COUNTY AND MUNI EMPLS AFL-CIO (AFSCME) 3 MARYLAND STATE & UNIVERSITY EMPLOYEES","Jun 30, 2027",,,"PRIVATE"
"ALLEGHENY COUNTY COMMUNITY COLLEGE",2048,"PA"," (SEIU) 668","Aug 31, 2012","62211","1000","PRIVATE"
"ALLEGHENY COUNTY PORT AUTHORITY (OPRTRS & MECHS)",3387,"PA PITTSBURGH"," (ATU) ","Nov 30, 2001","485113","2700","PUBLIC"
"ALLEGHENY ENERGY",481,"PA"," (UWUA) -","May 1, 2006",,,"PRIVATE"
"ALLEGHENY ENERGY",482,"PA"," (UWUA) 102","May 1, 2011","221121","1100","PRIVATE"
"ALLEGHENY GENERAL HOSPITAL",797,"PA"," (SEIU) -","Oct 13, 2006","221121","1100","PRIVATE"
"ALLEGHENY LUDLUM CORPORATION",193,"PA"," (USW) -","Jul 1, 2007","221121","1100","PRIVATE"
"ALLIANCE OF MOTION PICTURE & TV PRODUCERS, INC",777,"NATIONAL"," (AFM) -","Feb 15, 2005","483111","4500","PRIVATE"
"ALLIANCE OF MOTION PICTURE & TV PRODUCERS, INC",789,"NATIONAL"," (WGA) -","May 1, 2004","23661","2000","PRIVATE"
"ALLIANCE OF MOTION PICTURE & TV PRODUCERS, INC",790,""," ","May 1, 2004",,,"PRIVATE"
"ALLIANCE OF MOTION PICTURE & TV PRODUCERS, INC",845,"NATIONAL"," (AFM) -","Feb 15, 2005","483111","3000","PRIVATE"
"ALLIANCE OF MOTION PICTURE & TV PRODUCERS, INC",3662,"NATIONAL"," (SAG) -","Jun 30, 2004","483111","4500","PRIVATE"
"ALLIANCE OF MOTION PICTURE AND TELEVISION PRODUCERS (ON BEHALF OF THE COMPANIES)/IT'S POSSIBLE PRODUCTIONS, LLC",4536,"NY","STAGE AND PICTURE OPERATORS AFL-CIO (IATSE) ","Sep 30, 2021",,,"PRIVATE"
"ALLIED BARTON SECURITY SERVICES, LLC",2106,"MULTIPLE","PLANT PROTECTION ASSOCIATION NATIONAL (PPAN) 117 ","Dec 31, 2018","561612",,"PRIVATE"
"ALLIED BLDG METAL INDUSTRIES (ORNAMENTAL)",1377,"NY"," (BSOIW) -","Jun 30, 2005","23661","2000","PRIVATE"
"ALLIED BLDG METAL INDUSTRIES (STRUCTURAL)",1376,"NY"," (BSOIW) -","Jun 30, 2005","23661","2000","PRIVATE"
"ALLIED CONSTRUCTION EMPLOYERS ASSOC INC & AGC OF GREATER MILWAUKEE",3541,"WI","LABORERS  (LIUNA) 113","May 31, 2017","236220",,"PUBLIC"
"ALLIED CONSTRUCTION EMPLOYERS ASSOCIATION",1070,"WI"," (CJA) ACEA, AGC, CHICAGO RC","May 31, 2017","23661","2000","PRIVATE"
"ALLIED CONSTRUCTION EMPLOYERS ASSOCIATION",1071,"WI"," (CJA) ","May 31, 2014","23661","2000","PRIVATE"
"ALLIED CONSTRUCTION EMPLOYERS ASSOCIATION INC.",1069,"WI"," (CJA) -","Mar 31, 2004","23661",,"PRIVATE"
"ALLIED CONSTRUCTION EMPLOYERS ASSOCIATION THE FLOOR COVERERS ASSOCIATION OF SOUTHEASTERN WISCONSIN",1367,"WI"," (UBC) ","May 31, 2004",,,"PRIVATE"
"ALLIED DIVISION, DELAWARE CONTRACTORS ASSOCIATION, INC.",2255,"DE","TEAMSTERS (IBT) 326 GENERAL TEAMSTERS","Jul 31, 2020",,,"PRIVATE"
"ALLIED EMPLOYEES, INC.",564,"WA"," (IBT) -","Aug 4, 2007","23661","2000","PRIVATE"
"ALLIED EMPLOYEES, INC.",594,"WA"," (UFCW) -","Apr 8, 2006","23661","2000","PRIVATE"
"ALLIED EMPLOYEES, INC.",595,"WA","FOOD AND COMMERCIAL WKRS (UFCW) 1439","Apr 7, 2006",,,"PRIVATE"
"ALLIED EMPLOYEES, INC.",602,"WA"," (UFCW) -","May 5, 2007","23661","2000","PRIVATE"
"ALLIED EMPLOYEES, INC.",607,"WA"," (UFCU) -","May 5, 2007",,,"PRIVATE"
"ALLIED EMPLOYEES, INC.",608,"WA"," (UFCW) -","May 5, 2007","23661","2000","PRIVATE"
"ALLIED EMPLOYEES, INC.",658,"WA"," (UFCW) -","May 5, 2007","23661","2000","PRIVATE"
"ALLIED EMPLOYERS, INC.",2201,"WA","FOOD AND COMMERCIAL WKRS (UFCW) 21","Aug 6, 2016",,,"PRIVATE"
"ALLIED EMPLOYERS, INC.",2427,"WA","FOOD AND COMMERCIAL WKRS (UFCW) 81","May 1, 2010",,,"PRIVATE"
"ALLIED EMPLOYERS, INC./SAFEWAY, INC. - SPOKANE (GROCERY)",4796,"WA","FOOD AND COMMERCIAL WORKERS (UFCW) 1439/FOOD AND COMMERCIAL WKRS (UFCW) ","Jan 20, 2024",,,"PRIVATE"
"ALLINA HOSPITALS & CLINICS - UNITED HOSPITAL",757,"MN"," (MNA) -","May 31, 2007","23661","2000","PRIVATE"
"ALLINGHAM CORPORATION",2577,"MI","ENGINEERS, OPERATING, AFL-CIO (IUOE) 324","May 31, 2022",,,"PRIVATE"
"ALON USA GP",1965,"TX","ENGINEERS, OPERATING, AFL-CIO (IUOE) 351","Mar 31, 2015","23731","2438","PRIVATE"
"ALPHA-OMEGA CHANGE ENGINEERING, INC (AOCE)",2480,"NY"," (SATEA) ","Sep 30, 2020",,,"PRIVATE"
"ALPHA-OMEGA CHANGE ENGINEERING, INC (AOCE)",2481,"CA","MACHINISTS AFL-CIO (IAM) 25","Jul 1, 2020",,,"PRIVATE"
"ALPHA-OMEGA CHANGE ENGINEERING, INC (AOCE)",2482,"CA","MACHINISTS AFL-CIO (IAM) 821","Aug 31, 2020",,,"PRIVATE"
"ALPHA-OMEGA CHANGE ENGINEERING, INC (AOCE)",2483,"NC","MACHINISTS AFL-CIO (IAM) 110/MACHINISTS AFL-CIO (IAM) 2296","Mar 31, 2020",,,"PRIVATE"
"ALPHA-OMEGA CHANGE ENGINEERING, INC (AOCE)",2485,"NM"," (HATEA) ","Jul 31, 2020",,,"PRIVATE"
"ALPHA-OMEGA CHANGE ENGINEERING, INC (AOCE) (KIRTLAND AFB)",2484,"NM","MACHINISTS AFL-CIO (IAM) 794","Sep 30, 2020",,,"PRIVATE"
"ALSCO - RICHMOND",2541,"VA"," (WU) MID ATLANTIC REGIONAL","Jan 31, 2022",,,"PRIVATE"
"ALSCO RALEIGH, N.C.",4617,"NC","WORKERS UNITED, SEIU (WU) 2535 ","Jan 16, 2025",,,"PRIVATE"
"ALSCO, INC.",2308,"NV"," (CWU) 226","Mar 31, 2020",,,"PRIVATE"
"ALSCO, INC. (SAN FRANCISCO, CA)",850,"CA","WESTERN STATES REGIONAL JOINT BOARD 75","Dec 31, 2017",,"61","PRIVATE"
"ALTOL PETROLEUM PRODUCTS SERVICE, INC. (SPANISH / ESPAÑOL VERSION)",3781,"PR","TEAMSTERS (IBT) 901 ","Aug 1, 2025",,,"PRIVATE"
"ALTUS TECHNOLOGY SOLUTIONS, LLC (USAF MOODY - GRAND BAY)",4336,"GA","MACHINISTS AFL-CIO (IAM) 131 /MACHINISTS AFL-CIO (IAM) 2699 ","Aug 19, 2026",,,"PRIVATE"
"AM GENERAL CORP.",353,"IN MISHAWAKA","AUTO WORKERS AFL-CIO (UAW) 5","Sep 28, 2005","336112","950","PRIVATE"
"AMALGAMATED SUGAR CO.",61,"ID OR"," (BCTGM) 282,283,284,290","Jul 31, 2008","311313","1275","PRIVATE"
"AMANA REFRIGERATION PRODUCTS",278,"IA AMANA","MACHINISTS AFL-CIO (IAM) 1526","Sep 22, 2007","335222","2250","PRIVATE"
"AMANDA-CLEARCREEK BOARD OF EDUCATION",4144,"OH","TEAMSTERS (IBT) 284 ","Jun 30, 2023",,,"PUBLIC"
"AMANDA-CLEARCREEK SCHOOL DISTRICT BOARD  OF EDUCATION",4208,"OH","TEAMSTERS (IBT) 284 ","Jun 30, 2023",,,"PUBLIC"
"AMENTUM SERVICES, INC.",4840,"NV","SECURITY POLICE ASSOCIATION OF NEVADA (SPAN) ","Sep 30, 2027",,,"PRIVATE"
"AMENTUM SERVICES, INC. (FIRE DEPARTMENT)",4485,"TN","FIRE FIGHTERS AFL-CIO (IAFF) /METAL TRADES DEPT AFL-CIO (MTD) AIR ENGINEERING","Jun 30, 2028",,,"PRIVATE"
"AMERICA'S CENTRAL PORT DISTRICT",4492,"IL","ENGINEERS, OPERATING, AFL-CIO (IUOE) 399 ","Oct 31, 2024","926110","12","PRIVATE"
"AMERICAN AIRLINES, INC. (FLEET SERVICES)",4885,"MULTIPLE","MACHINISTS AFL-CIO (IAM) /TRANSPORT WORKERS AFL-CIO (TWU) ","Jun 26, 2027",,,"PRIVATE"
"AMERICAN AIRLINES, INC. (LOGISTICS SPECIALISTS)",4882,"MULTIPLE","MACHINISTS AFL-CIO (IAM) /TRANSPORT WORKERS AFL-CIO (TWU) ","Mar 26, 2025",,,"PRIVATE"
"AMERICAN AXLE & MANUFACTURING, INC (INCLUDES SUPP.AGR)",1101,"MI, NY","AUTO WORKERS AFL-CIO (UAW) 2093/AUTO WORKERS AFL-CIO (UAW) 235/AUTO WORKERS AFL-CIO (UAW) 262/AUTO WORKERS AFL-CIO (UAW) 424/AUTO WORKERS AFL-CIO (UAW) 846","Feb 25, 2008","336350","6700","PRIVATE"
"AMERICAN BUILDING MAINTENANCE CO",724,"WA SEATTLE","SERVICE EMPLOYEES (SEIU) 6","Jun 30, 2008","56172","1800","PRIVATE"
"AMERICAN CARBONYL, LLC/ISP CHEMICALS, LLC",4349,"AL","UNITED STEEL, PAPER & FORESTRY, RUBBER, MANUFACTURING, ENERGY, ALLIED INDUSTRIAL & SERVICE WORKERS INTERNATIONAL UNION 881 ","Feb 12, 2023","325199","12","PRIVATE"
"AMERICAN CIVIL LIBERTY UNION FOUNDATION",1916,"NY"," (UAW) 2110","Mar 31, 2008",,,"PRIVATE"
"AMERICAN COMPOSERS ORCHESTRA, INC.",4717,"NY","MUSICIANS AFL-CIO (AFM) 802 ","Sep 11, 2024",,,"PRIVATE"
"AMERICAN CRAFT BREWERY, LLC DBA SAMUEL ADAMS CINCINNATI BREWERY",2098,"PA","TEAMSTERS (IBT) 1199","Apr 7, 2025","312120","65","PRIVATE"
"AMERICAN CRYSTAL SUGAR CO.",60,"MN"," (BCTGM) 264, 265, 266, 267, 269, 326, 372","Jul 31, 2011","311313","2300","PRIVATE"
"AMERICAN DRUG STORES (FORMERLY OSCO DRUG)",707,"IL IN","FOOD AND COMMERCIAL WKRS (UFCW) 881","Aug 8, 2004","446110","5000","PRIVATE"
"AMERICAN FEDERATION OF GOVERNMENT EMPLOYEES",3795,"DC","COMMUNICATIONS WORKERS OF AMERICA 2385 ","Feb 1, 2020",,,"PRIVATE"
"AMERICAN FEDERATION OF GOVERNMENT EMPLOYEES (AFGE)",3760,"DC","OFFICE AND PROFESSIONAL EMPLS AFL-CIO (OPEIU) 2 ","Oct 31, 2019",,,"PRIVATE"
"AMERICAN FEDERATION OF LABOR AND CONGRESS OF INDUSTRIAL ORGANIZATIONS",2175,"DC"," (NGCWA) 32035","Mar 31, 2018",,,"PRIVATE"
"AMERICAN FEDERATION OF MUSICIANS LOCAL 325",4481,"CA","OFFICE AND PROFESSIONAL EMPLS AFL-CIO (OPEIU) 537 ","Feb 28, 2029",,,"PRIVATE"
"AMERICAN FEDERATION OF MUSICIANS LOCAL 325",4072,"CA","OFFICE AND PROFESSIONAL EMPLS AFL-CIO (OPEIU) 537 ","Feb 29, 2024",,,"PRIVATE"
"AMERICAN FEDERATION OF STATE COUNTY MUNICIPAL EMPLOYEES (AFSCME) OHIO COUNCIL 8",4613,"OH","OHIO COUNCIL 8 STAFF EMPLOYEES UNION OHIO COUNCIL 8 STAFF EMPLOYEES/STATE COUNTY AND MUNI EMPLS AFL-CIO (AFSCME) 8 OHIO","Jan 31, 2027",,"7","PUBLIC"
"AMERICAN FEDERATION OF TEACHERS (NEW MEXICO)",4476,"NM","MACHINISTS AFL-CIO (IAM) 794 ","Jun 30, 2027",,,"PRIVATE"
"AMERICAN HOME PRODUCTS CORPORATION",154,"NY"," (ICWU) 143","Jan 15, 2008",,,"PRIVATE"
"AMERICAN MARINE CORPORATION",1741,"HI","ENGINEERS, OPERATING, AFL-CIO (IUOE) 3","Aug 31, 2024","237990","12","PRIVATE"
"AMERICAN MARITIME ASSOCIATION",400,"NATIONAL"," (SIU) -","Jun 15, 2006","483111","4500","PRIVATE"
"AMERICAN MARITIME ASSOCIATION. (FREIGHTSHIP)",399,"NATIONAL"," (SIU) -","Jun 15, 2006","483111","4500","PRIVATE"
"AMERICAN NATIONAL INSURANCE CO OF GALVESTON TX",710,"TX"," (UFCW) -","May 4, 2007","524113","1240","PRIVATE"
"AMERICAN NATIONAL INSURANCE COMPANY",711,"NATIONAL"," (UFCW) -","Oct 4, 2015","524113","1240","PRIVATE"
"AMERICAN NATIONAL INSURANCE COMPANY",712,"TX"," (UFCW) -","May 4, 2010","524113","1240","PRIVATE"
"AMERICAN NATIONAL INSURANCE COMPANY",713,"NATIONAL"," (UFCW) -","May 4, 2010","524113","1240","PRIVATE"
"AMERICAN NATIONAL RED CROSS/AMERICAN RED CROSS/RED CROSS",4871,"MULTIPLE","AUTO WORKERS AFL-CIO (UAW) /COALITION OF AMERICAN RED CROSS UNIONS (COARCU) /COMMUNICATIONS WORKERS AFL-CIO (CWA) /FOOD AND COMMERCIAL WKRS (UFCW) /SERVICE EMPLOYEES (SEIU) /STATE COUNTY AND MUNI EMPLS AFL-CIO (AFSCME) /STEELWORKERS, AFL-CIO (USW) /TEACHERS AFL-CIO (AFT) /TEAMSTERS (IBT) ","Sep 30, 2018",,,"PRIVATE"
"AMERICAN NURSES ASSOCIATION",2176,"DC"," (WBNG) 32035","Feb 14, 2018",,,"PRIVATE"
"AMERICAN ORDNANCE LLC - IOWA AMMUNITION PLANT (CRAFTS)",1295,"IA","ENGINEERS, OPERATING, AFL-CIO (IUOE) 150","Aug 19, 2022",,,"PRIVATE"
"AMERICAN ORDNANCE LLC - IOWA AMMUNITION PLANT (MACHINISTS)",1286,"IA","MACHINISTS AFL-CIO (IAM) 1010","Aug 19, 2022",,,"PRIVATE"
"AMERICAN ORDNANCE LLC - IOWA AMMUNITION PLANT (OP. ENG.)",1283,"IA"," (VARIOUS) VARIOUS","Aug 19, 2022",,,"PRIVATE"
"AMERICAN POSTAL WORKERS UNION",2177,"DC"," (WBNG) 32035","May 1, 2015",,,"PRIVATE"
"AMERICAN RENOLIT CORPORATION",3737,"NJ","STEELWORKERS, AFL-CIO (USW) ","Apr 23, 2024",,,"PRIVATE"
"AMERICAN STEEL FOUNDRIES",204,"IL","STEELWORKERS, AFL-CIO (USW) 07 1063 S","Sep 29, 2007","331513","1200","PRIVATE"
"AMERICAN UNIVERSITY",4139,"DC","SERVICE EMPLOYEES (SEIU) 500 ","Aug 31, 2025",,,"PRIVATE"
"AMERICAN UNIVERSITY (PROVOST ENROLLMENT STAFF)",4745,"DC","SERVICE EMPLOYEES (SEIU) 500 ","Sep 15, 2024",,,"PRIVATE"
"AMERITECH",421,"IL, IN","ELECTRICAL WORKERS IBEW AFL-CIO (IBEW) 165/ELECTRICAL WORKERS IBEW AFL-CIO (IBEW) 188/ELECTRICAL WORKERS IBEW AFL-CIO (IBEW) 336/ELECTRICAL WORKERS IBEW AFL-CIO (IBEW) 383/ELECTRICAL WORKERS IBEW AFL-CIO (IBEW) 399","Jun 28, 2003",,,"PRIVATE"
"AMG ALUMINUM, WENATCHEE PLANT",4028,"WA","STEELWORKERS, AFL-CIO (USW) 11 315 A ","Aug 27, 2022",,,"PRIVATE"
"AMICK METAL FABRICATORS, INC.",1806,"WA","BOILERMAKERS AFL-CIO (BBF) 104","Oct 1, 2010","238390","1000","PRIVATE"
"AMNESTY INTERNATIONAL USA, INC",4600,"NY","COMMUNICATIONS WORKERS AFL-CIO (CWA) 1180 ","Dec 31, 2024",,,"PRIVATE"
"AMPHENOL AEROSPACE OPERATIONS",284,"NY SIDNEY","MACHINISTS AFL-CIO (IAM) 1529","Oct 26, 2007","335931","1100","PRIVATE"
"AMPHENOL AEROSPACE OPERATIONS",285,"NY SIDNEY","MACHINISTS AFL-CIO (IAM) 1529","Oct 22, 2010","335931","1100","PRIVATE"
"AMPHENOL AEROSPACE OPERATIONS",286,"NY SIDNEY","MACHINISTS AFL-CIO (IAM) 1529","Oct 25, 2013","335931","1100","PRIVATE"
"AMPTP (BASIC CABLE & TV)",773,"NATIONAL"," (DGA) -","Jun 30, 2005",,,"PRIVATE"
"AMPTP (CODIFIED BASIC)",770,"CA"," (SAG) -","Jun 30, 2008","51211","34500","PRIVATE"
"AMPTP (CODIFIED BASIC)",771,"CA"," (SAG) -","Jun 30, 2004",,,"PRIVATE"
"AMPTP (TV)",769,"CA"," (SAG) -","Jun 30, 2008","51211","34500","PRIVATE"
"AMPTP (VIDEOTAPE ELECTRONICS SUPPLEMENTAL BASIC)",774,"NATIONAL"," (IATSE) -","Sep 30, 2006","51211","29000","PRIVATE"
"AMSCO SCHOOL PUBLICATIONS",1918,"NY"," (UAW) 2110","Mar 31, 2013","813319","2771","PRIVATE"
"ANA-AAAA JOINT POLICY COMMITTEE ON BROADCAST TALENT RELATIONS",792,"NATIONAL"," (SAG) -","Oct 29, 2006",,,"PRIVATE"
"ANACORTES, CITY OF (MUNICIPAL)",4074,"WA","TEAMSTERS (IBT) 231 ","Dec 31, 2022",,,"PUBLIC"
"ANACORTES, CITY OF (MUNICIPAL)",4240,"WA","TEAMSTERS (IBT) 231 ","Dec 31, 2022",,,"PUBLIC"
"ANAHEIM CITY SCHOOL DISTRICT (CERTIFICATED)",2814,"CA ANAHEIM"," (NEA) AEEA","Jun 30, 2004","611110","1000","PUBLIC"
"ANB CONCESSIONS, LLC DBA WENDY'S AND LAYOVER BAR",2396,"NV","CULINARY WORKERS UNION/BARTENDERS UNION 226/165","May 31, 2021",,,"PRIVATE"
"ANCHOR GLASS CONTAINER CORPORATION (AUTO MACHINE DEPT.)",184,"FL"," (GMP, CLC) -","Mar 31, 2013","327213","1900","PRIVATE"
"ANCHOR GLASS CONTAINER CORPORATION (AUTO MACHINE DEPT.)",185,"FL"," (GMP, CLC) -","Mar 31, 2008",,,"PRIVATE"
"ANCHOR GLASS CONTAINER CORPORATION (MOLD MAKING DEPARTMENT)",1214,"GA"," (USW) ","Aug 31, 2017",,,"PRIVATE"
"ANCHOR GLASS CONTAINER CORPORATION (MOLD MAKING DEPT)",1564,"FL TAMPA"," (AFGW) 10 LOCALS","Aug 31, 2005","327213","1500","PRIVATE"
"ANCHOR GLASS CONTAINER CORPORATION (PRODUCTION & MAINTENANCE DEPT.)",183,"FL"," (GMP, CLC) -","Mar 31, 2008","327213","1900","PRIVATE"
"ANCHOR HOCKING CORP.",176,"OH LANCASTER"," (AFGW) 73","Sep 30, 2005","327212","1100","PRIVATE"
"ANCHOR HOCKING, LLC. (FORMERLY PHOENIX GLASS PLANT)",3893,"PA","SERVICE EMPLOYEES (SEIU) /STEELWORKERS, AFL-CIO (USW) 10 36 /STEELWORKERS, AFL-CIO (USW) 10 512 T ","Sep 30, 2023",,,"PRIVATE"
"ANCHOR HOCKING, LLC. MONACA FACILITY FORMELY PHOENIX GLASS PLANT",2584,"PA","STEELWORKERS, AFL-CIO (USW) 10 512 T","Sep 30, 2020",,,"PRIVATE"
"ANCHORAGE SCHOOL DISTRICT (TEACHERS & CERTIFICATED)",2961,"AK ANCHORAGE"," (NEA, ACE) 4425","Jun 30, 2006","611110","3200","PUBLIC"
"ANCHORAGE, MUNICIPALITY OF",3492,"AK"," (FOP) -","Dec 31, 2013","922120","1000","PUBLIC"
"ANCHORAGE, MUNICIPALITY OF (TECHNICIANS)",4258,"AL","ELECTRICAL WORKERS IBEW AFL-CIO (IBEW) 1547 ","Dec 31, 2024",,,"PUBLIC"
"ANDERSON WESTERN, INC.",4414,"ND, SD","CHRISTIAN LABOR UNION IND (CLA) 78 HIGHWAY CONSTRUCTION WORKERS","Apr 30, 2025","237310","2","PRIVATE"
"ANDOVER HOUSING AUTHORITY",4013,"MA","TEAMSTERS (IBT) 170 ","Mar 31, 2020",,,"PUBLIC"
"ANIXTER CENTER/LETTER AND ROSALIE ANIXTER CENTER",4288,"IL","SERVICE EMPLOYEES (SEIU) 73 ","Jun 30, 2024",,,"PUBLIC"
"ANN ARBOR BOARD OF EDUCATION",3429,"MI"," (AFT) -","Jun 1, 1993","611110",,"PUBLIC"
"ANNAPOLIS, CITY OF (TRADE, MAINTENANCE, LABOR)",4736,"MD","STATE COUNTY AND MUNI EMPLS AFL-CIO (AFSCME) 3 MARYLAND STATE & UNIVERSITY EMPLOYEES","Jun 30, 2026",,,"PUBLIC"
"ANNE ARUNDEL COUNTY (MAINTENANCE / PUBLIC WORKS)",4732,"MD","STATE COUNTY AND MUNI EMPLS AFL-CIO (AFSCME) 3 MARYLAND STATE & UNIVERSITY EMPLOYEES","Jun 30, 2026",,,"PUBLIC"
"ANNE ARUNDEL COUNTY (POLICE COMMUNICATIONS)",4879,"MD","TEAMSTERS (IBT) 355 ","Jun 30, 2027",,,"PUBLIC"
"ANNE ARUNDEL COUNTY BOARD OF EDUCATION",3622,"MD"," (AFSCME) 1693","Jun 30, 2002","611110","1400","PUBLIC"
"ANNE ARUNDEL COUNTY BOARD OF EDUCATION",3623,"MD"," (AFSCME) 1693","Jun 30, 2000","611110","1400","PUBLIC"
"ANNE ARUNDEL COUNTY BOARD OF EDUCATION (CLASSIFY)",3271,"MD ANNAPOLIS"," (AFSCME) 1693","Jun 30, 2002","611110","1400","PUBLIC"
"ANNE ARUNDEL COUNTY BOARD OF EDUCATION(TEACHERS)",3230,"MD ANNAPOLIS","NEA, CASE TAAC","Jun 30, 2005","611110","4000","PUBLIC"
"ANOINTED HANDS SERVICES, LLC",4627,"VA","SERVICE EMPLOYEES (SEIU) 32 BJ MOTOR VEHICLE INSPECTORS DIVISION","Dec 31, 2024",,,"PRIVATE"
"ANOKA HENNEPIN INDEP SCHL DIST 11 (TEACHERS)",3231,"MN COON RAPIDS"," (AFT) AHEM","Jun 30, 2007","611110","2400","PUBLIC"
"APARTMENT BLDG AGRMNT/NY REALTY ADVISORY BD",716,"NY NEW YORK","SERVICE EMPLOYEES (SEIU) 32 BJ","Apr 20, 2006","531110","30000","PRIVATE"
"APARTMENT BLDG OWNERS & MGRS ASSOCIATION OF CHICAGO",807,"IL CHICAGO"," (SEIU) 1","Nov 30, 2008","53111","4000","PRIVATE"
"APARTMENT BLDG OWNERS & MGRS ASSOCIATION OF CHICAGO",808,"IL CHICAGO"," (SEIU) 1","Nov 30, 2005","53111","4000","PRIVATE"
"APAWAMIS CLUB, THE/FEDERATION OF COUNTRY CLUBS/FENWAY GOLF CLUB, INC./LARCHMONT YACHT CLUB, THE/QUAKER RIDGE GOLF CLUB, INC./SCARSDALE GOLF CLUB, INC./WHIPPOORWILL CLUB",4812,"NY","SERVICE EMPLOYEES (SEIU) 32 BJ MOTOR VEHICLE INSPECTORS DIVISION","Oct 31, 2027",,,"PRIVATE"
"APEX MAINTENANCE, INC",1833,"PA","BOILERMAKERS AFL-CIO (BBF) 154","Feb 1, 2008","238390","1000","PRIVATE"
"APL MARINE SERVICES, LTD",4237,"VA","SEAFARERS AFL-CIO (SIUNA) ATLANTIC GULF LAKES & INLAND WATERS/SEAFARERS AFL-CIO (SIUNA) MARINE FIREMEN'S UNION/SEAFARERS AFL-CIO (SIUNA) SAILORS' UNION OF THE PACIFIC","Sep 30, 2022",,,"PRIVATE"
"APPALACHIAN REGIONAL HEALTHCARE, INC.",853,"NATIONAL","STEELWORKERS, AFL-CIO (USW) 08 14310 S","Apr 1, 2007","62211","2500","PRIVATE"
"APPLETON AREA SCHOOL DISTRICT (TEACHERS)",2834,"WI APPLETON"," (NEA) AEA","Jun 30, 2001","611110","1100","PUBLIC"
"ARAMARK CAMPUS, LLC DBA LORAS COLLEGE (UNIT #1165)",1468,"IA","TEAMSTERS (IBT) 120","Aug 31, 2021",,,"PRIVATE"
"ARAMARK EDUCATIONAL SERVICES",2051,"LA"," (SEIU) LOCAL 21LA","Jul 31, 2013","56172","1497","PRIVATE"
"ARAMARK SPORTS, INC.",3461,"MD BALTIMORE"," ","Mar 30, 2008","711211","5000","PUBLIC"
"ARCADE, TOWN OF",4520,"NY","TEAMSTERS (IBT) 264 ","Dec 31, 2024",,"3","PUBLIC"
"ARCELORMITTAL - MARION, INC. (PRODUCTION)",3997,"OH","STEELWORKERS, AFL-CIO (USW) 01 1949 ","Sep 30, 2022",,,"PRIVATE"
"ARCHER DANIELS MIDLAND COMPANY",3998,"IL","TEAMSTERS (IBT) 279 ","Dec 1, 2019",,,"PRIVATE"
"ARCHITECTURAL AND ORNAMENTAL IRON WORKERS",1378,"NY","IRON WORKERS AFL-CIO (BSOIW) 580","Jun 30, 2005",,,"PRIVATE"
"ARCO EMBROIDERY INC.",102,"NJ NORTHERN","FOOD AND COMMERCIAL WKRS (UFCW) 1245","Oct 31, 2006","313222","1000","PRIVATE"
"ARCONIC CORPORATION (MASSENA PLANT)",4461,"NY","STEELWORKERS, AFL-CIO (USW) 4 420 A ","May 16, 2026",,,"PRIVATE"
"ARCTEC ALASKA",4380,"AL","TEAMSTERS (IBT) 959 ","Sep 30, 2024",,,"PRIVATE"
"ARDENT MILLS NORTH, LLC (OMAHA NORTH MILL)",4029,"CO","BAKERY, TOBACCO AND GRAIN AFL-CIO (BCTGMI) 50 G ","Jul 31, 2022",,"19","PRIVATE"
"ARDENT MILLS, LLC (SHERMAN)",4464,"TX","BAKERY, TOBACCO AND GRAIN AFL-CIO (BCTGMI) 111 ","Feb 7, 2027",,,"PRIVATE"
"AREA FLOORING CONTRACTORS CARPET, LINOLEUM, HARDWOOD AND TILE",2262,"MO"," (CLHTL) 1310","Apr 30, 2014",,,"PRIVATE"
"AREA FLOORING CONTRACTORS CARPET, LINOLEUM, HARDWOOD AND TILE",2264,"MO"," (CLHTL) 1310","Apr 30, 2011",,,"PRIVATE"
"AREA RETAIL GROCERY ASSOCIATION",647,"MN WI","FOOD AND COMMERCIAL WKRS (UFCW) 1116","Apr 27, 2008","445110","1500","PRIVATE"
"ARGONNE NATIONAL LABORATORY/UCHICAGO ARGONNE, LLC",4087,"IL","SERVICE EMPLOYEES (SEIU) 73 ","May 22, 2026",,,"PUBLIC"
"ARIZONA BUILDERS ALLIANCE (COMML)",1063,"AZ"," (UBC) SW RC 408, 1506, 1914","Jun 30, 2005","23622","2000","PRIVATE"
"ARIZONA CHAPTER ASSOCIATED GENERAL CONTRACTORS OF AMERICA",2374,"AZ"," (CJA) SOUTHWEST REGIONAL COUNCIL","Jun 30, 2018",,,"PRIVATE"
"ARIZONA CHAPTER ASSOCIATED GENERAL CONTRACTORS OF AMERICA LABORERS' LABOR RELATIONS DIVISION",2373,"AZ","LABORERS  (LIUNA) 383","May 31, 2019",,,"PRIVATE"
"ARIZONA CHAPTER OF THE ASSOCIATED GENERAL CONTRACTORS OF AMERICA INC.",2371,"AZ","ENGINEERS, OPERATING, AFL-CIO (IUOE) 428","May 31, 2019",,,"PRIVATE"
"ARIZONA CHAPTER OF THE ASSOCIATED GENERAL CONTRACTORS OF AMERICA, INC.",2372,"AZ","ENGINEERS, OPERATING, AFL-CIO (IUOE) 428","May 31, 2021",,,"PRIVATE"
"ARIZONA CHEMICAL, A KRATON CORPORATION",2560,"GA","ELECTRICAL WORKERS IBEW AFL-CIO (IBEW) 1391","May 31, 2019",,"7","PRIVATE"
"ARIZONA PUBLIC SERVICE CO.",456,"AZ","ELECTRICAL WORKERS IBEW AFL-CIO (IBEW) 387","Apr 1, 2005","221","1900","PRIVATE"
"ARIZONA PUBLIC SERVICE CO.",457,"AZ","ELECTRICAL WORKERS IBEW AFL-CIO (IBEW) 387","Apr 1, 2010","221","1900","PRIVATE"
"ARKWRIGHT, TOWN OF",3768,"NY","TEAMSTERS (IBT) 264 ","Dec 31, 2022",,,"PUBLIC"
"ARLINGTON COUNTY",4873,"VA","ARLINGTON COALITION OF POLICE (ACOP) ","Jun 30, 2026",,,"PUBLIC"
"ARMSTRONG WORLD INDUSTRIES, INC",384,"PA","STEELWORKERS, AFL-CIO (USW) 10 285 L","Oct 3, 2008","53111","4000","PRIVATE"
"ARMY FLEET SUPPORT",243,"AL FT RUCKER","MACHINISTS AFL-CIO (IAM) 2003","Apr 28, 2019","541710","3000","PRIVATE"
"ARMY FLEET SUPPORT",244,"AL FT RUCKER","MACHINISTS AFL-CIO (IAM) 2003","May 1, 2011","541710","1800","PRIVATE"
"ARMY FLEET SUPPORT",245,"AL FT RUCKER","MACHINISTS AFL-CIO (IAM) 2003","Apr 27, 2014","541170","1800","PRIVATE"
"ARROW LEASING AND SANITARY SERVICE",2267,"DE","TEAMSTERS (IBT) 326 GENERAL TEAMSTERS","Jul 31, 2016",,,"PRIVATE"
"ARTICO COLD STORAGE CHICAGO, LLC (OFFICE EMPLOYEES)",4365,"IL","MISCELLANEOUS WAREHOUSEMEN, AIRLINE, AUTOMOTIVE PARTS, SERVICE, TIRE & RENTAL, CHEMICAL AND PETROLEUM, ICE, PAPER AND RELATED CLERICAL AND PRODUCTION EMPLOYEES UNION 781/TEAMSTERS (IBT) 781 ","Dec 31, 2026",,,"PRIVATE"
"ARTICO COLD STORAGE CHICAGO, LLC (WAREHOUSE / MAINTENANCE EMPLOYEES)",4366,"IL","MISCELLANEOUS WAREHOUSEMEN, AIRLINE, AUTOMOTIVE PARTS, SERVICE, TIRE & RENTAL, CHEMICAL AND PETROLEUM, ICE, PAPER AND RELATED CLERICAL AND PRODUCTION EMPLOYEES 781/TEAMSTERS (IBT) 781 ","Dec 31, 2026",,,"PRIVATE"
"ARXADA, LLC",4454,"IL","STEELWORKERS, AFL-CIO (USW) 7 662 ","Apr 15, 2028","325998","45","PRIVATE"
"ARZEE SUPPLY CORPORATION",1129,"NJ","TEAMSTERS (IBT) 560","Dec 31, 2019","525120",,"PRIVATE"
"ASARCO INC. - RAY COMPLEX, HAYDEN SMELTER",206,"AZ","USWA, IBEW -","Jun 30, 2004","238140","1730","PRIVATE"
"ASIAN AMERICAN WRITERS WORKSHOP (AAWW)",4878,"NY","AUTO WORKERS AFL-CIO (UAW) 2110 ","May 31, 2020",,,"PRIVATE"
"ASOLO THEATRE, INC.",3977,"FL","STAGE AND PICTURE OPERATORS AFL-CIO (IATSE) 412 ","Jun 30, 2020",,,"PRIVATE"
"ASPIRA OF ILLINOIS, INC./ASPIRA, INC. OF ILLINOIS",4719,"IL","TEACHERS AFL-CIO (AFT) 1 CHICAGO TEACHERS UNION","Jul 30, 2026",,,"PRIVATE"
"ASSOC OF ENVIRONMENTAL CONTRACTORS",2146,"CA NORTHERN","LABORERS  (LIUNA) 67","Nov 30, 2016","562910",,"PRIVATE"
"ASSOCIATED BUILDING CONTRACTORS OF LAFAYETTE, INC (CEMENT MASONS)",1858,"IN"," (OPCMIA) LOCAL 692","May 31, 2014","238140","1730","PRIVATE"
"ASSOCIATED BUILDING CONTRACTORS OF LAFAYETTE, INC (CEMENT MASONS)",1859,"IN"," (OPCMIA) LOCAL 692","Jun 1, 2011","238140","1730","PRIVATE"
"ASSOCIATED BUILDING CONTRACTORS OF LAFAYETTE, INC (CEMENT MASONS)",1860,"IN"," (OPCMIA) LOCAL 692","May 31, 2014","238140","1730","PRIVATE"
"ASSOCIATED BUILDING CONTRACTORS OF LAFAYETTE, INC (CEMENT MASONS)",1862,"IN"," (OPCMIA) LOCAL 692","May 31, 2011","238140","1730","PRIVATE"
"ASSOCIATED BUILDING CONTRACTORS OF LAFAYETTE, INC (PLASTERERS)",1861,"IN"," (OPCMIA) LOCAL 692","May 31, 2014","238140","1730","PRIVATE"
"ASSOCIATED BUILDING CONTRACTORS OF LAFAYETTE, INC (PLASTERERS)",1863,"IN"," (OPCMIA) LOCAL 692","May 31, 2014","238140","1730","PRIVATE"
"ASSOCIATED BUILDING CONTRACTORS OF NW OH",1423,"OH NORTHWEST"," (UBC) 248,372,1138,15","Jun 30, 2007","23622","1900","PRIVATE"
"ASSOCIATED CABINET MANUFACTURES",1206,"CA","AUTO, MARINE, & SPECIALTY PAINTERS 1176","Aug 31, 2023",,,"PRIVATE"
"ASSOCIATED GENERAL CONTRACTORS OF ALASKA, INC.",2476,"AK"," (CJA) RC PACFIC NORTHWEST","Jun 30, 2020",,,"PRIVATE"
"ASSOCIATED GENERAL CONTRACTORS OF AMERICA (ARIZONA CHAPTER)",1465,"AZ","ENGINEERS, OPERATING, AFL-CIO (IUOE) 428","May 31, 2019",,,"PRIVATE"
"ASSOCIATED GENERAL CONTRACTORS OF AMERICA (OREGON-COLUMBIA CHAPTER)",2472,"OR"," (CJA) RC PACFIC NORTHWEST","May 31, 2019",,,"PRIVATE"
"ASSOCIATED GENERAL CONTRACTORS OF AMERICA (OREGON-COLUMBIA CHAPTER)",4483,"OR","LABORERS  (LIUNA) 737 /LABORERS  (LIUNA) OREGON AND SOUTHERN IDAHO","May 31, 2027",,,"PRIVATE"
"ASSOCIATED GENERAL CONTRACTORS OF AMERICA, INC. - OREGON-COLUMBIA CHAPTER (SW WASHINGTON)",4559,"WA","LABORERS  (LIUNA) WASHINGTON & NORTHERN IDAHO","May 31, 2027",,,"PRIVATE"
"ASSOCIATED GENERAL CONTRACTORS OF AMERICA, INC. (CENTRAL OHIO LABOR RELATIONS DIVISION)",1480,"OH","LABORERS  (LIUNA) 423","Apr 30, 2017",,,"PRIVATE"
"ASSOCIATED GENERAL CONTRACTORS OF CALIFORNIA, INC",2138,"CA NORTHERN","LABORERS  (LIUNA) 0 NORTHERN CALIFORNIA","Jun 30, 2019","813910",,"PRIVATE"
"ASSOCIATED GENERAL CONTRACTORS OF CALIFORNIA, INC (NORTHERN CA TUNNEL AND LABORERS)",2139,"CA","LABORERS  (LIUNA) 0 NORTHERN CALIFORNIA","Jun 30, 2019","237990",,"PRIVATE"
"ASSOCIATED GENERAL CONTRACTORS OF GREATER MILWAUKEE, INC.",1368,"WI"," (ACEA) ","Dec 31, 2012",,,"PRIVATE"
"ASSOCIATED GENERAL CONTRACTORS OF MICHIGAN",1748,"MI","MILLWRIGHTS 1102","May 31, 2022",,,"PRIVATE"
"ASSOCIATED GENERAL CONTRACTORS OF MINNESOTA",2486,"MN","LABORERS  (LIUNA) 405","Apr 30, 2019",,,"PRIVATE"
"ASSOCIATED GENERAL CONTRACTORS OF NORTH DAKOTA",2490,"ND","LABORERS  (LIUNA) 563","Apr 30, 2020",,,"PRIVATE"
"ASSOCIATED GENERAL CONTRACTORS OF NORTHWESTERN OHIO, INC. (LABOR RELATIONS DIVISION)",1466,"OH","COUNCIL OF CARPENTERS 351, 372, 744","Apr 30, 2018",,,"PRIVATE"
"ASSOCIATED GENERAL CONTRACTORS OF WASHINGTON",1464,"WA","WASHINGTON CEMENT MASONS 528","May 31, 2003",,,"PRIVATE"
"ASSOCIATED GENERAL CONTRACTORS OF WASHINGTON",2143,"WA/ N IDAHO","LABORERS  (LIUNA) 242/LABORERS  (LIUNA) 252/LABORERS  (LIUNA) 292/LABORERS  (LIUNA) 440","May 31, 2018","237310",,"PRIVATE"
"ASSOCIATED GENERAL CONTRACTORS OF WASHINGTON",2470,"WA"," (CJA) RC PACFIC NORTHWEST","May 31, 2021",,,"PRIVATE"
"ASSOCIATED GROCERS OF THE SOUTH, INC.",4396,"AL","RETAIL WHOLESALE, DC, UFCW (RWDSU) 261 /UNITED WHOLESALE AND WAREHOUSE EMPLOYEES, 261","May 11, 2029",,,"PRIVATE"
"ASSOCIATED MASTER PAINTERS AND DECORATORS INC. OF PHILADELPHIA AND VICINITY, ET AL",2294,"PA"," (IUP) 21","Apr 30, 2018",,,"PRIVATE"
"ASSOCIATED OF MECHANICAL INC.",1789,"KS","BOILERMAKERS AFL-CIO (BBF) 83","Mar 31, 2009","316999","1000","PRIVATE"
"ASSOCIATED PRESS",766,"NY","COMMUNICATIONS WORKERS AFL-CIO (CWA) 31222 NEWS MEDIA GUILD","Nov 30, 2008","519110","1400","PRIVATE"
"ASSOCIATED PRESS",767,"NATIONAL"," (TNG) 31222","Nov 30, 2005","519110","1400","PRIVATE"
"ASSOCIATED PRODUCE DEALERS OF LOS ANGELES",537,"CA LOS ANGELES","TEAMSTERS (IBT) 630","Jan 31, 2010","424480","1000","PRIVATE"
"ASSOCIATED SPECIALTY BAKERY OWNERS OF GREATER NY",59,"LONG ISLAND CITY"," (BCTGM) 3","Jan 31, 2003","311812","2200","PRIVATE"
"ASSOCIATED STEEL ERECTORS",1252,"IL CHICAGO"," (BSOIW) -","Jan 1, 1800",,,"PRIVATE"
"ASSOCIATED STEEL ERECTORS OF CHICAGO",1253,"IL CHICAGO","IRON WORKERS AFL-CIO (BSOIW) 1","May 31, 2006","23819","2400","PRIVATE"
"ASSOCIATED STEEL ERECTORS OF CHICAGO",1254,"IL","IRON WORKERS AFL-CIO (BSOIW) 1","May 31, 2006",,,"PRIVATE"
"ASSOCIATED TILE CONTRACTORS OF SOUTHERN CALIFORNIA",1841,"CA","BRICKLAYERS AFL-CIO (BAC) 18 TILE, MARBLE & TERRAZZO","May 31, 2010","327122","1000","PRIVATE"
"ASSOCIATED UNDERGROUND CONTRACTORS",1525,"MI LOWER PENINSULA","ENGINEERS, OPERATING, AFL-CIO (IUOE) 324","Sep 1, 2007","23891","10000","PRIVATE"
"ASSOCIATED UNDERGROUND CONTRACTORS",1617,"MI","LABORERS  (LIUNA) 0 MICHIGAN","Sep 1, 2004","23891","2500","PRIVATE"
"ASSOCIATED WALL AND CEILING CONTRACTORS OF OREGON AND SOUTHWEST WASHINGTON, INC",2474,"OR"," (CJA) RC PACFIC NORTHWEST","May 31, 2019",,,"PRIVATE"
"ASSOCIATION OF BITUMINOUS CONTRACTORS",1103,"NATIONAL"," (UMW) -","Feb 6, 2005","212112","4300","PRIVATE"
"ASSOCIATION OF CATHOLIC SCHOOLS TEACHERS",863,"NY NEW YORK"," (FCT) 2092","Aug 31, 2007","61111","3200","PRIVATE"
"ASSOCIATION OF CATHOLIC TEACHERS",2439,"PA"," (NACST) 1776","Aug 31, 2017",,,"PRIVATE"
"ASSOCIATION OF CONCRETE CONTRACTORS OF LONG ISLAND",1138,"NY NASSAU","IRON WORKERS AFL-CIO (BSOIW) 46 METALLIC LATHERS' UNION","Jun 30, 2005","23811","1000","PRIVATE"
"ASSOCIATION OF CONCRETE CONTRACTORS OF LONG ISLAND",1549,"NY NASSAU"," (UBC) DC OF NYC","Jun 30, 2006","23811","17000","PRIVATE"
"ASSOCIATION OF CONCRETE CONTRACTORS OF LONG ISLAND, INC.",1139,"NY","IRON WORKERS AFL-CIO (BSOIW) 46 METALLIC LATHERS' UNION","Jun 30, 2005",,,"PRIVATE"
"ASSOCIATION OF CONTRACTING PLUMBERS OF THE CITY OF NY",1292,"NY NEW YORK","PLUMBERS AFL-CIO (PPF) 1","Jun 30, 2007","23822","2000","PRIVATE"
"ASSOCIATION OF ENVIRONMENTAL CONTACTORS - AEC (ASBESTOS, MOLD, LABORER)",4813,"CA","LABORERS  (LIUNA) 67 ","Jun 30, 2027",,,"PRIVATE"
"ASSOCIATION OF HARPER COLLINS PUBLISHERS",1922,"NY NEW YORK"," (UAW) 2110","Dec 31, 2009","813319","2771","PRIVATE"
"ASSOCIATION OF MASTER PAINTERS AND DECORATORS OF NEW YORK",1299,"NY NEW YORK","PAINTERS AFL-CIO (PAT) 9","Apr 30, 2015","23832","2500","PRIVATE"
"ASSOCIATION OF MASTER PAINTERS AND DECORATORS OF NEW YORK, INC./PAZ INTERIORS, INC.",4556,"NY","PAINTERS AFL-CIO (PAT) 9 ","Apr 30, 2028",,,"PRIVATE"
"ASSOCIATION OF MASTER PAINTERS AND DECORATORS, ET. AL.",1297,"NY NEW YORK","PAINTERS AFL-CIO (PAT) 9","Apr 30, 2005","23832","2500","PRIVATE"
"ASSOCIATION OF MASTER PAINTERS AND DECORATORS, ET. AL.",1298,"NY NEW YORK","PAINTERS AFL-CIO (PAT) 9","Apr 30, 2011","23832","2500","PRIVATE"
"ASSOCIATION OF NATIONAL ADVERTISERS/AMERICAN ASSOCIATION OF ADVERISING AGENCIES",776,"NATIONAL"," (AFM) ","Oct 16, 2004","51211","3000","PRIVATE"
"ASSOCIATION OF WALL-CEILING",2038,"OR"," (CJA) PACIFIC NW REGION","May 31, 2016",,,"PRIVATE"
"ASSOCIATION OF WALL-CEILING & CARPENTRY INDUSTRIES OF NY",1000,"NY NEW YORK"," (UBC) DC OF NYC","Jun 30, 2006","23831","2500","PRIVATE"
"ASSOCIATIONS AGREEMENT (BLDG CONSTR)",1209,"NY","LABORERS  (LIUNA) 731","May 30, 2006","23622","5000","PRIVATE"
"ASTEN JOHNSON",3923,"WI","TEAMSTERS (IBT) 662 ","Feb 28, 2023",,,"PUBLIC"
"ASTORIA, CIRY OF (PUBLIC WORKS)",3625,"OR"," (IBT) 58","Jun 30, 2020",,,"PUBLIC"
"ASTORIA, CITY OF (PARKS)",3624,"OR"," (IBT) 58","Jun 30, 2020",,,"PUBLIC"
"AT WALL COMPANY",4471,"RI","RETAIL WHOLESALE, DC, UFCW (RWDSU) 599 ","Dec 1, 2024",,,"PRIVATE"
"AT&T (CONTRACT EXTENSION & WAGE & PENSION UPDATE AGREEMENT)",405,"NATIONAL","CWA, IBEW -","Dec 10, 2005","517110","20100","PRIVATE"
"AT&T CORP. (BUS. OPERATING UNITS & DIVS) (MOA)",404,"NATIONAL","CWA, IBEW SCT-3","Dec 10, 2005","20100","5700","PRIVATE"
"AT&T INTERNET SERVICES",1840,"NATIONAL"," (CWA) -","Dec 31, 2010","577110","20100","PRIVATE"
"AT&T MIDWEST",3734,"NATIONAL","COMMUNICATION WORKERS (CWA) 4","Apr 9, 2022","517110",,"PUBLIC"
"AT&T MIDWEST (SBC)",423,"NATIONAL"," (CWA) DISTRICT 4","Apr 7, 2012","517110","20100","PRIVATE"
"AT&T MIDWEST (SBC)",424,"NATIONAL"," (CWA) DISTRICT 4","Apr 7, 2010","517110","20100","PRIVATE"
"AT&T MOBILITY",2096,"TN"," (CWA) DISTRICT 3","Feb 7, 2014","577110","1000","PRIVATE"
"AT&T MOBILITY SERVICES, LLC",4844,"SC","COMMUNICATIONS WORKERS AFL-CIO (CWA) 3/COMMUNICATIONS WORKERS AFL-CIO (CWA) ","Feb 12, 2027",,,"PRIVATE"
"AT&T MOBILITY SERVICES, LLC",4824,"SC","COMMUNICATIONS WORKERS AFL-CIO (CWA) 3704 ","Feb 11, 2027",,"40","PRIVATE"
"AT&T MOBILITY, LLC",2167,"CA, ANAHEIM"," (CWA) ","Feb 11, 2017","517911",,"PRIVATE"
"AT&T, INC. (NETWORK / TECHNICAL) NATIONAL INTERNET",4841,"SC","COMMUNICATIONS WORKERS AFL-CIO (CWA) ","Jul 24, 2027",,,"PRIVATE"
"AT&T, INC. (SOUTHEAST) BELLSOUTH TELECOMMUNICATIONS (BST) EMPLOYEES",4842,"SC","COMMUNICATIONS WORKERS AFL-CIO (CWA) ","Aug 4, 2029",,,"PRIVATE"
"ATI LADISH FORGING, LLC",2457,"WI","BOILERMAKERS AFL-CIO (BBF) 1509","Sep 30, 2018",,,"PRIVATE"
"ATLANTIC APPAREL CONTRACTOR ASSOC. INC.",727,"PA OH NJ","UNITE HERE JB","May 31, 2004","315212","1000","PRIVATE"
"ATLANTIC APPAREL CONTRACTORS ASSOCIATION.",100,"PA OH NJ","UNITE HERE NE, W PA & OH, JB","May 31, 2004","315212","3500","PRIVATE"
"ATLAS GALVANIZING, LLC",2515,"CA","BOILERMAKERS AFL-CIO (BBF) 67 M","Jan 1, 1800",,,"PRIVATE"
"ATTWOOD CORPORATION",4021,"WI","BOILERMAKERS AFL-CIO (BBF) 7 M ","Nov 20, 2019",,,"PRIVATE"
"ATU TRAINING AND EDUCATION CENTER, INC. (AMAGALMATED TRANSIT UNION)",4598,"MD","SERVICE EMPLOYEES (SEIU) 32 BJ MOTOR VEHICLE INSPECTORS DIVISION","Dec 31, 2024","7720","58","PRIVATE"
"AURIA ST. CLAIR, LLC",4320,"MI","AUTO WORKERS AFL-CIO (UAW) 9699 ","Dec 7, 2027",,,"PRIVATE"
"AURORA FAST PRINT INC.",2508,"IL"," (GCC/IBT) 458M","Jan 31, 2022","32311",,"PRIVATE"
"AURORA PRODUCTS, INC.",4413,"CT","FOOD AND COMMERCIAL WKRS (UFCW) 371 ","Apr 30, 2028",,"98","PRIVATE"
"AURORA PUBLIC SCHOOLS BOARD OF EDUCATION FOR (TEACHERS)",2977,"CO AURORA"," (NEA) AEA","Jun 30, 2008","611110","1550","PUBLIC"
"AUSTIN THEATRE ALLIANCE",1749,"TX","STAGE AND PICTURE OPERATORS AFL-CIO (IATSE) 205","Jul 31, 2020",,,"PRIVATE"
"AUTOMOTIVE COMPONENT CARRIER",1947,"FLINT, MI","AUTO WORKERS AFL-CIO (UAW) 659","Sep 30, 2013","336111","3163","PRIVATE"
"AUTOPORT  LIMITED (MICHIGAN)",4428,"MI","MACHINISTS AFL-CIO (IAM) 698 /MECHANICS MOTOR CITY 698","Apr 18, 2028",,,"PRIVATE"
"AUTOPORT LIMITED",4594,"IL","IRON WORKERS AFL-CIO (BSOIW) 853 IRON WORKERS REGIONAL SHOP LOCAL","Jan 3, 2025",,,"PRIVATE"
"AUTOPORT, LTD (MICHIGAN)",4460,"MI","TEAMSTERS (IBT) 299 ","Feb 17, 2028",,,"PRIVATE"
"AVALON CARE CENTER  PULLMAN, LLC",4130,"WA","SERVICE EMPLOYEES (SEIU) 775 ","Dec 31, 2023",,,"PRIVATE"
"AVALON CARE CENTER - PULLMAN, LLC",4129,"WA","SERVICE EMPLOYEES (SEIU) 775 ","Dec 31, 2021",,,"PRIVATE"
"AVAMERE HEALTH SERVICES",3729,"OR","SERVICE EMPLOYEES (SEIU) 503 ","May 1, 2024","623110",,"PRIVATE"
"AVAYA COMMUNICATIONS (WAS LUCENT TECH) (OPERATIONS)",947,"NATIONAL"," (CWA) -","May 23, 2009","33421","6200","PRIVATE"
"AVAYA COMMUNICATIONS (WAS LUCENT TECH) (OPNS)",949,"NATIONAL"," (IBEW) 23 LOCALS","May 27, 2006","33421","1170","PRIVATE"
"AVAYA INC.",948,"NATIONAL"," (CWA) -","May 27, 2006","33421","6200","PRIVATE"
"AVIS RENT A CAR SYSTEM INC (RA, CSR, DISPATCHERS)",832,"PA","OFFICE AND PROFESSIONAL EMPLS AFL-CIO (OPEIU) 32","Oct 13, 2021",,,"PRIVATE"
"AXIALL CORPORATION - LAKE CHARLES COMPLEX",159,"LA","MACHINISTS AFL-CIO (IAM) 470","Aug 28, 2015","325181","1000","PRIVATE"
"AZTEC STEEL",3822,"OH","AUTO WORKERS AFL-CIO (UAW) 996 ","Oct 5, 2025",,,"PRIVATE"
"B & B TRUCKING",3894,"MI","POSTAL WORKERS, AMERICAN, AFL-CIO (APWU) ","Mar 31, 2022",,,"PRIVATE"
"B&G HOUSE OF PRINTING",4383,"CA","PRINTING PACKAGING & PRODUCTION WORKERS UNION OF N (PPPWU) 2 SOUTHERN CALIFORNIA PRINTING SPECIALISTS/PRINTING PACKAGING & PRODUCTION WORKERS UNION OF N (PPPWU) 388 M ","Mar 31, 2027","32311","3","PRIVATE"
"BAKER COMMODITIES, INC",4329,"CA","TEAMSTERS (IBT) 174 ","Dec 31, 2026",,,"PRIVATE"
"BAKER COMMODITIES, INC",4330,"CA","ENGINEERS, OPERATING, AFL-CIO (IUOE) 501 ","Sep 30, 2024",,,"PRIVATE"
"BAKERSFIELD CITY SCHOOL DISTRICT (CERTIFICATED)",3250,"CA BAKERSFIELD"," (NEA) BETA","Jun 30, 2006","611110","1331","PUBLIC"
"BALL-CHATHAM BOARD OF EDUCATION (SCHOOL DISTRICT 5)",4750,"IL","NATIONAL EDUCATION ASN IND (NEA) ILLINOIS EDUCATION ASSOCIATION","Aug 15, 2027",,,"PUBLIC"
"BALLY'S LAS VEGAS MANAGER, LLC ON BEHALF OF PARBALL NEWCO, LLC DBA BALLY'S LAS VEGAS",2585,"NV","LOCAL JOINT EXECUTIVE BOARD / CULINARY WORKERS UNION 226 / 165","May 31, 2023",,,"PRIVATE"
"BALTIMORE CITY (PROFESSIONALS & SUPERVISORS)",2871,"MD BALTIMORE"," (MAPS) ","Jun 30, 2005","921190","1600","PUBLIC"
"BALTIMORE CITY (TRADES)",2846,"MD BALTIMORE","STATE COUNTY AND MUNI EMPLS AFL-CIO (AFSCME) 44 BALTIMORE MUNICIPAL EMPLYS/STATE COUNTY AND MUNI EMPLS AFL-CIO (AFSCME) 67 MARYLAND","Jun 30, 2005","921190","4950","PUBLIC"
"BALTIMORE CITY BOARD (SCHOOL PARAPROFS)",3172,"MD BALTIMORE"," (AFT) BTU","Jun 30, 2005","611110","1600","PUBLIC"
"BALTIMORE CITY BOARD OF SCHOOL COMMISSIONERS (TEACHERS)",3252,"MD BALTIMORE"," (AFT) BTU 340","Jun 30, 2007","611110","7000","PUBLIC"
"BALTIMORE CITY POLICE DEPARTMENT (POLICE DEPT. UNIT 1)",2959,"MD BALTIMORE"," (FOP-I) LODGE 3","Jun 30, 2004","922120","3000","PUBLIC"
"BALTIMORE CITY, THE NEW BOARD OF SCHOOL COMMISSIONERS OF (WAREHOUSE, DRIVERS)",2986,"MD BALTIMORE","STATE COUNTY AND MUNI EMPLS AFL-CIO (AFSCME) 37 NEW YORK CITY/STATE COUNTY AND MUNI EMPLS AFL-CIO (AFSCME) 44 BALTIMORE MUNICIPAL EMPLYS","Jun 30, 2002","611110","1150","PUBLIC"
"BALTIMORE COUNTY ADMINISTRATION (BOARD OF EDUCATION)",3146,"MD TOWSON"," (AFT/FPE) 434","Jan 1, 1800","921190","1550","PUBLIC"
"BALTIMORE COUNTY ADMINISTRATION (FIREFIGHTERS)",3145,"MD TOWSON"," (IAFF) 1311","Jun 30, 2006","922160","1000","PUBLIC"
"BALTIMORE COUNTY ADMINISTRATION (POLICE)",3142,"MD TOWSON"," (FOP-I) LODGE 4","Jun 30, 2006","922120","1765","PUBLIC"
"BALTIMORE COUNTY ADMINISTRATION (WHITE COLLAR)",3147,"MD TOWSON"," (AFT/FPE) 4883","Jun 30, 2006","921190","1550","PUBLIC"
"BALTIMORE COUNTY ADMINISTRATION (WHITE COLLAR)",3148,"MD TOWSON"," (AFT/FPE) 4883","Jun 30, 2005","921190","1550","PUBLIC"
"BALTIMORE COUNTY BOARD OF EDUCATION (CLERICAL)",3090,"MD TOWSON"," (NEA) BACE","Jun 30, 2007","611110","1100","PUBLIC"
"BALTIMORE COUNTY BOARD OF EDUCATION (MAINT & OPNS)",3087,"MD TOWSON"," (AFSCME) 434","Jun 30, 2014","611110","2000","PUBLIC"
"BALTIMORE COUNTY BOARD OF EDUCATION (MAINT & OPNS)",3088,"MD TOWSON"," (AFSCME) 434","Jun 30, 2007","611110","2000","PUBLIC"
"BALTIMORE COUNTY BOARD OF EDUCATION (MAINT & OPNS)",3089,"MD TOWSON"," (AFSCME) 434","Jun 30, 2014","611110","2000","PUBLIC"
"BALTIMORE COUNTY BOARD OF EDUCATION (MAINT & OPNS)",3091,"MD TOWSON"," (BACE) 434","Jun 30, 2014","611110","2000","PUBLIC"
"BALTIMORE COUNTY BOARD OF EDUCATION (MAINT & OPNS)",3092,"MD TOWSON","NEA TABCO 434","Jun 30, 2014","611110","2000","PUBLIC"
"BALTIMORE COUNTY BOARD OF EDUCATION (MAINT & OPNS)",3509,"MD TOWSON"," (AFSCME) 434","Jun 30, 2007","611110","2000","PUBLIC"
"BALTIMORE MUSEUM OF ART",4730,"MD","STATE COUNTY AND MUNI EMPLS AFL-CIO (AFSCME) 3 MARYLAND STATE & UNIVERSITY EMPLOYEES","Jun 30, 2027",,,"PRIVATE"
"BALTIMORE, THE MAYOR AND CITY COUNCIL (FIRE DEPT.)",2863,"MD BALTIMORE"," (IAFF) 734","Jun 30, 2003","922160","1450","PUBLIC"
"BALTIMORE, THE MAYOR AND CITY COUNCIL (WHITE COLLAR)",2821,"MD BALTIMORE"," (AFT) CUB 800","Jun 30, 2005","921190","4550","PUBLIC"
"BARKO HYDRAULICS, LLC",2460,"WI","BOILERMAKERS AFL-CIO (BBF) 117","Jul 17, 2021",,,"PRIVATE"
"BARKSDALE AIR FORCE BASE - AFB (U.S. DEPARTMENT OF DEFENSE)",4713,"LA","FED EMPL NFFE, DIST 1, IAM, AFL-CIO (NFFE) 1953 ","Nov 1, 2025",,,"PUBLIC"
"BARRE, TOWN OF (DEPARTMENT OF PUBLIC WORKS)",4223,"MA","TEAMSTERS (IBT) 170 ","Jun 30, 2023",,,"PUBLIC"
"BARRETT INDUSTRIES CORPORATION DBA IA CONSTRUCTION CORPORATION",4015,"PA","ENGINEERS, OPERATING, AFL-CIO (IUOE) 66 ","Jan 31, 2020","237310","4","PRIVATE"
"BASE SERVICES OF ATHENS, INC.",4565,"GA","TRANSPORT WORKERS AFL-CIO (TWU) 526 ","Sep 30, 2027",,,"PRIVATE"
"BATH IRON WORKS",332,"ME BATH"," (IAM) S6","May 18, 2016","3366","5000","PRIVATE"
"BATH IRON WORKS",333,"ME BATH"," (IAM) S6","May 18, 2008","3366","5000","PRIVATE"
"BATH IRON WORKS",334,"ME BATH"," (IAM) S6","May 30, 2003","3366","5000","PRIVATE"
"BATH IRON WORKS CORPORATION",4827,"ME","INDEPENDENT GUARD ASSOCIATION  (UNAFF) OF NEVADA LOCAL NO. 1","May 14, 2028",,"5000","PRIVATE"
"BATTLE'S TRANSPORTATION, INC.",4117,"DC","TRANSIT UNION AFL-CIO (ATU) 689 ","May 31, 2025",,,"PRIVATE"
"BAUDER AUDIO SYSTEMS",3990,"PA","STAGE AND PICTURE OPERATORS AFL-CIO (IATSE) 8 ","Dec 1, 2022",,,"PRIVATE"
"BAY AREA ASSOCIATION OF SMACNA CHAPTERS",1285,"CA"," (SEIU) -","Jun 30, 2006","56172","3700","PRIVATE"
"BAY AREA MAINTENANCE CONTRACTORS",859,"CA","SERVICE EMPLOYEES (SEIU) 1877","Apr 30, 2008","56172","5000","PRIVATE"
"BAY AREA RAPID TRANSIT (MAINT, CLERICAL, & PROFESS)",3448,"CA SAN FRANCIS","SERVICE EMPLOYEES (SEIU) 790","Jun 30, 2005","485111","1600","PUBLIC"
"BAY AREA RAPID TRANSIT DISTRICT",3450,"CA","SERVICE EMPLOYEES (SEIU) 790","Jun 30, 2009","485111","1000","PUBLIC"
"BAY COUNTY FL SCHOOL BOARD (SUPPORT)",3329,"FL PANAMA"," (NEA) BESPA","Jun 30, 2006","611110","1500","PUBLIC"
"BAY COUNTY FL SCHOOL BOARD (TEACHERS)",3327,"FL PANAMA"," (NEA) ","Jun 30, 2005","611110","1600","PUBLIC"
"BAY COUNTY LIBRARY SYSTEM",3328,"FL PANAMA"," (NEA) ","Jun 30, 2005","611110","1600","PUBLIC"
"BAY COUNTY LIBRARY SYSTEM",3507,"MI"," (UWU 542) ","Dec 31, 2016",,,"PUBLIC"
"BAY COUNTY LIBRARY SYSTEM",3563,"MI","UTILITY WORKERS AFL-CIO (UWU) 542","Dec 31, 2020",,,"PUBLIC"
"BAY COUNTY LIBRARY SYSTEM",3564,"MI"," (ICEA) 612","Dec 31, 2020",,,"PUBLIC"
"BAY COUNTY LIBRARY SYSTEM",3565,"MI"," (ICEA) 1203","Dec 31, 2020",,,"PUBLIC"
"BAYSIDE TERRACE",3849,"IL","FOOD AND COMMERCIAL WKRS (UFCW) 1546 ","Jan 31, 2023",,,"PRIVATE"
"BEAVER COUNTY ELECTRICAL WELFARE CORPORATION",1049,"PA","ELECTRICAL WORKERS IBEW AFL-CIO (IBEW) 459","Dec 31, 2022","238210","8","PRIVATE"
"BEAVER COUNTY HOUSING AUTHORITY",4035,"PA","ELECTRICAL WORKERS IBEW AFL-CIO (IBEW) 459 ","Dec 31, 2022","28550","31","PUBLIC"
"BEAVERTON SCHOOL DISTRICT NO. 48",3156,"OR"," (BEA, NEA) ","Jun 30, 2006",,,"PUBLIC"
"BECHTEL MARINE PROPULSION CORPORATION",2150,"PA"," (USW) -","Oct 1, 2019","541712",,"PRIVATE"
"BEDFORD PARK, VILLAGE OF (PUBLIC WORKS)",4287,"IL","SERVICE EMPLOYEES (SEIU) 73 ","Dec 31, 2023",,,"PUBLIC"
"BELDEN (FORMERLY CABLE SYSTEMS INTERNATIONAL)",976,"AZ PHOENIX","COMMUNICATIONS WORKERS AFL-CIO (CWA) 7060","Sep 30, 2006","33421","1400","PRIVATE"
"BELL HELICOPTER TEXTRON INC. (PROD & MAINT)",306,"TX FT WORTH","AUTO WORKERS AFL-CIO (UAW) 218","Jun 11, 2016","336411","4900","PRIVATE"
"BELL HELICOPTER TEXTRON INC. (PROD & MAINT)",307,"TX FT WORTH","AUTO WORKERS AFL-CIO (UAW) 218","Jun 11, 2006","336411","4900","PRIVATE"
"BELL HELICOPTER TEXTRON, INC.",2237,"TX","AUTO WORKERS AFL-CIO (UAW) 317","Jun 29, 2003",,,"PRIVATE"
"BELLEVUE, CITY OF",3913,"WA","TEAMSTERS (IBT) 763 ","Dec 31, 2023",,,"PUBLIC"
"BELLINGHAM, CITY OF (SUPERVISORY & PROFESSIONAL UNIT)",3927,"WA","TEAMSTERS (IBT) 231 ","Dec 31, 2022",,,"PUBLIC"
"BELLISIO FOODS, INC. (MINNESOTA CORPORATION)",4500,"OH","FOOD AND COMMERCIAL WKRS (UFCW) 1059 ","Jul 18, 2027",,"700","PRIVATE"
"BELLSOUTH ADVERTISING & PUBLISHING",150,"AL FL GA NC SC"," (CWA) DISTRICT 3","Aug 7, 2004","51114","2340","PRIVATE"
"BELLSOUTH TELECOMMUNICATIONS",436,"NATIONAL"," (CWA) DISTRICT 3","Aug 3, 2019","517110","46200","PRIVATE"
"BELLSOUTH TELECOMMUNICATIONS",437,"NATIONAL"," (CWA) DISTRICT 3","Aug 7, 2004","517110","46200","PRIVATE"
"BELLSOUTH TELECOMMUNICATIONS",4823,"SC","COMMUNICATIONS WORKERS AFL-CIO (CWA) 3704 ","Aug 4, 2029",,"165","PUBLIC"
"BELLSOUTH TELECOMMUNICATIONS (UTILITY OPERATIONS)",2097,"GA"," (CWA) ","Aug 3, 2019","517110","1000","PRIVATE"
"BELLSOUTH TELECOMMUNICATIONS, LLC DBA AT&T (UTILITY OPERATIONS)",4822,"SC","COMMUNICATIONS WORKERS AFL-CIO (CWA) 3704 ","Aug 4, 2029",,"20","PUBLIC"
"BEMIDJI, CITY OF (MUNICIPAL LIQUOR)",4503,"MN","FOOD AND COMMERCIAL WKRS (UFCW) 1189 ","Dec 31, 2024",,,"PUBLIC"
"BEN & JERRY'S (BURLINGTON SCOOP SHOP)",4701,"VT","SCOOPERS UNITED /WORKERS UNITED, SEIU (WU) 1978 CROEMER@RRJB.ORG","Dec 31, 2025",,,"PRIVATE"
"BENECARD CENTRAL FILL, BENECARD PBF, CONTACT FILL",2581,"PA","STATE COUNTY AND MUNI EMPLS AFL-CIO (AFSCME) 90 PA PUBLIC EMPLOYEES, DAUPHIN COUNTY","Aug 31, 2019",,,"PRIVATE"
"BERGEN, TOWN OF",3736,"NY","TEAMSTERS (IBT) 264 ","Dec 31, 2025",,"4","PUBLIC"
"BERGEN, VILLAGE OF",4313,"NY","TEAMSTERS (IBT) 264 ","May 31, 2024",,,"PUBLIC"
"BERING GLOBAL SOLUTIONS, LLC.",3838,"AK","MACHINISTS AFL-CIO (IAM) 20 /MACHINISTS AFL-CIO (IAM) 75 ","Jan 9, 2026","561210","20","PRIVATE"
"BERKELEY SYMPHONY ORCHESTRA",3875,"CA","MUSICIANS AFL-CIO (AFM) 6 MUSICIANS UNION","Jul 31, 2021",,,"PRIVATE"
"BERKSHIRE REFRIGERATED WAREHOUSING, LLC. (WAREHOUSE- DRIVERS)",3840,"IL","MISCELLANEOUS WAREHOUSEMEN, AIRLINE, AUTOMOTIVE PARTS, SERVICE, TIRE AND RENTAL, CHEMICAL AND PETROLEUM, ICE, PAPER AND RELATED CLERICAL AND PRODUCTION EMPLOYEES UNION /TEAMSTERS (IBT) 781 ","Feb 28, 2025",,,"PRIVATE"
"BERNARD FOOD INDUSTRIES, INC.",1136,"IL","FOOD AND COMMERCIAL WKRS (UFCW) 1546","Jan 31, 2020","311900","13","PRIVATE"
"BERRY GLOBAL, INC.",843,"PA","FOOD AND COMMERCIAL WKRS (UFCW) 195 T","Jan 31, 2025",,,"PRIVATE"
"BERWYN, CITY OF (CROSSING GUARD / PARKING)",4276,"IL","SERVICE EMPLOYEES (SEIU) 73 ","Dec 31, 2023",,,"PUBLIC"
"BESSER COMPANY",1790,"IA","BOILERMAKERS AFL-CIO (BBF) 83","Jan 31, 2010","316999","1000","PRIVATE"
"BESSER COMPANY",2466,"MI","BOILERMAKERS AFL-CIO (BBF) 472 D CEMENT WORKERS","May 1, 2019",,,"PRIVATE"
"BESTFOODS BAKING COMPANY, INC. (BAKERY DRIVERS)",963,"CA SOUTHERN"," (IBT) 63, 683 ET. AL.","Jun 3, 2006","311812","3000","PRIVATE"
"BET TZEDEK LEGAL SERVICES",3591,"CA","BET TZEDEK LEGAL SERVICES UNION ","Dec 31, 1997",,,"PUBLIC"
"BETHLEHEM AREA SCHOOL DISTRICT BOARD OF  SCHOOL DIRECTORS (CUSTODIAL AND MAINTENANCE)",4569,"PA","TEAMSTERS (IBT) 773 ","Jun 30, 2027",,,"PUBLIC"
"BEYOND EXHIBITS LOGISTICS",2316,"IL"," (CRCC) ","May 31, 2020",,,"PRIVATE"
"BF GOODRICH TIRE MANUFACTURING",165,"AL, IN","STEELWORKERS, AFL-CIO (USW) 07 715 L","Jul 22, 2006",,,"PRIVATE"
"BFI WASTE SERVICES, LLC",2227,"DE","TEAMSTERS (IBT) 326 GENERAL TEAMSTERS","Feb 15, 2020",,,"PRIVATE"
"BGIS-GLOBAL INTEGRATED SOLUTIONS, LLC-EVOQUE",4609,"IL","ENGINEERS, OPERATING, AFL-CIO (IUOE) 399 ","Dec 31, 2024",,,"PRIVATE"
"BHP COPPER CO.",1089,"AZ","BOILERMAKERS AFL-CIO (BBF) 627/ELECTRICAL WORKERS IBEW AFL-CIO (IBEW) 518/ENGINEERS, OPERATING, AFL-CIO (IUOE) 428/PLUMBERS AFL-CIO (PPF) 469/TEAMSTERS (IBT) 104","Jun 30, 2010","212234","3200","PRIVATE"
"BHP COPPER CO.",1851,"FL","ELECTRICAL WORKERS IBEW AFL-CIO (IBEW) 518/ENGINEERS, OPERATING, AFL-CIO (IUOE) 428/PLUMBERS AFL-CIO (PPF) 469/TEAMSTERS (IBT) 104","Jun 30, 2013","212234","3200","PRIVATE"
"BICYCLE TRANSIT SYSTEMS, INC.",4728,"CA","TRANSPORT WORKERS AFL-CIO (TWU) ","Dec 31, 2025",,,"PRIVATE"
"BIG RIDGE, INC. OF EQUALITY, ILLINOIS",2263,"IL"," (IBB) S-8","Apr 15, 2011",,,"PRIVATE"
"BILL WALSH AUTOMOTIVE GM, OTTAWA",1752,"IL","MACHINISTS AFL-CIO (IAM) 701","Jun 30, 2002","4411","14","PRIVATE"
"BILL WALSH AUTOMOTIVE GM, STREATOR",1750,"IL","MACHINISTS AFL-CIO (IAM) 701","Jun 30, 2002","4411","7","PRIVATE"
"BILLINGS MT, PUBLIC SCHOOLS DISTRICT NO. 2 BOARD OF TRUSTEES (TEACHERS)",3364,"MT BILLINGS"," (AFT) BEA","Jun 30, 2006","611110","1050","PUBLIC"
"BIMBO BAKERIES USA, INC.",1757,"IN","BAKERY, TOBACCO AND GRAIN AFL-CIO (BCTGMI) 1","Mar 2, 2019",,,"PRIVATE"
"BKRP, LLC",883,"NJ","ENGINEERS, OPERATING, AFL-CIO (IUOE) 68","Dec 31, 2022",,,"PRIVATE"
"BLAINE, CITY OF (NON UNIFORM UNIT)",3937,"WA","TEAMSTERS (IBT) 231 ","Dec 31, 2023",,,"PUBLIC"
"BLAINE, CITY OF (NON-UNIFORM MANAGER)",3936,"WA","MACHINISTS AFL-CIO (IAM) 160 ","Dec 31, 2022",,,"PUBLIC"
"BLAINE, CITY OF (WAREHOUSE)",3802,"WA","ELECTRICAL WORKERS IBEW AFL-CIO (IBEW) 77 ","Dec 31, 2024",,,"PUBLIC"
"BLAINE, CITY OF POLICE DEPARTMENT",3782,"MN","FRATERNAL ORDER OF POLICE MATT HERZOG MEMORIAL 24","Dec 31, 2024",,,"PUBLIC"
"BLOOMBERG BNA",2178,"VA ARLINGTON"," (WBNG) 32035","Feb 28, 2019",,,"PRIVATE"
"BLOOMINGDALE BROS. DEPT. STORE",584,"NY","UFCW/RWDSU 3","Apr 30, 2008","452110","4000","PRIVATE"
"BLOOMINGDALE BROS. DEPT. STORE",585,"NY NEW YORK","UFCW/RWDSU 3","Oct 1, 2007","452110","4000","PRIVATE"
"BLOOMINGDALE, VILLAGE OF",4466,"IL","ENGINEERS, OPERATING, AFL-CIO (IUOE) 150 ","Apr 30, 2021",,,"PUBLIC"
"BLOOMINGTON, CITY OF",3547,"IL","LABORERS  (LIUNA) 362","Apr 30, 2017","813930",,"PUBLIC"
"BLUE CROSS-BLUE SHIELD OF MI",728,"MI","AUTO WORKERS AFL-CIO (UAW) 1781/AUTO WORKERS AFL-CIO (UAW) 2145/AUTO WORKERS AFL-CIO (UAW) 2256/AUTO WORKERS AFL-CIO (UAW) 2500","Aug 31, 2008","524114","3000","PRIVATE"
"BLUE CROSS-BLUE SHIELD OF MI",729,"MI","AUTO WORKERS AFL-CIO (UAW) 1781/AUTO WORKERS AFL-CIO (UAW) 2145/AUTO WORKERS AFL-CIO (UAW) 2256/AUTO WORKERS AFL-CIO (UAW) 2500","Aug 31, 2005","524114","3000","PRIVATE"
"BLUE CROSS-BLUE SHIELD OF NJ",721,"NJ","OFFICE AND PROFESSIONAL EMPLS AFL-CIO (OPEIU) 32","Apr 30, 2013","524114","1600","PRIVATE"
"BLUE CROSS-BLUE SHIELD OF NJ",722,"NJ NEWARK","OFFICE AND PROFESSIONAL EMPLS AFL-CIO (OPEIU) 32","Apr 30, 2005","524114","1600","PRIVATE"
"BLUE SPRINGS, CITY OF",4649,"MO","MACHINISTS AFL-CIO (IAM) 778 ","Sep 30, 2027",,,"PUBLIC"
"BMT- NORTHWEST",1807,"WA","BOILERMAKERS AFL-CIO (BBF) 104","Sep 5, 2010","238390","1000","PRIVATE"
"BOB BERNARD & ASSOCIATE MECHANICAL",1758,"LA"," (UA) 198","Aug 31, 2019",,,"PRIVATE"
"BODEGA LATINA CORPORATION DBA EL SUPER",4783,"CA","FOOD AND COMMERCIAL WKRS (UFCW) 1167 /FOOD AND COMMERCIAL WKRS (UFCW) 1428 /FOOD AND COMMERCIAL WKRS (UFCW) 324 /FOOD AND COMMERCIAL WKRS (UFCW) 770 ","Apr 16, 2025",,,"PRIVATE"
"BODEGA LATINA CORPORATION DBA EL SUPER (SPANISH / ESPAÑOL VERSION)",4782,"CA","FOOD AND COMMERCIAL WKRS (UFCW) 1167 /FOOD AND COMMERCIAL WKRS (UFCW) 1428 /FOOD AND COMMERCIAL WKRS (UFCW) 324 /FOOD AND COMMERCIAL WKRS (UFCW) 770 ","Apr 16, 2025",,,"PRIVATE"
"BOEING - CORINTH, CO (NOW LABINAL, INC.)",372,"TX CORINTH","MACHINISTS AFL-CIO (IAM) 2317","Jan 13, 2005","336414","1139","PRIVATE"
"BOEING AEROSPACE OPERATIONS (T-38 AVIONICS COMPONENT INTEGRATION - AVCI) COMBS/FSR PERSONNEL",4392,"NATIONAL","MACHINISTS AFL-CIO (IAM) 171 /MACHINISTS AFL-CIO (IAM) 36 ALAMO CITY/MACHINISTS AFL-CIO (IAM) 50 /MACHINISTS AFL-CIO (IAM) 75 /MACHINISTS AFL-CIO (IAM) 776 /MACHINISTS AFL-CIO (IAM) 898 ","Jun 30, 2027",,,"PRIVATE"
"BOEING AEROSPACE OPERATIONS (T-38 AVIONICS COMPONENT INTEGRATION - AVCI) COMBS/FSR PERSONNEL",4443,"NATIONAL","MACHINISTS AFL-CIO (IAM) 171 /MACHINISTS AFL-CIO (IAM) 2341 /MACHINISTS AFL-CIO (IAM) 2771 /MACHINISTS AFL-CIO (IAM) 776 A ","Jun 30, 2024",,,"PRIVATE"
"BOEING AEROSPACE OPERATIONS INC. (C-17 TRAINING SYSTEM)",3886,"OK","MACHINISTS AFL-CIO (IAM) 135 /MACHINISTS AFL-CIO (IAM) 171 /MACHINISTS AFL-CIO (IAM) 751 /MACHINISTS AFL-CIO (IAM) 751 C ","Aug 18, 2026",,,"PRIVATE"
"BOEING CO.",314,"WA KS OR","MACHINISTS AFL-CIO (IAM) 24/MACHINISTS AFL-CIO (IAM) 70/MACHINISTS AFL-CIO (IAM) 751","Sep 1, 2005","336411","25000","PRIVATE"
"BOEING CO.",315,"NATIONAL","IAM, AFL-CIO ","Jan 3, 2014","336411","25000","PRIVATE"
"BOEING CO. (COMMERCIAL AIRPLANE & AIRCRAFT MISSILES)",320,"CA"," (UWA) -","Apr 25, 2004","541710","1000","PRIVATE"
"BOEING CO. (ENGINEERING UNIT)",312,"FL OR UT WA"," (SPEEA) ","Nov 1, 2005","541710","11274","PRIVATE"
"BOEING CO. (ENGINEERING UNIT)",373,"KS WICHITA"," (SPEEA) -","Feb 19, 2008","541710","1280","PRIVATE"
"BOEING CO. (PROFESSIONAL UNIT)",311,"DE"," (SPEEA) LOCAL 2001","Dec 1, 2008","541710","11274","PRIVATE"
"BOEING CO. (PROFESSIONAL UNIT)",313,"DE"," (SPEEA) -","Oct 6, 2012","541710","11274","PRIVATE"
"BOEING CO. (ROTORCRAFT DIV.)",316,"DE PA","AUTO WORKERS AFL-CIO (UAW) 1069","Sep 1, 2005","336411","1400","PRIVATE"
"BOEING CO. (TECHNICAL BARGAINING UNITS)",356,"DE"," (SPEEA) LOCAL 2001","Dec 1, 2005","541710","8427","PRIVATE"
"BOEING CO. (TECHNICAL UNIT)",355,"DE"," (SPEEA) LOCAL 2001","Dec 1, 2008","541710","8427","PRIVATE"
"BOEING CO. (TECHNICAL UNIT)",357,"DE"," (SPEEA) -","Oct 6, 2012","541710","8427","PRIVATE"
"BOEING CO. (WAS ROCKWELL INTERNATIONAL)",325,"NATIONAL"," (-) -","May 14, 2003",,,"PRIVATE"
"BOEING COMMERCIAL AIRPLANE-LONG BEACH",319,"CA"," (UAW, AID) 725","Oct 23, 2005",,,"PRIVATE"
"BOGUE SYSTEMS, INC.",4192,"NJ","TEAMSTERS (IBT) 11 ","Dec 31, 2022","335311","7","PRIVATE"
"BOILERMAKERS EMPLOYERS OF W. PA",1722,"PA","BOILERMAKERS AFL-CIO (BBF) 154","May 31, 2012","23892","1200","PRIVATE"
"BOILERMAKERS EMPLOYERS OF W. PA",1723,"PA PITTSBURGH","BOILERMAKERS AFL-CIO (BBF) 154","May 31, 2006","23892","1200","PRIVATE"
"BOILERMAKERS, LOCAL 104",4046,"WA","TEAMSTERS (IBT) 174 ","Dec 31, 2022",,"1","PRIVATE"
"BOISE CITY BOARD OF EDUCATION (TEACHERS)",3419,"ID BOISE"," (NEA) BEA","Aug 25, 2003","611110","1600","PUBLIC"
"BON-MACY'S",535,"WA SEATTLE","FOOD AND COMMERCIAL WKRS (UFCW) 1101","Apr 30, 2006","45211","1200","PRIVATE"
"BORDER RECAPPING, LLC (FONTANA RETREAD PLANT)",4319,"CA","TEAMSTERS (IBT) 495 ","Sep 30, 2025",,,"PRIVATE"
"BORDER RECAPPING, LLC (PARAMOUNT)",4315,"CA","TEAMSTERS (IBT) 495 ","Sep 30, 2025",,,"PRIVATE"
"BORG-WARNER AUTOMOTIVE DIVERSIFIED TRANSMISSION PRODS CORP",289,"IN MUNCIE","AUTO WORKERS AFL-CIO (UAW) 287","Mar 12, 2006","336312","1200","PRIVATE"
"BOSTON CITY SCHOOL COMMITTEE (TEACHERS)",3187,"MA BOSTON"," (AFT) SLET 66","Aug 31, 2006","611110","5800","PUBLIC"
"BOSTON GLOBE",149,"MA"," (CWA) -","Dec 31, 2000","23816","1200","PRIVATE"
"BOSTON MEDICAL CENTER (CLERKS & TECHS)",2818,"MA BOSTON"," (SEIU) 2020","Sep 30, 2006","921190","900","PUBLIC"
"BOSTON PARK PLAZA HOTEL",3856,"MA","SERVICE EMPLOYEES (SEIU) 3 FIREMEN & OILERS","Jun 30, 2023",,,"PRIVATE"
"BOSTON RED SOX (GROUNDS)",4675,"MA","SERVICE EMPLOYEES (SEIU) 32 B /SERVICE EMPLOYEES (SEIU) 615","Jan 1, 2023",,,"PRIVATE"
"BOSTON ROOFING CONTRACTORS ASSOCIATION OF BTEA & SMACNA",1684,"MA EASTERN"," (SMW) 17","Jul 31, 2005","23816","1200","PRIVATE"
"BOSTON SHIP REPAIR",2597,"MA"," (IAM) LOCAL LODGE S-25 / DISTRICT LODGE 4","May 31, 2022",,"60","PRIVATE"
"BOSTON SHIPPING ASSOCIATION, INC.",2287,"MA","LONGSHOREMENS ASN AFL-CIO (ILA) 1604","Sep 30, 2018",,,"PRIVATE"
"BOSTON, CITY OF (BLUE COLLAR)",2827,"MA BOSTON","STATE COUNTY AND MUNI EMPLS AFL-CIO (AFSCME) 93 AFSCME","Jun 30, 2006","921190","3000","PUBLIC"
"BOSTON, CITY OF (FIRE DEPT.)",2847,"MA BOSTON"," (IAFF) 718","Jun 30, 2000","922160","1600","PUBLIC"
"BOSTON, CITY OF (INSPECTIONAL SERVICES DEPARTMENT)",4220,"MA","STATE COUNTY AND MUNI EMPLS AFL-CIO (AFSCME) 93 AFSCME","Jun 30, 2023",,,"PUBLIC"
"BOSTON,CITY OF (POLICE DEPT.)",2830,"MA BOSTON"," (IUPA) BPPA","Jun 30, 2006","922120","1900","PUBLIC"
"BOULDER PHILHARMONIC ORCHESTRA",1382,"CO","DENVER MUSICIANS ASSOCIATION 20-623","Jun 30, 2022",,,"PRIVATE"
"BOULDER VALLEY SCHOOL DISTRICT RE 2J (PARAEDUCATORS)",3220,"CO BOULDER"," (BVPA (I)) ","Jun 30, 2006","611110","1000","PUBLIC"
"BOULDER VALLEY SCHOOL DISTRICT RE 2J(TEACHERS)",3221,"CO BOULDER"," (NEA) BVEA","Jun 30, 2006","611110","1600","PUBLIC"
"BOWATER NEWSPRINT",126,"TN CALHOUN","UPIU/PACE 175,788,790,653","Jul 3, 2008","322121","1000","PRIVATE"
"BOWIE, CITY OF",4734,"MD","STATE COUNTY AND MUNI EMPLS AFL-CIO (AFSCME) 3 MARYLAND STATE & UNIVERSITY EMPLOYEES","Jun 30, 2027",,,"PUBLIC"
"BP PRODUCTS NORTH AMERICA, INC. (WHITING REFINERY)",4158,"IN","OFFICE AND PROFESSIONAL EMPLS AFL-CIO (OPEIU) 9 ","Sep 30, 2027",,,"PRIVATE"
"BRACH'S INCORPORATED",73,"IL CHICAGO","TEAMSTERS (IBT) 738","Dec 31, 2003","311340","2000","PRIVATE"
"BRADFORD AREA SCHOOL BOARD",3626,"PA","TEAMSTERS 110","Jun 30, 2020",,,"PUBLIC"
"BRAND ENERGY SERVICES, LLC/SAFWAY SERVICES, LLC/PERFORMANCE CONTRACTING, INC.",2389,"WA"," (CJA) PACIFIC NORTHWEST REGIONAL COUNCIL","May 31, 2019",,,"PRIVATE"
"BRANDT COMPANIES, LLC. (WACO)",3956,"TX","SHEET METAL, AIR, RAIL AND TRANSPORTATION WORKERS (SMART) 67 SM ","Apr 30, 2026","238220","6","PRIVATE"
"BREMERTON, CITY OF",4833,"WA","TEAMSTERS (IBT) 589 ","Dec 31, 2027",,,"PUBLIC"
"BRENTWOOD NY UNION FREE SCHOOL DISTRICT BD OF EDUC (TEACHERS)",3256,"NY BRENTWOOD"," (NEA) BTA","Jun 30, 2006","611110","950","PUBLIC"
"BREVARD COUNTY SCHOOL BOARD (CLASSIFIED)",3131,"FL MELBOURNE","PAINTERS AFL-CIO (PAT) 1010","Jun 30, 2006","611110","2600","PUBLIC"
"BREVARD COUNTY SCHOOL BOARD (TEACHERS)",3130,"FL MELBOURNE"," (AFT) BFT 2089","Jun 30, 2006","611110","4000","PUBLIC"
"BRIAR INDUSTRIES, INC.",4445,"NJ","FOOD AND COMMERCIAL WKRS (UFCW) 2013 ","Jul 31, 2024",,,"PRIVATE"
"BRICKLAYERS TRADE AGREEMENT",1337,"NY NEW YORK"," (BAC) 1","Jun 30, 2005","23814","1700","PRIVATE"
"BRIDGEPORT (TEACHERS)",3323,"CT BRIDGEPORT"," (BEA) ","Jun 30, 2004","611110","1500","PUBLIC"
"BRIDGEPORT BOARD OF EDUCATION",3324,"CT BRIDGEPORT"," (BEA) ","Jun 30, 2004","611110","1500","PUBLIC"
"BRIDGESTONE-FIRESTONE TIRE CO.",163,"OH IA TN OK AK","STEELWORKERS, AFL-CIO (USW) 12 998 L","Jul 23, 2006","326211","6000","PRIVATE"
"BRIDGEVILLE, VILLAGE OF",4286,"IL","SERVICE EMPLOYEES (SEIU) 73 ","Apr 30, 2025",,,"PUBLIC"
"BRIGGS AND STRATTON CORP.",215,"WI MILWAUKEE","UPIU/PACE 7232","Jul 31, 2006","3363","2500","PRIVATE"
"BRIGHAM & WOMEN'S HOSPITAL/PARTNERS HC SYSTEM",854,"MA BOSTON"," (MNA/ANA) ","Sep 30, 2006","62211","2000","PRIVATE"
"BRIGHT AUTO REPAIR",1389,"IL"," (AMU) 701","Jun 30, 2022",,"2","PRIVATE"
"BRISTOL COUNTY (TREASURER'S / COMMISSIONER'S OFFICE)",3919,"MA","TEAMSTERS (IBT) 59 ","Jun 30, 2023",,,"PUBLIC"
"BROOME COUNTY (WHITE COLLAR)",3053,"NY BINGHAMPTON"," (AFSCME) CSEA 1000","Dec 31, 2005","921190","1200","PUBLIC"
"BROWARD COUNTY SCHOOL BOARD (FOOD SVC)",3381,"FL FT LAUDERDALE"," (MEBA) FPE","Aug 15, 2006","611110","1300","PUBLIC"
"BROWARD COUNTY SCHOOL BOARD (MAINT & TRANSP)",3298,"FL FT LAUDERDALE"," (MEBA) FPE","Aug 15, 2007","611110","2800","PUBLIC"
"BROWARD COUNTY SHERIFF'S OFFICE",3227,"FL FT LAUDERDALE"," (NFPPE) FPE","Sep 30, 2004","922120","2262","PUBLIC"
"BROWARD COUNTY, BOARD OF COUNTY COMMISSIONERS (BLUE COLLAR)",3150,"FL FT LAUDERDALE"," (FPE) ","Sep 30, 2006","921190","1421","PUBLIC"
"BROWARD COUNTY, BOARD OF COUNTY COMMISSIONERS (CLERICAL)",3105,"FL FT LAUDERDALE"," (MEBA) FPU","Jun 30, 2007","611110","1000","PUBLIC"
"BROWARD COUNTY, BOARD OF COUNTY COMMISSIONERS (PROFESSIONALS)",3194,"FL FT LAUDERDALE","OFFICE AND PROFESSIONAL EMPLS AFL-CIO (OPEIU) 100","Sep 30, 2005","921190","1329","PUBLIC"
"BROWARD COUNTY, BOARD OF COUNTY COMMISSIONERS (WHITE COLLAR)",3149,"FL FT LAUDERDALE"," (ATU) 1591","Sep 30, 2005","921190","1970","PUBLIC"
"BROWN & WILLIAMSON TOBACCO CORP.",89,"GA MACON"," (BCTW) 362-T","Sep 1, 2005","312221","1500","PRIVATE"
"BROWN COUNTY CONSTRUCTION CO. INC.",2291,"OH"," (BCCEA) ","Dec 31, 2020",,,"PRIVATE"
"BRUCE FOX, INC.",4345,"IN","STEELWORKERS, AFL-CIO (USW) /STEELWORKERS, AFL-CIO (USW) 08 1693 S ","Oct 31, 2024",,,"PRIVATE"
"BRUNO'S INC., BRUNO'S FOOD & PHARMACY DIV. MOA",668,"AL","FOOD AND COMMERCIAL WKRS (UFCW) 1657","Jul 25, 2009","445110","1419","PRIVATE"
"BRUNO'S INC., BRUNO'S FOOD & PHARMACY DIV. MOA",669,"AL","FOOD AND COMMERCIAL WKRS (UFCW) 1657","Oct 29, 2005","445110","1419","PRIVATE"
"BRUNO'S INC., FOOD WORLD DIV. MOA",667,"AL","FOOD AND COMMERCIAL WKRS (UFCW) 1657","Oct 29, 2005","445110","4302","PRIVATE"
"BRYAN FOODS, INC.",74,"MS WEST POINT","FOOD AND COMMERCIAL WKRS (UFCW) 1991","Jan 30, 2007","311611","1800","PRIVATE"
"BRYANT PRINTING, LLC.",2593,"IN","STEELWORKERS, AFL-CIO (USW) 7 706","Mar 29, 2022","323100","1","PRIVATE"
"BUCK KREIHS MARINE REPAIR, L.L.C",2501,"LA","BOILERMAKERS AFL-CIO (BBF) 37","Jan 31, 2024","336611","2","PRIVATE"
"BUCKEYE RURAL ELECTRIC COOPERATIVE, INC.",4212,"OH","ELECTRICAL WORKERS IBEW AFL-CIO (IBEW) 2359 ","Dec 31, 2021",,,"PRIVATE"
"BUDD CO.",288,"KY SHELBYVILLE","AUTO WORKERS AFL-CIO (UAW) 2383","Feb 6, 2005","336211","1000","PRIVATE"
"BUDD CO.",290,"MI PA","AUTO WORKERS AFL-CIO (UAW) 306/AUTO WORKERS AFL-CIO (UAW) 757/AUTO WORKERS AFL-CIO (UAW) 813","Oct 28, 2005","336211","2000","PRIVATE"
"BUDGET RENT A CAR SYSTEM, INC. (SERVICE AGENTS, RENTAL SALES ASSOCIATES)",833,"PA","OFFICE AND PROFESSIONAL EMPLS AFL-CIO (OPEIU) 32","Oct 31, 2024",,,"PRIVATE"
"BUFFALO BOARD OF EDUCATION",4140,"NY","BUFFALO TEACHERS FEDERATION ","Jun 30, 2019",,,"PUBLIC"
"BUFFALO CITY SCHOOL DISTRICT (TEACHERS)",3155,"NY BUFFALO"," (BTF) ","Jun 30, 2004","611110","3900","PUBLIC"
"BUFFALO NEWS INC.",2270,"NY","COMMUNICATIONS WORKERS AFL-CIO (CWA) 31026","Jul 31, 2016",,,"PRIVATE"
"BUFFALO, CITY OF (FIREFIGHTERS)",2931,"NY BUFFALO"," (IAFF) PBFA","Jun 30, 2002","922160","900","PUBLIC"
"BUFFALO, CITY OF (POLICE)",3129,"NY BUFFALO"," (PBA) BPBA","Jun 30, 2007","922120","1000","PUBLIC"
"BUILDERS ASSOCIATION OF E. OH & W. PA (HVY-HWY-RESID)",1309,"OH YOUNGSTOWN","ENGINEERS, OPERATING, AFL-CIO (IUOE) 66","May 31, 2006","23731","1300","PRIVATE"
"BUILDERS' ASSOCIATION OF MISSOURI",2241,"MO","LABORERS  (LIUNA) 840","Feb 28, 2005",,,"PRIVATE"
"BUILDERS' ASSOCIATION OF MO",1066,"MO KANSAS CITY","BRICKLAYERS AFL-CIO (BAC) 15","Mar 31, 2007","23621","1000","PRIVATE"
"BUILDERS' ASSOCIATION OF MO",1067,"MO KANSAS CITY","ENGINEERS, OPERATING, AFL-CIO (IUOE) 101","Mar 31, 2007","23621","3200","PRIVATE"
"BUILDERS' ASSOCIATION OF MO",1072,"MO KANSAS CITY","TEAMSTERS (IBT) 541","Mar 31, 2007","23621","2000","PRIVATE"
"BUILDERS' ASSOCIATION OF MO",1073,"MO","TEAMSTERS (IBT) 541","Mar 31, 2014","23621","2000","PRIVATE"
"BUILDERS' ASSOCIATION OF MO",1100,"MO SPRINGFIELD","ENGINEERS, OPERATING, AFL-CIO (IUOE) 101","Mar 31, 2007","23621","3200","PRIVATE"
"BUILDERS' ASSOCIATION OF MO",1301,"MO KANSAS CITY","PAINTERS AFL-CIO (PAT) 3","Mar 31, 2009","23622","1200","PRIVATE"
"BUILDERS' ASSOCIATION OF MO",1302,"MO KANSAS CITY KS","PAINTERS AFL-CIO (PAT) 3","Mar 31, 2019",,,"PRIVATE"
"BUILDERS' ASSOCIATION OF MO",1303,"MO KANSAS CITY","PAINTERS AFL-CIO (PAT) 3","Mar 31, 2005","23622","1200","PRIVATE"
"BUILDERS' ASSOCIATION OF MO",1304,"MO","PAINTERS AFL-CIO (PAT) 3","Mar 31, 2011","23622","1200","PRIVATE"
"BUILDERS' ASSOCIATION OF MO",1305,"MO","PAINTERS AFL-CIO (PAT) 3","Mar 31, 2014","23622","1200","PRIVATE"
"BUILDERS' ASSOCIATION OF MO",1425,"MO","LABORERS  (LIUNA) 2/LABORERS  (LIUNA) 290/LABORERS  (LIUNA) 641","Mar 31, 2011","23621","1500","PRIVATE"
"BUILDERS' ASSOCIATION OF MO",1426,"MO KANSAS CITY","LABORERS  (LIUNA) 264/LABORERS  (LIUNA) 290","Mar 31, 2007","23621","1500","PRIVATE"
"BUILDERS' ASSOCIATION OF MO",1427,"MO","LABORERS  (LIUNA) 2/LABORERS  (LIUNA) 290/LABORERS  (LIUNA) 641","Mar 31, 2014","23621","1500","PRIVATE"
"BUILDERS' ASSOCIATION OF MO",1726,"KANSAS CITY","IRON WORKERS AFL-CIO (BSOIW) 10","Mar 31, 2009",,,"PRIVATE"
"BUILDERS' ASSOCIATION OF MO",1727,"MO","IRON WORKERS AFL-CIO (BSOIW) 10","Mar 31, 2017","23621","1000","PRIVATE"
"BUILDERS' ASSOCIATION OF MO",1728,"MO KANSAS CITY","IRON WORKERS AFL-CIO (BSOIW) 10","Mar 31, 2005","23621","1000","PRIVATE"
"BUILDERS' ASSOCIATION OF MO",1729,"MO","IRON WORKERS AFL-CIO (BSOIW) 10","Mar 31, 2013","23621","1000","PRIVATE"
"BUILDERS' ASSOCIATION OF MO",1730,"MO","IRON WORKERS AFL-CIO (BSOIW) 10","Mar 31, 2013","23621","1000","PRIVATE"
"BUILDERS' ASSOCIATION OF PA",1223,"PA"," (UBC) 1073","Apr 30, 2015","23621","10000","PRIVATE"
"BUILDERS' ASSOCIATION OF PA",1224,"PA"," (CJA) METRO RC","Apr 30, 2012","23621","10000","PRIVATE"
"BUILDING & REALTY INST OF WESTCHESTER & MID-HUDSON",718,"NY ARMONK","SERVICE EMPLOYEES (SEIU) 32 BJ","Sep 30, 2006","531110","3500","PRIVATE"
"BUILDING CONTRACTORS ASSOCIATION",1613,"NY NASSAU,SUFFOLK","LABORERS  (LIUNA) 66","Jun 30, 2005","23622","1000","PRIVATE"
"BUILDING CONTRACTORS ASSOCIATION",1632,"NY NEW YORK"," (UBC) DC OF NYC","Jun 30, 2006","23622","15000","PRIVATE"
"BUILDING CONTRACTORS ASSOCIATION ET. AL. (BLDG CONSTR)",1191,"NY WESTCHESTER","ENGINEERS, OPERATING, AFL-CIO (IUOE) 137","Mar 5, 2006","23621","1200","PRIVATE"
"BUILDING CONTRACTORS ASSOCIATION OF FORT WAYNE INC.",1853,"IN"," -","May 31, 2017",,,"PRIVATE"
"BUILDING CONTRACTORS ASSOCIATION OF FORT WAYNE INC.",1854,"IN","PLASTERERS AND CEMENT MASONS AFL-CIO (OPCM) 692","May 31, 2012","238140","1730","PRIVATE"
"BUILDING CONTRACTORS ASSOCIATION OF FORT WAYNE INC.",2130,"IN FORT WAYNE","LABORERS  (LIUNA) 213","May 31, 2017","813910",,"PRIVATE"
"BUILDING CONTRACTORS ASSOCIATION OF FORT WAYNE, INDIANA, INC.",1583,"IN","LABORERS  (LIUNA) 213","May 31, 2017","813910",,"PRIVATE"
"BUILDING CONTRACTORS ASSOCIATION OF NJ",1352,"NJ"," (UBC) NJ REG COUNCIL","Apr 30, 2007","23622","15000","PRIVATE"
"BUILDING CONTRACTORS ASSOCIATION OF NJ & INDEPENDENTS",1042,"NJ NORTHERN","IRON WORKERS AFL-CIO (BSOIW) 11/IRON WORKERS AFL-CIO (BSOIW) 373/IRON WORKERS AFL-CIO (BSOIW) 45/IRON WORKERS AFL-CIO (BSOIW) 480/IRON WORKERS AFL-CIO (BSOIW) 483","Jun 30, 2005","23621","1000","PRIVATE"
"BUILDING CONTRACTORS ASSOCIATION OF WESTCHESTER & MID-HUDSON",1188,"WESTCHESTER & PUTNAM","LABORERS  (LIUNA) 235","Apr 30, 2005","23622","1100","PRIVATE"
"BUILDING CONTRACTORS' ASSOCIATION. (MASON TENDERS)",1043,"NY NEW YORK","LABORERS  (LIUNA) 78/LABORERS  (LIUNA) 79","Jun 30, 2006","23622","7200","PRIVATE"
"BUILDING DIVISION - ICA, INC",1880,"IN","PLASTERERS AND CEMENT MASONS AFL-CIO (OPCM) 692","Mar 31, 2018","238140","1000","PRIVATE"
"BUILDING DIVISION - ICA, INC",1881,"IN","PLASTERERS AND CEMENT MASONS AFL-CIO (OPCM) 692","Mar 31, 2015","238140","1730","PRIVATE"
"BUILDING DIVISION - ICA, INC",1882,"IN, KY","PLASTERERS AND CEMENT MASONS AFL-CIO (OPCM) 692","Mar 31, 2012","238140","1730","PRIVATE"
"BUILDING DIVISION - ICA, INC",1894,"IN","ENGINEERS, OPERATING, AFL-CIO (IUOE) 181","Mar 31, 2012","23731","4490","PRIVATE"
"BUILDING DIVISION - ICA, INC",1896,"IN","ENGINEERS, OPERATING, AFL-CIO (IUOE) 181","Mar 31, 2015","23731","4490","PRIVATE"
"BUILDING HEAVY CONSTRUCTION",1584,"IL SOUTHWEST","ENGINEERS, OPERATING, AFL-CIO (IUOE) 520","Jul 31, 2004","23731","1500","PRIVATE"
"BUILDING INDUSTRY ASSOCIATION OF PHILADELPHIA (RESID)",1222,"PA PHILADELPHIA"," (UBC) 1073","Apr 30, 2009","2361","10000","PRIVATE"
"BUILDING LABORERS' AGMT/ALLIED CNSTR EMPLOYERS ASSOCIATION",881,"WI MILWAUKEE","LABORERS  (LIUNA) 113","May 31, 2012","23622","1650","PRIVATE"
"BUILDING LABORERS' AGMT/ALLIED CNSTR EMPLOYERS ASSOCIATION & AGC OF GREATER MILWAUKEE",882,"WI","LABORERS  (LIUNA) 113","May 31, 2008",,,"PRIVATE"
"BUILDING LABORERS', HEAVY & HIGHWAY CONSTRUCTION",1198,"DC WASHINGTON","LABORERS  (LIUNA) 0 WASHINGTON DC & VICINITY","May 31, 2005","23621","2500","PRIVATE"
"BUILDING MATERIAL CONTRACTORS INDUSTRY",539,"NY","TEAMSTERS (IBT) 282","Jun 30, 2008",,,"PRIVATE"
"BUILDING MATERIAL CONTRACTORS INDUSTRY",1558,"LAKE SUCCESS, NY","TEAMSTERS (IBT) 282","Jun 30, 2008","32742","4700","PRIVATE"
"BUILDING MATERIAL SUPPLIERS",1557,"NY NASSAU","TEAMSTERS (IBT) 282","Jun 30, 2005","32742","4700","PRIVATE"
"BUILDING OPERATORS LABOR RELATIONS, INC.",813,"PA PHILADELPHIA","SERVICE EMPLOYEES (SEIU) 36","Oct 15, 2007","53111","4000","PRIVATE"
"BUILDING OWNERS & MGRS ASSOCIATION OF CHICAGO (JANITORS)",715,"IL CHICAGO"," (SEIU) 1","Apr 9, 2006","531110","1800","PRIVATE"
"BUILDING OWNERS & MGRS ASSOCIATION OF CHICAGO (SEC)",719,"IL CHICAGO"," (SEIU) 1","Apr 9, 2006","531110","2000","PRIVATE"
"BUILDING PEOPLE, LLC. , THE (ASLAC FACILITY)",4534,"VA","ENGINEERS, OPERATING, AFL-CIO (IUOE) 465 ","Jul 31, 2027",,,"PRIVATE"
"BUILDING PEOPLE, THE (FORMERLY CSC ELECTRIC)",3891,"AZ","ENGINEERS, OPERATING, AFL-CIO (IUOE) 428 ","Oct 31, 2027",,,"PRIVATE"
"BUILDING REALTY INSTITUTE OF WESTCHESTER-BRI (WESTCHESTER & CT RESIDENTIAL)",4743,"NY","SERVICE EMPLOYEES (SEIU) 32 BJ MOTOR VEHICLE INSPECTORS DIVISION","Sep 30, 2026",,,"PRIVATE"
"BUILDING RESTORATION CONTRACTORS ASSOCIATION (POINTERS,CAULKERS)",1349,"NY LONG ISLAND"," (BAC) 1","Jun 30, 2004","23814","1000","PRIVATE"
"BUILDING TRADES EMPLOYERS ASSOCIATION (TUNNEL & SHAFT)",1031,"NY ROCHESTER","LABORERS  (LIUNA) 435","Mar 31, 2007","23731","1100","PRIVATE"
"BUILDING, SITE, & GEN'L CONSTRUCTION CONTRACTORS",985,"NJ"," (LIUNA) DC NJ-NO.CEN.SO.","Apr 30, 2007","23622","9500","PRIVATE"
"BURBANK, CITY OF (FIRE DEPARTMENT)",4277,"IL","SERVICE EMPLOYEES (SEIU) 73 ","Dec 31, 2024",,,"PUBLIC"
"BUREAU OF NATIONAL AFFAIRS, INC.",2179,"DC"," (WBNG) ","Jul 22, 2016",,,"PRIVATE"
"BURGESS SQUARE HEALTHCARE AND REHABILITATION CENTRE, LLC/BURGESS SQUARE HEALTHCARE CENTER/BURGESS SQUARE HEALTHCARE CENTRE",4368,"IL","FOOD AND COMMERCIAL WKRS (UFCW) 1546 ","May 31, 2024","62","95","PRIVATE"
"BURIEN, CITY OF (PUBLIC WORKS MAINTENANCE)",4116,"WA","PUBLIC, PROFESSIONAL, & OFFICE-CLERICAL EMPLOYEES AND DRIVERS 763","Dec 31, 2020",,,"PUBLIC"
"BURLINGTON COUNTY BOARD OF CHOSEN FREEHOLDERS (MULTIUNIT)",3025,"NJ MT HOLLY","COMMUNICATIONS WORKERS AFL-CIO (CWA) 1034","Dec 31, 2006","921190","1100","PUBLIC"
"BURLINGTON HOUSE/SPRINGDALE LEASING CO LLC DBA BURLINGTON HOUSE",3809,"OH","1199SERVICE EMPLOYEES INTERNATIONAL UNION DISTRICT 1199 ","Feb 28, 2025",,,"PRIVATE"
"BUSH GOTTLIEB, A LAW CORPORATION",3742,"CA","OFFICE AND PROFESSIONAL EMPLS AFL-CIO (OPEIU) 537 ","Dec 31, 2022",,,"PRIVATE"
"BUTTE COUNTY, SUPERINTENDENT OF SCHOOLS",4666,"CA","BUTTE COUNTY TEACHERS ASSOCIATION /CALIFORNIA TEACHERS ASSOCIATION /NATIONAL EDUCATION ASN IND (NEA) ","Apr 1, 2024",,,"PUBLIC"
"BUTTE COUNTY, SUPERINTENDENT OF SCHOOLS (OFFICE, CLERICAL, TECHNICAL)",4738,"CA","CALIFORNIA SCHOOL EMPLOYEES ASSOCIATION ","Jun 30, 2027",,,"PUBLIC"
"BUTTERBALL, LLC",2025,"CO LONGMONT","FOOD AND COMMERCIAL WKRS (UFCW) 7 R","Apr 12, 2013","445110","2000","PRIVATE"
"BWX TECHNOLOGIES/NUCLEAR FUEL SERVICES (A SUBSIDIARY OF BWXT)",4570,"TN","GUARDS IND (GUA) 145 ","Oct 17, 2024",,"200","PRIVATE"
"C & E SERVICE, INC.",1963,"TX","ENGINEERS, OPERATING, AFL-CIO (IUOE) 351","Sep 30, 2013","23731","2452","PRIVATE"
"C.G. JOHNSON BOILER CO.",1791,"MO","BOILERMAKERS AFL-CIO (BBF) 83","Mar 31, 2009","238390","1000","PRIVATE"
"C&C TRUCK REPAIR, INC.",1391,"IL","MACHINISTS AFL-CIO (IAM) 701","Jun 30, 2022","811118","1","PRIVATE"
"C&E SERVICES, INC.",1962,"TX","ENGINEERS, OPERATING, AFL-CIO (IUOE) 351","Dec 31, 2016","23731","2452","PRIVATE"
"C&W FACILITY SERVICES, INC. - NEW ENGLAND BAPTIST HOSPITAL",4539,"MA","AREA TRADES COUNCIL (UNAFF) N/A/CARPENTERS IND (CJA) 51 /ELECTRICAL WORKERS IBEW AFL-CIO (IBEW) 103 /ENGINEERS, OPERATING, AFL-CIO (IUOE) 877 /PAINTERS AFL-CIO (PAT) 35 /PLUMBERS AFL-CIO (PPF) 12 ","Oct 1, 2021",,"15","PRIVATE"
"CAESARS PALACE",742,"NV LAS VEGAS","UNITE HERE 226, 165","Jun 1, 2007","72112","1900","PRIVATE"
"CAIETTI'S TRUCK REPAIR, INC.",2592,"CA","MACHINISTS AFL-CIO (IAM) 190 AUTOMOTIVE TRADES DISTRI/MACHINISTS AFL-CIO (IAM) 2182","Jan 30, 2020",,"5","PRIVATE"
"CAIN MILLWORK",2317,"IL"," (CRCC) ","Oct 31, 2019",,,"PRIVATE"
"CALACCI CONSTRUCTION CO., INC.",2562,"IA","IRON WORKERS AFL-CIO (BSOIW) 89","Apr 30, 2022",,"10","PRIVATE"
"CALIFORNIA DAIRIES, INC.  -  TURLOCK NORTH",4531,"CA","TEAMSTERS (IBT) 386 ","Aug 4, 2029",,,"PRIVATE"
"CALIFORNIA IRONWORKER EMPLOYERS COUNCIL, INC.",2512,"CA"," (BSOIW) DC CALIFORNIA & VICINITY","Jun 30, 2020",,,"PRIVATE"
"CALIFORNIA PLUMBING & MECHANICAL CONTRACTORS ASSOCIATION",1287,"CA LOS ANGELES","PLUMBERS AFL-CIO (PPF) 16","Jun 30, 2008","23822","1800","PRIVATE"
"CALIFORNIA PROCESSORS INC.",53,"CA","TEAMSTERS (IBT) 601/TEAMSTERS (IBT) 746","Jun 30, 2006","311421","21500","PRIVATE"
"CALIFORNIA PROCESSORS INC.",54,"CA","TEAMSTERS (IBT) 601/TEAMSTERS (IBT) 948","Jun 30, 2003","311421","21500","PRIVATE"
"CALIFORNIA PROCESSORS INC.",55,"CA","TEAMSTERS (IBT) 601/TEAMSTERS (IBT) 948","Jun 30, 2012","311421","21500","PRIVATE"
"CALIFORNIA PROCESSORS INC.",79,"CA","TEAMSTERS (IBT) 601/TEAMSTERS (IBT) 746/TEAMSTERS (IBT) 748/TEAMSTERS (IBT) 857","Jun 30, 2003","311421","11000","PRIVATE"
"CALIFORNIA PROCESSORS INC.",80,"CA","TEAMSTERS (IBT) 601/TEAMSTERS (IBT) 746/TEAMSTERS (IBT) 748/TEAMSTERS (IBT) 857","Jun 30, 2006","311421","11000","PRIVATE"
"CALIFORNIA STATE (ACAD SUPT., UNIT 4)",3308,"CA"," (LUINA) 1002","Jun 30, 2008","611310","2048","PUBLIC"
"CALIFORNIA STATE (ACAD SUPT., UNIT 4)",3309,"CA"," (AFT) -","Jun 30, 2005","611310","2048","PUBLIC"
"CALIFORNIA STATE (BARGAINING UNIT 12 CRAFT AND MAINTENANCE)",3376,"CA","ENGINEERS, OPERATING, AFL-CIO (IUOE) 12/ENGINEERS, OPERATING, AFL-CIO (IUOE) 3/ENGINEERS, OPERATING, AFL-CIO (IUOE) 39/ENGINEERS, OPERATING, AFL-CIO (IUOE) 501","Jul 2, 2004","311421","11000","PUBLIC"
"CALIFORNIA STATE (BARGAINING UNIT 2 ATTORNEY & HEARING OFFICERS)",2755,"CA"," (CESA) -","Jul 2, 2003","311421","11000","PUBLIC"
"CALIFORNIA STATE (CORRECTIONS UNIT 6)",2760,"CA"," (CCPOA- I) -","Jul 2, 2006","922140","26256","PUBLIC"
"CALIFORNIA STATE (ED. SCIENTIFIC RESEARCH, UNIT 10)",2756,"CA"," (CAPS) -","Jul 1, 2006","921190","2266","PUBLIC"
"CALIFORNIA STATE (ENGR & SCIENTIFIC TECHS, UNIT 11)",2605,"CA"," (SEIU) CSEA 1000","Jun 30, 2005","921190","3344","PUBLIC"
"CALIFORNIA STATE (FIREFIGHTERS, UNIT 8)",2751,"CA"," (IAFF) 2881","Jun 30, 2006","922160","2677","PUBLIC"
"CALIFORNIA STATE (HIGHWAY PATROL, UNIT 5)",2757,"CA"," (CAHP-I) -","Jul 2, 2006","922120","5651","PUBLIC"
"CALIFORNIA STATE (MED & SOC SERV SPECS, UNIT 20)",2747,"CA"," (SEIU) CSEA 1000","Jun 30, 2005","624","2326","PUBLIC"
"CALIFORNIA STATE (OFFICE & ALLIED, UNIT 4)",3375,"CA"," (SEIU) CSEA 1000","Jun 30, 2005","921190","32877","PUBLIC"
"CALIFORNIA STATE (PHYS, DENTISTS, & PODIAT, UNIT 16)",2749,"CA"," (UAPD-I) -","Jun 30, 2006","622","1409","PUBLIC"
"CALIFORNIA STATE (PROF ADMINI & STAFF, UNIT 1)",2761,"CA"," (SEIU) CSEA 1000","Jun 30, 2005","921190","35437","PUBLIC"
"CALIFORNIA STATE (PROF ENGINEERS, UNIT 9)",2759,"CA"," (PECG-I) -","Jul 2, 2008","921190","8935","PUBLIC"
"CALIFORNIA STATE (PROFESSIONAL EDUCATORS & LIBRARIANS, UNIT 3)",2750,"CA"," (SEIU) CSEA 1000","Jul 2, 2003","611310","2854","PUBLIC"
"CALIFORNIA STATE (PROTECTIVE & SAFETY, UNIT 7)",2758,"CA","CAUSE SLEA UNIT 7","Jun 30, 2007","445110","8000","PUBLIC"
"CALIFORNIA STATE (PSYCHIATRIC TECHNICIANS, UNIT 18)",3374,"CA"," (CAPT) -","Jun 30, 2006","622210","5931","PUBLIC"
"CALIFORNIA STATE (REGISTERED NURSES, UNIT 17)",2748,"CA"," (SEIU) CSEA 1000","Jun 30, 2004","622","3321","PUBLIC"
"CALIFORNIA STATE UNIVERSITY (FACULTY & LIBRARY, UNIT 3)",3310,"CA"," (SEIU) CFA 1983","May 1, 2006","611310","18500","PUBLIC"
"CALIFORNIA, SHEET METAL AND AIR CONDITIONING CONTRACTORS'  NATIONAL ASSOCIATION (SMACNA)",4691,"CA","SHEET METAL, AIR, RAIL AND TRANSPORTATION WORKERS (SMART) 105 SM ","Jun 30, 2029",,,"PRIVATE"
"CALIFORNIA, UNIVERSITY OF",3691,"CA","TEAMSTERS 2010","Mar 31, 2022",,,"PUBLIC"
"CALIFORNIA, UNIVERSITY OF",3693,"CA"," (AFSCME) ","Oct 31, 2024",,,"PUBLIC"
"CALIFORNIA, UNIVERSITY OF",3694,"CA","FEDERATED UNIVERSITY POLICE OFFICERS ASSOCIATION ","Dec 31, 2020",,,"PUBLIC"
"CALIFORNIA, UNIVERSITY OF (ACADEMIC RESEARCHERS)",3692,"CA"," (UAW) 5810","Sep 30, 2022",,,"PUBLIC"
"CALIFORNIA, UNIVERSITY OF (CLERICAL UNIT 12)",3378,"CA"," (CUE-I) -","Sep 30, 2004","611310","18250","PUBLIC"
"CALIFORNIA, UNIVERSITY OF (CLERK & ALLIED SVC, UNIT 12)",3377,"CA"," (CUE-I) -","Sep 30, 2004","611310","18250","PUBLIC"
"CALIFORNIA, UNIVERSITY OF (HEALTH CARE PROFESSIONALS)",2701,"CA"," (CWA) -","Jun 30, 2011","611310","2000","PUBLIC"
"CALIFORNIA, UNIVERSITY OF (NON-SENATE INSTRUCT.)",3373,"CA"," (AFT) UC-AFT","Aug 31, 2013","611310","1950","PUBLIC"
"CALIFORNIA, UNIVERSITY OF (PATIENT CARE TECH, UNIT 13)",3379,"CA"," (AFSCME) -","Sep 30, 2007","611310","7750","PUBLIC"
"CALIFORNIA, UNIVERSITY OF (PROFESSIONAL & TECHNICAL EMPLOYEES)",2702,"CA","COMMUNICATIONS WORKERS AFL-CIO (CWA) 9119 UPTE-CWA","Jun 30, 2013","611310","2000","PUBLIC"
"CALIFORNIA, UNIVERSITY OF (PROFESSIONAL & TECHNICAL EMPLOYEES)",2703,"CA","COMMUNICATIONS WORKERS AFL-CIO (CWA) 9119 UPTE-CWA","Jun 30, 2008","611310","2000","PUBLIC"
"CALIFORNIA, UNIVERSITY OF (RESEARCH SUPPORT PROFESSIONAL UNIT)",2700,"CA","COMMUNICATIONS WORKERS AFL-CIO (CWA) 9119 UPTE-CWA","Sep 30, 2004",,,"PUBLIC"
"CALIFORNIA, UNIVERSITY OF (RNS, UNIT 7)",3380,"CA"," (CNA-I) -","Jun 30, 2005","611310","8000","PUBLIC"
"CALIFORNIA, UNIVERSITY OF (TECHNICAL UNIT)",3099,"CA","COMMUNICATIONS WORKERS AFL-CIO (CWA) 9119 UPTE-CWA","Jun 30, 2011","611310","4000","PUBLIC"
"CALIFORNIA, UNIVERSITY OF (TECHNICAL UNIT)",3100,"CA","COMMUNICATIONS WORKERS AFL-CIO (CWA) 9119 UPTE-CWA","Mar 30, 2011","611310","4000","PUBLIC"
"CALIFORNIA, UNIVERSITY OF (TECHNICAL UNIT)",3101,"CA","COMMUNICATIONS WORKERS AFL-CIO (CWA) 9119 UPTE-CWA","Sep 30, 2004","611310","4000","PUBLIC"
"CALUMET BUILDERS ASSOCIATION & INDSTRL CONTRACTORS & BLDRS ASSOCIATION",1570,"IN","IRON WORKERS AFL-CIO (BSOIW) 395","May 31, 2006","23621","1000","PRIVATE"
"CALUMET BUILDERS ASSOCIATION, AGC, ET. AL. (COMML-INDUST)",1551,"IN GARY"," (UBC) DC","May 31, 2006","23622","2000","PRIVATE"
"CALUMET MEMORIAL PARK DISTRICT",4107,"IL","SERVICE EMPLOYEES (SEIU) 73 ","Aug 30, 2023",,,"PUBLIC"
"CAMBRIDGE LEE INDUSTRIES, LLC. PLANT 3",2377,"PA","STEELWORKERS, AFL-CIO (USW) 10 6996 S","May 31, 2019",,,"PRIVATE"
"CAMBRIDGE LEE INDUSTRIES, LLC. PLANT 4",2378,"PA","STEELWORKERS, AFL-CIO (USW) 10 6996 S","May 15, 2017",,,"PRIVATE"
"CAMBRIDGE-LEE INDUSTRIES, LLC. READING TUBE DIVISION PLANT #2",2376,"PA","STEELWORKERS, AFL-CIO (USW) 10 6996 S","May 18, 2017",,,"PRIVATE"
"CAMDEN COUNTY (BLUE & WHITE COLLAR)",3409,"NJ"," (NJCSA) COUNCIL 10","Dec 31, 2007","921190","1150","PUBLIC"
"CAMPBELL SOUP CO.",56,"CA SACRAMENTO","TEAMSTERS (IBT) 228","May 7, 2006","311422","1700","PRIVATE"
"CAMPBELL SOUP CO.",67,"OH NAPOLEON","FOOD AND COMMERCIAL WKRS (UFCW) 911","Feb 4, 2007","311422","1100","PRIVATE"
"CAMPBELL SOUP CO.",69,"TX, OK","FOOD AND COMMERCIAL WKRS (UFCW) 540","Jul 29, 2005","311422","1200","PRIVATE"
"CANADA DRY DELEWARE VALLEY BOTTLING COMPANY, INC.",3994,"NJ","OFFICE AND PROFESSIONAL EMPLS AFL-CIO (OPEIU) 32 ","Feb 28, 2024",,,"PRIVATE"
"CANADA DRY DISTRIBUTING COMPANY (DRIVERS)",2229,"DE","TEAMSTERS (IBT) 326 GENERAL TEAMSTERS","Feb 1, 2019",,,"PRIVATE"
"CANADA DRY DISTRIBUTING COMPANY (WAREHOUSE)",2228,"DE","TEAMSTERS (IBT) 326 GENERAL TEAMSTERS","Feb 1, 2019",,,"PRIVATE"
"CANTEEN VENDING SERVICES, A DIVISON OF COMPASS GROUP USA, INC.",1392,"WI","TEAMSTERS (IBT) 662","Aug 31, 2022","454210","37","PRIVATE"
"CAPE GIRARDEAU, CITY OF",4219,"MO","FIRE FIGHTERS (IAFF) 1084 - CAPE GIRARDEAU","Jul 1, 2022",,,"PUBLIC"
"CAPISTRANO UNIFIED SCHOOL DISTRICT (CERTIFIED STAFF)",2725,"CA"," (AFT) CUEA","Jun 30, 2004","611110","2300","PUBLIC"
"CAPISTRANO UNIFIED SCHOOL DISTRICT (CLASSIFIED)",2726,"CA"," (SEIU) CSEA 224","Jun 30, 2004","611110","2100","PUBLIC"
"CAPISTRANO UNIFIED SCHOOL DISTRICT (TRANSPORTATION)",4095,"CA","TEAMSTERS (IBT) 952 GENERAL TRUCK DRIVERS OFFICE FOOD","Jun 30, 2025",,,"PUBLIC"
"CAPITAL CITY GROUP INC.",3861,"OH","ENGINEERS, OPERATING, AFL-CIO (IUOE) 324 ","Jun 30, 2026",,,"PRIVATE"
"CARDINAL LOGISTICS MANAGEMENT, INC.",4418,"CA","TEAMSTERS (IBT) 517 ","Jul 31, 2024",,,"PRIVATE"
"CARDONE INDUSTRIES, INC.",2559,"TX","CHEMICAL PRODUCTION WORKERS 30","May 31, 2024","336390","95","PRIVATE"
"CAREVAN - KNIGHT F.M.",1946,"MI","AUTO WORKERS AFL-CIO (UAW) 659","Jun 4, 2012","336111","3163","PRIVATE"
"CARLSBAD, CITY OF (DRIVER, WAREHOUSE, OPERATOR)",4622,"NM","STEELWORKERS, AFL-CIO (USW) 12 187 S ","Apr 1, 2025",,,"PUBLIC"
"CARLSBAD, CITY OF (ELECTRICAL, INSTALLATION, MAINTENANCE)",4621,"NM","ELECTRICAL WORKERS IBEW AFL-CIO (IBEW) 611 ","Apr 1, 2025",,,"PUBLIC"
"CARLSBAD, CITY OF (FIREFIGHTER, EMT)",4620,"NM","FIRE FIGHTERS AFL-CIO (IAFF) /FIRE FIGHTERS AFL-CIO (IAFF) 1687","Apr 1, 2022",,,"PUBLIC"
"CARLSBAD, CITY OF (PATROLMAN, ANIMAL CONTROL, DETECTIVE)",4619,"NM","CARLSBAD POLICE OFFICERS ASSOCIATION ","Apr 1, 2025",,,"PUBLIC"
"CAROLINA TELEPHONE & TELEGRAPH CO.",449,"NC"," (CWA) -","Nov 30, 2005","517110","1500","PRIVATE"
"CAROLINA TELEPHONE & TELEGRAPH CO.",450,"NC"," (CWA) -","Nov 30, 2008","517110","1500","PRIVATE"
"CARPENTER CONTRACTORS' ASSOCIATION OF CLEVELAND ET. AL.",1742,"OH NORTHEAST"," (UBC) NE OH DC","Apr 30, 2005","23622","4500","PRIVATE"
"CARPINTERIA VALLEY WATER DISTRICT",4323,"CA","ENGINEERS, OPERATING, AFL-CIO (IUOE) 12 ","Feb 29, 2024","221320","15","PRIVATE"
"CARRIER CORP./UNITED TECHNOLOGIES",240,"NY SYRACUSE"," (SMW) 527","Nov 2, 2003","333415","2000","PRIVATE"
"CARRIER CORPORATION./UNITED TECHNOLOGIES",255,"TN MCMINNVILLE"," (SMW) 483","May 1, 2006","333415","1000","PRIVATE"
"CARRIER CORPORATION/INTERNATIONAL COMFORT PRODUCTS",3812,"TN","BOILERMAKERS S-02 ","Oct 5, 2025",,,"PRIVATE"
"CARROLL COUNTY BOARD OF EDUCATION",3365,"MD"," (NEA) CCEA","Jun 30, 2007","611110","1500","PUBLIC"
"CARROLL COUNTY BOARD OF EDUCATION (CLERK, & E ASST)",3306,"MD ANNAPOLIS"," (NEA) SAAAAC","Jun 30, 2002","611110","1100","PUBLIC"
"CARROLL COUNTY BOARD OF EDUCATION (TEACHERS)",3366,"MD"," (NEA) CCEA","Jun 30, 2007","611110","1500","PUBLIC"
"CARROLL COUNTY CIRCUIT CLERK",4524,"IL","CARPENTERS IND (CJA) 790 /CARPENTERS IND (CJA) MID-AMERICA CARPENTERS REGIONAL COUNCIL","Nov 30, 2024",,,"PUBLIC"
"CARROLLTON, CITY OF (ILLINOIS) WATER, SEWER, PUBLIC WORKS",4406,"IL","STEELWORKERS, AFL-CIO (USW) ","Apr 30, 2027",,"10","PUBLIC"
"CARTAMUNDI EAST LONGMEADOW, LLC",2587,"MA","RETAIL WHOLESALE, DC, UFCW (RWDSU) 224","Apr 4, 2021","323111","300","PRIVATE"
"CARY, VILLAGE OF",4299,"IL","SERVICE EMPLOYEES (SEIU) 73 ","Apr 30, 2024",,,"PUBLIC"
"CASA DE MARYLAND",2180,"DC"," (WBNG) 32035","Jun 30, 2017",,,"PRIVATE"
"CASA DIBERTACCHI FOODS/RICH PRODUCTS CORPORATION",4118,"NJ","ENGINEERS, OPERATING, AFL-CIO (IUOE) 68 ","Jun 30, 2027",,,"PRIVATE"
"CASCADE CONTRACTING SERVICES (CCS) KING GEORGE 2 LLC (WHITEMAN)",4839,"MO","UNITE HERE  (UNITHE) 74 ","Sep 30, 2030","813930","28","PRIVATE"
"CASCADE GENERAL, INC.",1808,"OR"," (MTD) PACIFIC COAST DC","Jun 30, 2011","238390","1000","PRIVATE"
"CASE CORP.",242,"IA BURLINGTON","AUTO WORKERS AFL-CIO (UAW) 1304/AUTO WORKERS AFL-CIO (UAW) 1306/AUTO WORKERS AFL-CIO (UAW) 152/AUTO WORKERS AFL-CIO (UAW) 180/AUTO WORKERS AFL-CIO (UAW) 807","May 2, 2004","333131","3300","PRIVATE"
"CASS COUNTY BOARD OF COMMISSIONERS",3777,"MN","STATE COUNTY AND MUNI EMPLS (AFSCME) 2195","Dec 31, 2022",,,"PUBLIC"
"CASS COUNTY BOARD OF COMMISSIONERS (HEALTH, HUMAN & VETERAN)",4774,"MN","STATE COUNTY AND MUNI EMPLS (AFSCME) 2195","Dec 31, 2022",,,"PUBLIC"
"CASS COUNTY BOARD OF COMMISSIONERS (HIGHWAY)",3800,"MN","ENGINEERS, OPERATING, AFL-CIO (IUOE) 49 ","Dec 31, 2022",,,"PUBLIC"
"CASS, COUNTY OF (DISPATCH RECORDS)",4776,"MN","TEAMSTERS (IBT) 346 ","Dec 31, 2022",,,"PUBLIC"
"CASS, COUNTY OF (JAIL UNIT)",4772,"MN","TEAMSTERS (IBT) ","Dec 31, 2022",,,"PUBLIC"
"CASS, COUNTY OF (SHERIFF PATROL)",4773,"MN","LAW ENFORCEMENT LABOR SERVICES, INC 406","Dec 31, 2022",,,"PUBLIC"
"CASTELLINI COMPANY, LLC",4419,"KY","TEAMSTERS (IBT) 1199 ","Apr 19, 2027",,"397","PRIVATE"
"CATERPILLAR INC.",247,"IL PEORIA","AUTO WORKERS AFL-CIO (UAW) 1415/AUTO WORKERS AFL-CIO (UAW) 145/AUTO WORKERS AFL-CIO (UAW) 2096/AUTO WORKERS AFL-CIO (UAW) 2406/AUTO WORKERS AFL-CIO (UAW) 751/AUTO WORKERS AFL-CIO (UAW) 786/AUTO WORKERS AFL-CIO (UAW) 974","Mar 1, 2017","333111","9000","PRIVATE"
"CATERPILLAR INC.",248,"NATIONAL","AUTO WORKERS AFL-CIO (UAW) 1415/AUTO WORKERS AFL-CIO (UAW) 145/AUTO WORKERS AFL-CIO (UAW) 1989/AUTO WORKERS AFL-CIO (UAW) 2096/AUTO WORKERS AFL-CIO (UAW) 751/AUTO WORKERS AFL-CIO (UAW) 786/AUTO WORKERS AFL-CIO (UAW) 974","Mar 1, 2011","333111","9000","PRIVATE"
"CATERPILLAR INC. (WAS CATERPILLAR TRACTOR CO.)",227,"IL JOLIET","MACHINISTS AFL-CIO (IAM) 851","May 1, 2005","333111","1400","PRIVATE"
"CATERPILLAR TRACTOR CO.",246,"IL PEORIA","AUTO WORKERS AFL-CIO (UAW) 1415/AUTO WORKERS AFL-CIO (UAW) 145/AUTO WORKERS AFL-CIO (UAW) 1989/AUTO WORKERS AFL-CIO (UAW) 2096/AUTO WORKERS AFL-CIO (UAW) 751/AUTO WORKERS AFL-CIO (UAW) 786/AUTO WORKERS AFL-CIO (UAW) 974","Mar 31, 2004","333111","9000","PRIVATE"
"CATHOLIC CHARITIES DIOCESE (JOLIET HEAD START PROGRAM)",4285,"MN","SERVICE EMPLOYEES (SEIU) 73 ","May 31, 2023",,,"PRIVATE"
"CAUTTRELL ENTERPRISES, INC. DBA FENSTER STEEL CORPORATION CARDINAL STEEL SUPPLY, INC.",1330,"MO","LONGSHOREMENS ASN AFL-CIO (ILA) 1765","Aug 31, 2020",,,"PRIVATE"
"CBFS JV, LLC/ROWE CONTRACTING SERVICES, INC (LOUISIANA)",4332,"LA","ENGINEERS, OPERATING, AFL-CIO (IUOE) 407 ","Oct 31, 2026",,,"PRIVATE"
"CBI SERVICES , INC.",2360,"WA","BOILERMAKERS AFL-CIO (BBF) 104","Oct 1, 2019",,,"PRIVATE"
"CBI SERVICES, INC.",1809,"U.S."," (BBF) -","Oct 20, 2010","23890","1000","PRIVATE"
"CBI SERVICES, INC.",1811,"WA","BOILERMAKERS AFL-CIO (BBF) 104","Oct 1, 2010","238390","1000","PRIVATE"
"CBRE TECHNICAL SERVICES, LLC",2543,"NJ","ENGINEERS, OPERATING, AFL-CIO (IUOE) 68","Jun 30, 2018","541513",,"PRIVATE"
"CBRE, INC. (AT&T EMPLOYEES)",4902,"MULTIPLE","COMMUNICATIONS WORKERS AFL-CIO (CWA) ","Jul 31, 2027",,,"PRIVATE"
"CBS INC.",444,"NY","ELECTRICAL WORKERS IBEW AFL-CIO (IBEW) 1200/ELECTRICAL WORKERS IBEW AFL-CIO (IBEW) 1212/ELECTRICAL WORKERS IBEW AFL-CIO (IBEW) 1220/ELECTRICAL WORKERS IBEW AFL-CIO (IBEW) 45 I.B.E.W. LOCAL 45","Jul 31, 2007","515120","2500","PRIVATE"
"CCC CONSTRUCTION",4478,"AR","IRON WORKERS AFL-CIO (BSOIW) 321 ","Aug 1, 2024",,,"PRIVATE"
"CCLE OF NJ & AGC, NJ (DOCKBUILDERS)",1460,"NY NJ"," (UBC) 1466","Apr 30, 2007","23799","2000","PRIVATE"
"CEDAR BROOK CONSTRUCTION, LLC",1306,"WI","CHRISTIAN LABOR ASSOCAITION 8","Aug 31, 2020","236115","6","PRIVATE"
"CEDARS-SINAI MEDICAL CENTER",827,"CA LOS ANGELES","SERVICE EMPLOYEES (SEIU) 399","Mar 31, 2007","62211","1200","PRIVATE"
"CELESTICA INC (WAS LUCENT TECH) (PROD & MAINT)",275,"OH COLUMBUS","ELECTRICAL WORKERS IBEW AFL-CIO (IBEW) 2020","Nov 30, 2006","33421","2050","PRIVATE"
"CELESTICA INC. (WAS LUCENT TECH) (PROD & MAINT)",274,"OK OKLAHOMA CIT","ELECTRICAL WORKERS IBEW AFL-CIO (IBEW) 2021","Nov 30, 2006","334413","638","PRIVATE"
"CEMENT & CONCRETE WORKERS & INDEPDNT EMPLYRS",1517,"NY NEW YORK","LABORERS  (LIUNA) 18 A/LABORERS  (LIUNA) 20 CEMENT & CONCRETE LOCAL UNION/LABORERS  (LIUNA) 6 A","Jun 30, 2005","23814","2800","PRIVATE"
"CEMENT LEAGUE",1017,"NY NEW YORK"," (UBC) DC OF NYC","Jun 30, 2006","23811","10000","PRIVATE"
"CEMENT LEAGUE",1348,"NY NEW YORK","IRON WORKERS AFL-CIO (BSOIW) 46 METALLIC LATHERS' UNION","Jun 30, 2002","23811","1000","PRIVATE"
"CEMEX CONSTRUCTION MATERIALS ATLANTIC LLC",2456,"OH","BOILERMAKERS AFL-CIO (BBF) 357 D CEMENT WORKERS","Feb 28, 2021",,,"PRIVATE"
"CEMEX CONSTRUCTION MATERIALS SOUTH LLC",2278,"AZ","ENGINEERS, OPERATING, AFL-CIO (IUOE) 428","Sep 30, 2021",,,"PRIVATE"
"CEMEX CONSTRUCTION MATERIALS SOUTH LLC",2279,"AZ","ENGINEERS, OPERATING, AFL-CIO (IUOE) 428","Jun 30, 2021",,,"PRIVATE"
"CEMEX CONSTRUCTION MATERIALS SOUTH, LLC - CENTRAL DISTRICT",2036,"AZ","ENGINEERS, OPERATING, AFL-CIO (IUOE) 428","Sep 30, 2017","23621","1693","PRIVATE"
"CEMEX CONSTRUCTION MATERIALS SOUTH, LLC (CAMP VERDE AND PRESCOTT)",2422,"AZ","ENGINEERS, OPERATING, AFL-CIO (IUOE) 428","Mar 31, 2019",,,"PRIVATE"
"CENTERAL HUDSON GAS & ELECTRIC",524,"NY","ELECTRICAL WORKERS IBEW AFL-CIO (IBEW) 320","Jan 1, 1800",,,"PRIVATE"
"CENTERPLATE HOSPITALITY VENTURE EMPLOYER",2451,"FL","UNITE HERE 737","Aug 4, 2018",,,"PRIVATE"
"CENTERPOINT ENERGY, HOUSTON ELECTRIC, LLC",466,"TX HOUSTON","ELECTRICAL WORKERS IBEW AFL-CIO (IBEW) 66","May 25, 2006","22111","1500","PRIVATE"
"CENTERRA GROUP, A CONSTELLIS COMPANY",4825,"TX","GOVERNMENT SECURITY OFFICERS, IND (UGSOA) /GOVERNMENT SECURITY OFFICERS, IND (UGSOA) 86 ","Aug 31, 2026",,"9","PRIVATE"
"CENTERRA GROUP, LLC",2258,"DC"," (SDM) ","May 31, 2018",,,"PRIVATE"
"CENTRAL COAST COOLING, LLC",4348,"CA","TEAMSTERS (IBT) 856 ","Dec 31, 2027",,,"PRIVATE"
"CENTRAL CONTRA COSTA TRANSIT AUTHORITY",3557,"CA WALNUT CREEK","TRANSIT UNION AFL-CIO (ATU) 1605","Jan 31, 2016",,,"PUBLIC"
"CENTRAL HUDSON GAS & ELECTRIC",522,"NY","ELECTRICAL WORKERS IBEW AFL-CIO (IBEW) 320","Apr 30, 2008","221","900","PRIVATE"
"CENTRAL HUDSON GAS & ELECTRIC",523,"NY","ELECTRICAL WORKERS IBEW AFL-CIO (IBEW) 320","Apr 30, 2016","221","1000","PRIVATE"
"CENTRAL HUDSON GAS & ELECTRIC CORP. (CH ENERGY GROUP, INC)",3995,"NY","ELECTRICAL WORKERS IBEW AFL-CIO (IBEW) 320 ","Apr 30, 2011","221","900","PRIVATE"
"CENTRAL ILLINOIS BUILDERS OF AGC",2145,"IL","LABORERS  (LIUNA) 362/LABORERS  (LIUNA) 538/LABORERS  (LIUNA) 996","Apr 30, 2017","237310",,"PRIVATE"
"CENTRAL MANAGEMENT SERVICES DEPARTMENT, ILLINOIS STATE",2663,"IL COOK CNTY"," (MAPCCCO) 3692","May 1, 2003","922140","2760","PUBLIC"
"CENTRAL MASS TRANSIT MANAGEMENT, INC.",2520,"MA","TRANSIT UNION AFL-CIO (ATU) 22","Aug 31, 2019",,,"PRIVATE"
"CENTRAL MISSOURI GLAZING CONTRACTORS",2303,"MO"," (IUPAT) 1185","Mar 31, 2018",,,"PRIVATE"
"CENTRAL PACKAGE AND DISPLAY",3826,"MN","UNITED STEELWORKERS 2002-03","Sep 30, 2026",,,"PRIVATE"
"CENTRAL STATES ROOFING",3814,"CO","UNITED UNION OF ROOFERS, WATERPROOFERS & ALLIED WORKERS 58 ","Apr 30, 2023",,,"PRIVATE"
"CENTRAL STATES ROOFING COMPANY, INC.",4384,"CO","ROOFERS AFL-CIO (RWAW) 58 ","Apr 30, 2024","238160","35","PRIVATE"
"CENTRAL TEXAS GLAZIERS",1888,"TX"," (PAT) 1778","May 31, 2011","325510","2125","PRIVATE"
"CENTRAL TEXAS GLAZIERS",1889,"TX","PAINTERS AFL-CIO (PAT) 88","May 31, 2016","325510","2125","PRIVATE"
"CENTRAL TEXAS GLAZIERS",2370,"TX","PAINTERS AFL-CIO (PAT) 88","May 31, 2017",,,"PRIVATE"
"CENTRALIA, CITY OF  (CLERICAL & SUPPORT)",4582,"WA","TEAMSTERS (IBT) 252 ","Dec 31, 2024",,,"PRIVATE"
"CENTRALIA, CITY OF  (DEPARTMENT OF LIGHT)",4585,"WA","ELECTRICAL WORKERS IBEW AFL-CIO (IBEW) 77 ","Dec 31, 2025",,,"PRIVATE"
"CENTRALIA, CITY OF  (DEPARTMENT OF LIGHT)",4583,"WA","ELECTRICAL WORKERS IBEW AFL-CIO (IBEW) 77 ","Dec 31, 2026",,,"PRIVATE"
"CENTRALIA, CITY OF  (POLICE DEPARTMENT NON-COMM)",4581,"WA","TEAMSTERS (IBT) 252 ","Dec 31, 2024",,,"PRIVATE"
"CENTRALIA, CITY OF (POLICE DEPARTMENT COMMISSIONED PERSONNEL)",4584,"WA","TEAMSTERS (IBT) 252 ","Dec 31, 2026",,,"PRIVATE"
"CENTRALIA, CITY OF (STREETS, PARKS & MAINT. DEPT.)",4580,"WA","TEAMSTERS (IBT) 252 ","Dec 31, 2024",,,"PRIVATE"
"CENTRE CONCRETE NORTHEAST, LLC",4432,"PA","ENGINEERS, OPERATING, AFL-CIO (IUOE) 542 ","May 31, 2027",,,"PRIVATE"
"CERES, CITY OF",4523,"CA","LABORERS  (LIUNA) 1130 ","Jun 30, 2025",,,"PUBLIC"
"CERES, CITY OF",4547,"CA","LABORERS  (LIUNA) 1130 ","Jun 30, 2024",,"118","PUBLIC"
"CESSNA AIRCRAFT CO.",317,"KS WICHITA","MACHINISTS AFL-CIO (IAM) 70/MACHINISTS AFL-CIO (IAM) 774","Sep 12, 2004","336411","6100","PRIVATE"
"CH MURPHY/ CLARK ULLMAN INC.",1812,"OR","BOILERMAKERS AFL-CIO (BBF) 104","Sep 30, 2010","238390","1000","PRIVATE"
"CHAIN & INDEPENDENT FOOD STORES (GROCERY & MEAT )",616,"MN MINNEAPOLIS","FOOD AND COMMERCIAL WKRS (UFCW) 653","Mar 4, 2007","445110","12925","PRIVATE"
"CHANGE TO WIN",2181,"DC"," (WBNG) 32035","Dec 31, 2017",,,"PRIVATE"
"CHANUTE MANUFACTURING CO.",1792,"-","BOILERMAKERS AFL-CIO (BBF) 83","Nov 30, 2012","316999","1000","PRIVATE"
"CHANUTE MANUFACTURING CO.",2606,"KS","BOILERMAKERS AFL-CIO (BBF) 83","Nov 30, 2009",,"1000","PUBLIC"
"CHARLES COUNTY SCHOOL BOARD (TEACHERS)",2638,"MD LA PLATA"," (NEA) EACC","Jun 30, 2006","611110","1050","PUBLIC"
"CHARLES EVANS ROOFING/DURANT ASSOCIATES/ELMER W. DAVIS/LEO J. ROTH/ROOFING CONTRACTORS INDUSTRY FUND OF ROCHESTER NY/SPRING SHEETMETAL & ROOFING/TITAN ROOFING LLC",4630,"NY","ROOFERS AFL-CIO (RWAW) 22 ","May 31, 2027",,"285","PRIVATE"
"CHARLOTTE COUNTY SCHOOL BOARD (TEACHERS)",2650,"FL PORT CHARLOT"," (NEA) CFTP","Jun 30, 2008","611110","1000","PUBLIC"
"CHARTWELLS - UNIVERSITY OF WISCONSIN (FOOD SERVICE EMPLOYEES)",4450,"WI","WORKERS UNITED, SEIU (WU) 361 ","Jun 30, 2027",,,"PRIVATE"
"CHAUTAUQUA COUNTY NY (GENERAL UNIT)",3046,"NY MAYVILLE"," (AFSCME) CSEA 807","Dec 31, 2003","921190","1200","PUBLIC"
"CHELAN COUNTY (PUBLIC UTILITY) DISTRICT 1",4687,"WA","ELECTRICAL WORKERS IBEW AFL-CIO (IBEW) 77 ","Mar 31, 2021",,,"PUBLIC"
"CHELAN COUNTY PUBLIC HOSPITAL (DISTRICT 1) DBA CASCADE MEDICAL CENTER",4058,"WA","TEACHERS AFL-CIO (AFT) WASHINGTON STATE NURSES ASSOCIATION","Sep 30, 2022",,,"PUBLIC"
"CHENANGO MEMORIAL HOSPITAL, INC.",4541,"NY","SERVICE EMPLOYEES (SEIU) 1199 SEIU UNITED HEALTH CARE WORKERS EAST","Oct 31, 2024",,,"PRIVATE"
"CHENEGA SECURITY & SUPPORT SOLUTIONS LLC (CS3)",2224,"TX","SECURITY POLICE, FIRE PROF, IND (SPFPA) 300","Sep 30, 2019",,,"PRIVATE"
"CHERRY HILL TOWNSHIP BOARD OF EDUCATION (TEACHERS & OTHERS)",3428,"NJ CHERRY HILL"," (NEA) CHEA","Jun 30, 2004","611110","1000","PUBLIC"
"CHEVRON ORONITE COMPANY, LLC",2300,"LA"," (SWU) 13-447","Mar 31, 2019",,,"PRIVATE"
"CHEVRON USA, INC.",2283,"TX"," (SUP) ","Mar 31, 2023",,,"PRIVATE"
"CHEVRON USA, INC.",2302,"CA"," (SUP) ","Mar 31, 2017",,,"PRIVATE"
"CHICAGO AREA CONSTRUCTION TESTING, DRILLING AND INSPECTION ASSOCIATION (CACTDIA)/ECS MIDWEST, LLC (DRILLERS AND FIELD TECHNICIANS)",3823,"IL","ENGINEERS, OPERATING, AFL-CIO (IUOE) 150 ","Feb 18, 2028","541330","16","PRIVATE"
"CHICAGO AREA CONSTRUCTION, TESTING, DRILLING, AND INSPECTION (DRILLERS AND FIELD TECHNICIANS))/MILLENNIA PROFESSIONAL SERVICES OF ILLINOIS, LTD",4204,"IL","ENGINEERS, OPERATING, AFL-CIO (IUOE) 150 ","Feb 29, 2028","541330","7","PRIVATE"
"CHICAGO AREA REFUSE HAULERS ASSOCIATION (PRIVATE SCAVENGERS)",520,"IL CHICAGO","TEAMSTERS (IBT) 731","Sep 30, 2008","562219","2500","PRIVATE"
"CHICAGO BOARD OF EDUCATION (GENERAL UNIT)",3287,"IL CHICAGO","SERVICE EMPLOYEES (SEIU) 73","Jun 30, 2007","611110","4000","PUBLIC"
"CHICAGO CITY BOARD OF EDUCATION (TEACHERS)",3175,"IL CHICAGO","TEACHERS AFL-CIO (AFT) 1 CHICAGO TEACHERS UNION","Jun 30, 2007","611110","35100","PUBLIC"
"CHICAGO EXHIBIT PRODUCTIONS",2318,"IL"," (CRCC) ","May 31, 2016",,,"PRIVATE"
"CHICAGO HOUSING AUTHORITY",4108,"IL","SERVICE EMPLOYEES (SEIU) 73 ","Dec 31, 2022",,,"PUBLIC"
"CHICAGO LITHOGRAPHERS ASSOCIATION.",141,"IL CHICAGO"," (GCIU) 458-3M","Apr 30, 2007","323114","1000","PRIVATE"
"CHICAGO MIDWEST MEAT ASSOCIATION.",41,"IL CHICAGO","FOOD AND COMMERCIAL WKRS (UFCW) 1546","Oct 31, 2006","311612","4500","PRIVATE"
"CHICAGO PARK DISTRICT",3388,"IL","SERVICE EMPLOYEES (SEIU) 73","Dec 31, 2004",,,"PUBLIC"
"CHICAGO PARK DISTRICT",4073,"IL","ENGINEERS, OPERATING, AFL-CIO (IUOE) 399 ","Jun 30, 2023",,,"PUBLIC"
"CHICAGO PARK DISTRICT",4296,"IL","SERVICE EMPLOYEES (SEIU) 73 ","Jun 30, 2023",,,"PUBLIC"
"CHICAGO RIDGE, VILLAGE OF (CLERICAL)",4295,"IL","SERVICE EMPLOYEES (SEIU) 73 ","Dec 31, 2021",,,"PUBLIC"
"CHICAGO RIDGE, VILLAGE OF (PUBLIC WORKS)",4294,"IL","SERVICE EMPLOYEES (SEIU) 73 ","Dec 31, 2021",,,"PUBLIC"
"CHICAGO ROOFING CONTRACTORS ASSOCIATION.",953,"IL CHICAGO","ROOFERS AFL-CIO (RWAW) 11","May 31, 2007","23816","2000","PRIVATE"
"CHICAGO SCHOOL REFORM BOARD OF TRUSTEES",3291,"IL CHICAGO"," (HERE) 1","Jun 30, 2003",,,"PUBLIC"
"CHICAGO TRANSIT AUTHORITY",2319,"IL"," (CRCC) ","Dec 31, 2016",,,"PRIVATE"
"CHICAGO TRANSIT AUTHORITY",3395,"IL CHICAGO"," (ATU) ","Dec 31, 2003",,,"PUBLIC"
"CHICAGO TRANSIT AUTHORITY (CTA)",3394,"IL CHICAGO"," (ATU) 308","Dec 31, 2003",,,"PUBLIC"
"CHICAGO WALK-UP APARTMENTS",806,"IL CHICAGO"," (SEIU) 1","Nov 30, 2005","53111","1100","PRIVATE"
"CHICAGO, CITY OF",3519,"IL CHICAGO","MACHINISTS AFL-CIO (IAM) 126","Jun 30, 2017","921190",,"PUBLIC"
"CHICAGO, CITY OF",2052,"IL CHICAGO","IRON WORKERS AFL-CIO (BSOIW) 63 ","Jun 30, 2017","23622","1616","PRIVATE"
"CHICAGO, CITY OF (ASBESTOS)",4804,"IL","INSULATORS AFL-CIO (HFIA) 17 ","Jun 30, 2027",,,"PUBLIC"
"CHICAGO, CITY OF (CARPENTERS)",3498,"IL CHICAGO","CARPENTERS IND (CJA) 13","Jun 30, 2017","921190",,"PUBLIC"
"CHICAGO, CITY OF (CEMENT, FINISHERS, MASONS, PLASTERERS)",4692,"IL","PLASTERERS AND CEMENT MASONS AFL-CIO (OPCM) 502 ","Jun 30, 2027",,,"PUBLIC"
"CHICAGO, CITY OF (DRIVERS)",2966,"IL CHICAGO"," (IBT) SPOG","Jun 30, 2003","921190","1150","PUBLIC"
"CHICAGO, CITY OF (ELEVATOR CONSTRUCTORS)",3499,"IL CHICAGO","ELEVATOR CONSTRUCTORS AFL-CIO (IUEC) 2","Jun 30, 2017","921190",,"PUBLIC"
"CHICAGO, CITY OF (FIREFIGHTERS)",3432,"IL CHICAGO"," (IAFF) CFFU 2","Jun 30, 2007","922160","4750","PUBLIC"
"CHICAGO, CITY OF (FIREFIGHTERS)",4741,"IL","FIRE FIGHTERS AFL-CIO (IAFF) 2 I X-10 INDUSTRIAL FIREFIGHTERS","Jun 30, 2021",,,"PUBLIC"
"CHICAGO, CITY OF (HISTORICAL)",4110,"IL","SERVICE EMPLOYEES (SEIU) 73 ","Jun 30, 2022",,,"PUBLIC"
"CHICAGO, CITY OF (LABOR & CRAFTS-ALLIANCE)",3437,"IL CHICAGO","LABORERS  (LIUNA) 1001/LABORERS  (LIUNA) 1092/LABORERS  (LIUNA) 76","Jun 30, 2003","921190","3400","PUBLIC"
"CHICAGO, CITY OF (PIPEFITTERS)",3497,"IL CHICAGO","PLUMBERS AFL-CIO (PPF) 597","Jun 30, 2017","921190",,"PUBLIC"
"CHICAGO, CITY OF (PUBLIC SAFETY ALLIANCE)",3436,"IL CHICAGO","SERVICE EMPLOYEES (SEIU) 73","Jun 30, 2003","921190","2100","PUBLIC"
"CHICAGO, CITY OF (SERGEANTS)",3179,"IL CHICAGO"," (PBA) PBPA 156","Jun 30, 2003","922120","1300","PUBLIC"
"CHICAGO, CITY OF (SIGN SHOP)",4810,"IL","PAINTERS AFL-CIO (PAT) 830 SIGN, DISPLAY, PICTORIAL ARTISTS, WOOD FINISHER","Jun 30, 2027",,,"PUBLIC"
"CHICAGO, CITY OF (WINDOW CLEANERS)",4109,"IL","SERVICE EMPLOYEES (SEIU) 73 ","Jun 30, 2022",,,"PUBLIC"
"CHICAGO, CITY OF (WINDOW WASHER / CLEANER)",4815,"IL","SERVICE EMPLOYEES (SEIU) 73 ","Jun 30, 2027",,,"PUBLIC"
"CHICAGO, CITY OF AND CITY TREASURER AND CITY CLERK (WHITE-COLLAR)",3038,"IL CHICAGO","STATE COUNTY AND MUNI EMPLS AFL-CIO (AFSCME) 31 ILLINOIS PUBLIC EMPLOYEES","Jun 30, 2003","921190","6000","PUBLIC"
"CHICAGO, UNIVERSITY OF",3606,"IL","SERVICE EMPLOYEES (SEIU) 73 ","Aug 31, 2019",,,"PRIVATE"
"CHICAGO, UNIVERSITY OF",3513,"CHICAGO","SERVICE EMPLOYEES (SEIU) 1 ","Nov 30, 2017","611310","1000","PRIVATE"
"CHICAGO, UNIVERSITY OF",829,"IL","TEAMSTERS (IBT) 743 WAREHOUSE, MAIL ORDER, OFFICE, TECHNICAL AND PROF","Feb 28, 2007","611310","1000","PRIVATE"
"CHICAGO, UNIVERSITY OF  (MEDICAL CENTER)",4170,"IL","SERVICE EMPLOYEES (SEIU) 73 ","Feb 2, 2024",,,"PRIVATE"
"CHICAGO, UNIVERSITY OF (HOSPITAL)",940,"IL","TEAMSTERS (IBT) 743 WAREHOUSE, MAIL ORDER, OFFICE, TECHNICAL AND PROF","Jul 10, 2006","62211","1300","PRIVATE"
"CHICAGO, UNIVERSITY OF (RESIDENTIAL DIVISION)",3512,"CHICAGO","SERVICE EMPLOYEES (SEIU) 73 ","Aug 31, 2015","611310","1000","PRIVATE"
"CHICAGOLAND SHEET METAL CONTRACTORS ASSOCIATION.",1413,"IL CHICAGO"," (SMW) 73","May 31, 2005","23822","2900","PRIVATE"
"CHILDHAVEN",4020,"WA","FOOD AND COMMERCIAL WKRS (UFCW) 3000 ","Jun 30, 2020","6241","52","PRIVATE"
"CHILDREN'S HOSPITALS AND CLINICS",759,"MN MINN-ST PAUL"," (MNA) -","May 31, 2007","62211","1100","PRIVATE"
"CHILDREN'S PLACE AT THE PLAZA, INC., THE",3989,"NY","SERVICE EMPLOYEES (SEIU) 200 UNITED","Jan 31, 2020","624410","23","PRIVATE"
"CHIMES DC, INC.",1300,"DC","SERVICE EMPLOYEES (SEIU) 32 BJ","Aug 31, 2022","561720","10","PRIVATE"
"CHINO VALLEY UNIFIED SCHOOL DISTRICT (CERTIFICATED)",2737,"CA CHINO"," (NEA) ACT","Jun 30, 2005","611110","1500","PUBLIC"
"CHIQUITA FRESH NORTH AMERICA, L.L.C",4592,"CA","TEAMSTERS (IBT) 630 ","Jan 31, 2025",,,"PRIVATE"
"CHNJ HOSPITALITY, LLC DBA HOLIDAY INN (CHERRY HILL, NJ)",4352,"NJ","UNITE HERE  (UNITHE) 54 ","Dec 31, 2023",,,"PRIVATE"
"CHRIS JENSEN, LLC",3793,"MN","STATE COUNTY AND MUNI EMPLS AFL-CIO (AFSCME) 5 MINNESOTA/STATE COUNTY AND MUNI EMPLS AFL-CIO (AFSCME) MS 2512 CHRIS JENSEN HEALTH AND REHABILITATION CENTER","Feb 28, 2023",,,"PRIVATE"
"CHRISTIAN PARK, LLC",3851,"MI","INTERNATIONAL BROTHERHOOD OF TEAMSTERS 406 ","Jun 30, 2023",,,"PRIVATE"
"CHRISTINA SCHOOL DISTRICT BOARD OF EDUCATION (TEACHERS-WILMINGTON)",3367,"DE NEWARK"," (NEA) -","Jun 30, 2005","611110","1300","PUBLIC"
"CHRYSLER CORP. DAYTON THERMAL PROD. (HEAT & COOL)",236,"OH DAYTON"," (CWA/IUE) 775","Sep 28, 2007","336391","1800","PRIVATE"
"CHURCH WORLD SERVICE & NATIONAL COUNCIL OF CHURCHES",1919,"IN"," (UAW) 2110","Mar 31, 2011","813319","2771","PRIVATE"
"CICERO, TOWN OF (COMMUNITY SERVICE OFFICER)",4279,"IL","SERVICE EMPLOYEES (SEIU) 73 ","Dec 31, 2023",,,"PUBLIC"
"CINCINNATI BELL",410,"OH CINCINNATI"," (CWA) ","May 7, 2005","517110","2000","PRIVATE"
"CINCINNATI CITY SCHOOL DISTRICT BOARD OF EDUCATION (BLUE COLLAR)",3160,"OH CINCINNATI","STATE COUNTY AND MUNI EMPLS AFL-CIO (AFSCME) 8 OHIO","Dec 31, 2003","611110","1800","PUBLIC"
"CINCINNATI GAS AND ELECTRIC CO. (CINERGY CORP.)",492,"OH CINCINNATI","ELECTRICAL WORKERS IBEW AFL-CIO (IBEW) 1347","Apr 1, 2006","221119","1500","PRIVATE"
"CINCINNATI GAS AND ELECTRIC CO. (CINERGY CORP.)",493,"OH CINCINNATI"," (UWU) 600","Apr 1, 2005","221119","900","PRIVATE"
"CINCINNATI, CITY OF (FIRE FIGHTERS)",2927,"OH CINCINNATI","FIRE FIGHTERS AFL-CIO (IAFF) 48 F","Jun 4, 2005","922160","900","PUBLIC"
"CINCINNATI, CITY OF (FIRE FIGHTERS)",2928,"OH CINCINNATI","FIRE FIGHTERS AFL-CIO (IAFF) 48 F","May 29, 2010","922160","900","PUBLIC"
"CINCINNATI, CITY OF (POLICE DEPT. NONSUPERVISORS)",2934,"OH CINCINNATI"," (FOP- I) 69","Dec 18, 2006","922120","800","PUBLIC"
"CINCINNATI, CITY OF, INDEPENDENT BOARDS AND COMMISSIONS (GENERAL UNIT)",2848,"OH CINCINNATI","STATE COUNTY AND MUNI EMPLS AFL-CIO (AFSCME) 8 OHIO","Aug 4, 2007","921190","2800","PUBLIC"
"CINCINNATI, UNIVERSITY OF (CLERICAL EMPLOYEES)",2852,"OH CINCINNATI","SERVICE EMPLOYEES (SEIU) 1199 NUHHCE, WV/KY/OH","Jun 30, 2008","611310","20000","PUBLIC"
"CINCINNATI, UNIVERSITY OF (FACULTY)",2878,"OH CINCINNATI"," (AAUP-I) CINCINNATI CHAPTER","Aug 31, 2007","611310","1900","PUBLIC"
"CINCINNATI, UNIVERSITY OF (FACULTY)",2879,"OH CINCINNATI"," (AAUP-I) ","Jun 30, 2010",,,"PUBLIC"
"CINDERELLA, INC.",3991,"MI","TEAMSTERS (IBT) 406 ","Jan 10, 2023","423910","22","PRIVATE"
"CINGULAR WIRELESS, LLC",784,"IL MA MD NY"," (CWA) 1,2,4","Feb 5, 2005","517110","2200","PRIVATE"
"CIRCUS CIRCUS HOTEL & CASINO",744,"NV LAS VEGAS","UNITE HERE 226, 165","May 31, 2007","72112","6500","PRIVATE"
"CITY MARKET INC. (RETAIL CLERKS) GRAND JUNCTION AND CLIFTON",2019,"CO","FOOD AND COMMERCIAL WKRS (UFCW) 7 R","Oct 5, 2013","4445110","2000","PRIVATE"
"CITY MARKET INC. (RETAIL CLERKS) STEAMBOAT SPRINGS",2021,"CO","FOOD AND COMMERCIAL WKRS (UFCW) 7 R","Oct 5, 2013","4445110","2000","PRIVATE"
"CITY MARKET INC. (RETAIL MEAT)",2020,"CO","FOOD AND COMMERCIAL WKRS (UFCW) 7 R","Oct 5, 2013","4445110","2000","PRIVATE"
"CLACKAMAS COUNTY (CENTRAL COMMUNICATIONS 9-1-1)",4870,"OR","STATE COUNTY AND MUNI EMPLS AFL-CIO (AFSCME) 75 OREGON","Jun 30, 2026",,,"PUBLIC"
"CLALLAM COUNTY HOSPITAL",3472,"WA","FOOD AND COMMERCIAL WKRS (UFCW) 141","Jun 30, 2011","524114","1000","PUBLIC"
"CLARION NORTH AMERICA, INC.",1329,"IL"," (IATSE) 414","Jun 30, 2022","512199","100","PRIVATE"
"CLARK COUNTY NV (GENERAL UNIT)",3109,"NV LAS VEGAS","SEIU/NSEA 1107","Jun 30, 2006","921190","4600","PUBLIC"
"CLARK COUNTY NV SCHOOL DISTRICT (ED SUPPORT)",3108,"NV LAS VEGAS"," (NEA) ESEA","Jun 30, 2007","611110","5500","PUBLIC"
"CLARK COUNTY NV SCHOOL DISTRICT (TEACHERS)",3107,"NV LAS VEGAS"," (NEA) CCCTA","Jun 30, 2007","611110","9000","PUBLIC"
"CLARK COUNTY, WASHINGTON",3520,"WA CLARK COUNTY","LABORERS  (LIUNA) 335","Jun 30, 2018","525120",,"PUBLIC"
"CLARK COUNTY, WASHINGTON (HEALTH UNIT)",3627,"WA","LABORERS  (LIUNA) 335","Jun 30, 2021",,,"PUBLIC"
"CLARK COUNTY, WASHINGTON (INFORMATION TECHNOLOGY)",3628,"WA","THE INFORMATION TECHNOLOGY GUILD ","Dec 31, 2021",,,"PUBLIC"
"CLARK COUNTY, WASHINGTON (MACHINISTS UNIT)",3629,"WA"," (IAM) 1432","Jun 30, 2021",,,"PUBLIC"
"CLARK COUNTY, WASHINGTON (MEDICAL EXAMINER UNIT)",3630,"WA","LONGSHORE AND WAREHOUSE UNION (ILWU) 8","Dec 31, 2018",,,"PUBLIC"
"CLARK COUNTY, WASHINGTON (OFFICE & PROFESSIONAL WORKERS)",3631,"WA","ELECTRICAL WORKERS IBEW AFL-CIO (IBEW) 483","Jun 30, 2021",,,"PUBLIC"
"CLARK COUNTY, WASHINGTON (PUBLIC WORKS)",3632,"WA"," (AFSCME) 307CO","Jun 30, 2021",,,"PUBLIC"
"CLARK FIRE PROTECTION PRODUCTS, INC.",1313,"OH","MACHINISTS AFL-CIO (IAM) 34","Aug 25, 2023","333618","80","PRIVATE"
"CLASSIC WOODWORK, INC.",2320,"IL"," (CRCC) ","May 31, 2019",,,"PRIVATE"
"CLATSOP BEHAVIORAL HEALTHCARE",4017,"OR","STATE COUNTY AND MUNI EMPLS AFL-CIO (AFSCME) 75 OREGON","Jun 30, 2022","62322","63","PRIVATE"
"CLAY COUNTY FL SCHOOL BOARD (TEACHERS)",3282,"FL GREENE COVE"," (NEA) CCEA","Jun 30, 2006","611110","1350","PUBLIC"
"CLEARWATER COUNTY (SHERIFF, DEPUTY)",4699,"MN","TEAMSTERS (IBT) 346 ","Dec 31, 2027",,,"PUBLIC"
"CLEAVER-BROOKS NEBRASKA BOILER",1793,"NE","BOILERMAKERS AFL-CIO (BBF) 83","Nov 4, 2011","316999","1000","PRIVATE"
"CLEVELAND FOOD INDUSTRY COMMITTEE (CLERKS)",598,"OH CLEVELAND","FOOD AND COMMERCIAL WKRS (UFCW) 880","Sep 11, 2005","445110","10700","PRIVATE"
"CLEVELAND-AKRON-CANTON FOOD IND COMM (MEAT)",596,"OH","FOOD AND COMMERCIAL WKRS (UFCW) 880","Sep 14, 2008","445110","3300","PRIVATE"
"CLEVELAND-AKRON-CANTON FOOD IND COMM (MEAT)",597,"OH PA","FOOD AND COMMERCIAL WKRS (UFCW) 880","Sep 11, 2005","445110","3300","PRIVATE"
"CLEVELAND, CITY OF (MUNICIPAL EMPLOYEES)",2851,"OH CLEVELAND","STATE COUNTY AND MUNI EMPLS AFL-CIO (AFSCME) 100 DOCTORS HOSPITAL OF MICHIGAN AFSCME COUNCIL 25","Mar 31, 2001","921190","1750","PUBLIC"
"CLEVELAND, CITY OF (PATROL OFFICERS)",2967,"OH CLEVELAND"," (PPA) CPPA","Mar 31, 2004","922120","1400","PUBLIC"
"CLEVELAND, SHEET METAL AND AIR CONDITIONING CONTRACTORS' NATIONAL ASSOCIATION (SMACNA)",4682,"OH","SHEET METAL, AIR, RAIL AND TRANSPORTATION WORKERS (SMART) 33 SM ","Apr 30, 2025",,,"PRIVATE"
"CLOQUET CITY COUNCIL",4114,"MN","TEAMSTERS (IBT) 346 ","Dec 31, 2023",,,"PUBLIC"
"CLOTHING MFRS. OF THE USA",95,"NATIONAL","UNITE HERE ","Mar 26, 2007","315211","35000","PRIVATE"
"CMC MAINTENANCE, INC./K CORP. SUPPORT SERVICES, INC. (JAMES AND THOMAS ASHLEY U.S. COURTHOUSE)",4176,"OH","ENGINEERS, OPERATING, AFL-CIO (IUOE) 18 ","Nov 30, 2022","561210","2","PRIVATE"
"COAL GROVE, VILLAGE OF",4465,"OH","STATE COUNTY AND MUNI EMPLS AFL-CIO (AFSCME) 8 OHIO","Apr 15, 2024",,"7","PUBLIC"
"COAL OPERATORS & ASSOCIATES, INC",1080,"KY"," (BCOA) -","Dec 31, 2006","561612","1000","PRIVATE"
"COALITION OF KAISER PERMANENTE UNIONS AFL-CIO",2182,"DC"," (WBNG) 32035","Mar 31, 2017",,,"PRIVATE"
"COASTAL INTERNATIONAL SECURITY",1764,"DC","SECURITY POLICE, FIRE PROF, IND (SPFPA) 287","Nov 30, 2007","561612","1000","PRIVATE"
"COASTAL INTERNATIONAL SECURITY",1765,"DC","SECURITY POLICE, FIRE PROF, IND (SPFPA) 287","Sep 30, 2010","561612","1000","PRIVATE"
"COASTAL INTERNATIONAL SECURITY (DEPT. OF COMMERCE)",1762,"WASH, DC"," (USPOA) -","Nov 30, 2012","561612","1000","PRIVATE"
"COASTAL INTERNATIONAL SECURITY (DEPT. OF COMMERCE)",1763,"WASH, DC"," (SPPO) -","Sep 30, 2011","561612","1000","PRIVATE"
"COASTAL INTERNATIONAL SECURITY (DEPT. OF INTERIOR)",1786,"DC"," (NASPSO) -","Sep 30, 2011","561612","1000","PRIVATE"
"COCA-COLA BOTTLING COMPANY OF CAPE COD, INC",2522,"MA","TEAMSTERS (IBT) 59","Apr 1, 2019",,,"PRIVATE"
"COFFEYVILLE RESOURCES",1794,"KS","BOILERMAKERS AFL-CIO (BBF) 83/ELECTRICAL WORKERS IBEW AFL-CIO (IBEW) 226/ENGINEERS, OPERATING, AFL-CIO (IUOE) 123/MACHINISTS AFL-CIO (IAM) 693/PLUMBERS AFL-CIO (PPF) 441/TEAMSTERS (IBT) 823","Mar 3, 2017","316999",,"PRIVATE"
"COFFEYVILLE RESOURCES",1795,"KS","BOILERMAKERS AFL-CIO (BBF) 83/ELECTRICAL WORKERS IBEW AFL-CIO (IBEW) 226/ENGINEERS, OPERATING, AFL-CIO (IUOE) 123/MACHINISTS AFL-CIO (IAM) 693/PLUMBERS AFL-CIO (PPF) 441/TEAMSTERS (IBT) 823","Mar 3, 2013","316999",,"PRIVATE"
"COGAR GROUP, LTD (DEPARTMENT OF VETERANS AFFAIRS - VAMC - BALTIMORE)",3850,"MD","GOVERNED UNITED SECURITY PROFESSIONALS (UNAFF) ","May 31, 2026",,,"PRIVATE"
"COGAR GROUP, LTD (DEPARTMENT OF VETERANS AFFAIRS - VAMC - BALTIMORE)",4706,"MD","GOVERNED UNITED SECURITY PROFESSIONALS (UNAFF) ","May 31, 2027","561612","50","PRIVATE"
"COLLABORATIVE LEARNING PROJECT DBA TREMONT SCHOOL",4821,"MA","TREMONT TEACHER COLLABORATIVE (UNAFF) ","Jun 30, 2026",,"13","PRIVATE"
"COLLEGE PARK, CITY OF",4733,"MD","STATE COUNTY AND MUNI EMPLS AFL-CIO (AFSCME) 3 MARYLAND STATE & UNIVERSITY EMPLOYEES","Jun 30, 2028",,,"PUBLIC"
"COLLEGE PARK, CITY OF (MAINTENANCE / PUBLIC WORKS)",4735,"MD","STATE COUNTY AND MUNI EMPLS AFL-CIO (AFSCME) 3 MARYLAND STATE & UNIVERSITY EMPLOYEES","Jun 30, 2025",,,"PUBLIC"
"COLORADO CHAPTER REFRIGERATION AND AC",1734,"CO","PLUMBERS AFL-CIO (PPF) 208","May 31, 2003",,,"PRIVATE"
"COLORADO CHAPTER REFRIGERATION AND AC",1735,"CO","PLUMBERS AFL-CIO (PPF) 208","May 31, 2009","23822","1700","PRIVATE"
"COLORADO ROOFING CONTRACTORS",2112,"CO","ROOFERS AFL-CIO (RWAW) 58","Apr 30, 2018","423330",,"PRIVATE"
"COLORADO ROOFING CONTRACTORS",2113,"CO","ROOFERS AFL-CIO (RWAW) 58","Apr 30, 2016",,,"PRIVATE"
"COLORADO SPRINGS BOARD OF EDUCATION SCHOOL DISTRICT NO.11",3268,"CO"," (CSEA) -","Jun 30, 2006",,,"PUBLIC"
"COLORS, INC.",4022,"IN","STEELWORKERS, AFL-CIO (USW) 07 1999 S ","May 31, 2022","332813","26","PRIVATE"
"COLUMBIA STATEWIDE LABORERS' INDEPENDENT BLDG. AGREEMENT",1441,"CO"," (LIUNA) -","Apr 30, 2004","813319","2771","PRIVATE"
"COLUMBIA UNIVERSITY (MAINTENANCE AND CUSTODIAL)",3765,"NY","TRANSPORT WORKERS AFL-CIO (TWU) 241 ","Mar 31, 2025",,,"PRIVATE"
"COLUMBIA UNIVERSITY (POSTDOCTORAL)",4816,"NY","AUTO WORKERS AFL-CIO (UAW) 4100 ","Jun 30, 2026",,,"PRIVATE"
"COLUMBIA UNIVERSITY (SECURITY OFFICERS)",3766,"NY","TRANSPORT WORKERS AFL-CIO (TWU) 241 ","Mar 31, 2025",,,"PRIVATE"
"COLUMBIA UNIVERSITY (SUPPORT STAFF)",1920,"NY","AUTO WORKERS AFL-CIO (UAW) 2110 ","Jan 31, 2012","813319","2771","PRIVATE"
"COLUMBIA UNIVERSITY MEDICAL CENTER TRUSTEES (SSA AREA)",3758,"NY","SERVICE EMPLOYEES (SEIU) 1199 SEIU UNITED HEALTH CARE WORKERS EAST","May 21, 2022",,,"PRIVATE"
"COLUMBIA UNIVERSITY TRUSTEES (FACULTY HOUSE)",3797,"NY","UNITE HERE  (UNITHE) 100 ","Mar 31, 2024",,,"PRIVATE"
"COLUMBIA UNIVERSITY TRUSTEES (MEDICAL ASSISTANTS)",3798,"NY","1199SEIU - UNITED HEALTHCARE WORKERS EAST 1199 ","Aug 31, 2022",,,"PRIVATE"
"COLUMBUS BOARD OF EDUCATION",3617,"OH","CSEA OAPSE AFSCME LOCAL 4","Aug 31, 1996",,,"PUBLIC"
"COLUMBUS BOARD OF EDUCATION",3618,"OH","CSEA OAPSE AFSCME LOCAL 4","Aug 31, 1993",,,"PUBLIC"
"COLUMBUS BOARD OF EDUCATION",3619,"OH","CSEA OAPSE AFSCME LOCAL 4","Dec 28, 1998",,,"PUBLIC"
"COLUMBUS BOARD OF EDUCATION",3620,"OH","CSEA OAPSE AFSCME LOCAL 4","Aug 28, 2001",,,"PUBLIC"
"COLUMBUS BOARD OF EDUCATION (CLASSIFIED)",3188,"OH COLUMBUS","STATE COUNTY AND MUNI EMPLS AFL-CIO (AFSCME) 4 OAPSE / CH 12","Feb 29, 2004","611110","2550","PUBLIC"
"COLUMBUS BOARD OF EDUCATION (TEACHERS)",3183,"OH COLUMBUS"," (NEA) ","Dec 31, 2004","611110","4550","PUBLIC"
"COLUMBUS, CITY OF (GENERAL UNIT)",3203,"OH COLUMBUS","STATE COUNTY AND MUNI EMPLS AFL-CIO (AFSCME) 1632 COLUMBUS, OHIO, CITY EMPLOYEES/STATE COUNTY AND MUNI EMPLS AFL-CIO (AFSCME) 8 OHIO","Mar 31, 2008","921190","2746","PUBLIC"
"COLUMBUS, CITY OF (GENERAL UNIT)",3204,"OH COLUMBUS","STATE COUNTY AND MUNI EMPLS AFL-CIO (AFSCME) 8 OHIO","Mar 31, 2011","921190","2746","PUBLIC"
"COLUMBUS, CITY OF (MUNICIPAL EMPLOYEES)",2849,"OH COLUMBUS"," (AFSCME) 4502","Aug 23, 2008","921190","3000","PUBLIC"
"COLUMBUS, CITY OF (MUNICIPAL EMPLOYEES)",2850,"OH COLUMBUS","STATE COUNTY AND MUNI EMPLS AFL-CIO (AFSCME) 1632 COLUMBUS, OHIO, CITY EMPLOYEES","Mar 31, 2005","921190","3000","PUBLIC"
"COLUMBUS, CITY OF (POLICE DEPT.)",2920,"OH COLUMBUS"," (FOP-I) LODGE 9","Apr 1, 2007","922120","1500","PUBLIC"
"COLUMBUS, CITY OF (SUPRVSRS--MID MGRS)",3415,"OH COLUMBUS"," (CMAGE-I) ","Aug 23, 2008","921190","1600","PUBLIC"
"COLUMBUS, CITY OF (SUPRVSRS--MID MGRS)",3416,"OH COLUMBUS"," (CMAGE-I) ","Aug 23, 2005","921190","1600","PUBLIC"
"COM ED FACILITIES- ILLINOIS (JONES LANG LASALLE AMERICAS, INC.)",2550,"IL","ENGINEERS, OPERATING, AFL-CIO (IUOE) 399","May 31, 2020",,,"PRIVATE"
"COMBS CONSTRUCTION COMPANY, INC./COMBS, NESBITT, PAVECO, TIFFANY AND VASTCO/TIFFANY CONSTRUCTION COMPANY",4151,"AZ","ENGINEERS, OPERATING, AFL-CIO (IUOE) 428 ","May 31, 2024",,,"PRIVATE"
"COMBS CONSTRUCTION COMPANY, INC./COMBS, NESBITT, PAVECO, TIFFANY AND VASTCO/TIFFANY CONSTRUCTION COMPANY",4206,"AZ","ENGINEERS, OPERATING, AFL-CIO (IUOE) 428 ","May 31, 2023",,,"PRIVATE"
"COMMERICAL CLEANING SERVICES",2494,"MN"," (LIUNA) ","Apr 30, 2019",,,"PRIVATE"
"COMMUNICATION WORKERS OF AMERICA (CWA) LOCAL 9009 - ALPHABET WORKERS UNION (AWU)",14,"CA","PACIFIC NORTHWEST STAFF UNION (UNAFF) ","May 31, 2026","813930","13","PRIVATE"
"COMMUNICATIONS CABLING & NETWORKING, INC.",2557,"WI","COMMUNICATIONS WORKERS AFL-CIO (CWA) 4603","May 30, 2020","238210","105","PRIVATE"
"COMMUNICATIONS WORKERS OF AMERICA LOCAL 2108",4484,"MD","OFFICE AND PROFESSIONAL EMPLS AFL-CIO (OPEIU) 2 ","Aug 1, 2020",,"3","PRIVATE"
"COMMUNITY FIRST HOLDINGS, INC. DBA TRIBUNE-STAR PUBLISHING COMPANY/COMMUNITY NEWSPAPERS HOLDING, INC. (NHI)/TRIBUNE-STAR, THE",3971,"IN","INTERNATIONAL ASSOCIATION OF MACHINISTS & AEROSPACE WORKERS DISTRICT LODGE 77 ","Dec 31, 2018",,,"PRIVATE"
"COMMUNITY FIRST HOLDINGS, INC. DBA TRIBUNE-STAR PUBLISHING COMPANY/COMMUNITY NEWSPAPERS HOLDINGS, INC. (NHI)/TRIBUNE-STAR, THE",3967,"IN","COMMUNICATIONS WORKERS AFL-CIO (CWA) 14620 ST LOUIS MAILERS UNION/INDIANAPOLIS MAILERS UNION 10","Apr 30, 2019",,,"PRIVATE"
"COMMUNITY FIRST HOLDINGS, INC. DBA TRIBUNE-STAR PUBLISHING COMPANY/COMMUNITY NEWSPAPERS HOLDINGS, INC. (NHI)/TRIBUNE-STAR, THE",3969,"IN","COMMUNICATIONS WORKERS AFL-CIO (CWA) 14446 TERRE HAUTE TYPOGRAPHICAL UNION/PRINTING, PUBLISHING, AND MEDIA SECTOR ","Dec 31, 2017",,,"PRIVATE"
"COMMUNITY FIRST HOLDINGS, INC. DBA TRIBUNE-STAR PUBLISHING COMPANY/COMMUNITY NEWSPAPERS HOLDINGS, INC. (NHI)/TRIBUNE-STAR, THE",3970,"IN","TEAMSTERS (IBT) 135 ","Dec 31, 2019",,,"PRIVATE"
"COMMUNITY HOSPITAL AT DOBBYS FERRY",2500,"NY"," (SEIU) 1199","Dec 31, 2007",,,"PRIVATE"
"COMMUNITY MEMORIAL HOSPITAL (DIAGNOSTIC)",4047,"MN","SERVICE EMPLOYEES (SEIU) NATL CONFERENCE OF FIREMEN & OILERS","Mar 31, 2021",,,"PRIVATE"
"COMMUNITY MEMORIAL HOSPITAL (ENGINEERS)",4053,"MN","SERVICE EMPLOYEES (SEIU) NATL CONFERENCE OF FIREMEN & OILERS","Apr 30, 2022",,,"PRIVATE"
"COMMUNITY MEMORIAL HOSPITAL (LABORATORY)",4052,"MN","ENGINEERS, OPERATING, AFL-CIO (IUOE) 70 ","Sep 30, 2022",,,"PRIVATE"
"COMMUNITY MEMORIAL HOSPITAL (LPN)",4051,"MN","STATE COUNTY AND MUNI EMPLS AFL-CIO (AFSCME) 105 MLPNA/STATE COUNTY AND MUNI EMPLS AFL-CIO (AFSCME) 65 MINNESOTA","Nov 30, 2022",,,"PRIVATE"
"COMMUNITY NEWSPAPER HOLDINGS, INC. DBA TRIBUNE-STAR PUBLISHING COMPANY/TRIBUNE-STAR, THE (PRESS)",3968,"IN","GRAPHIC COMMUNICATIONS , IBT 17M","Apr 30, 2018",,,"PRIVATE"
"COMMUNITY PRINTERS",4491,"CA","PRINTING PACKAGING & PRODUCTION WORKERS UNION OF N (PPPWU) 388 M ","May 31, 2027",,,"PRIVATE"
"COMMUNITY RENEWAL TEAM, INC.",4311,"CT","FOOD AND COMMERCIAL WKRS (UFCW) 919 UNITED FOOD&COMM. WORKERS LOCAL 919","Dec 31, 2023",,,"PRIVATE"
"COMPASS FORWARDING COMPANY, INC.",8,"NY","TEAMSTERS (IBT) 295 ","Aug 31, 2027",,"1","PRIVATE"
"COMPTON UNIFIED SCHOOL DISTRICT (TEACHERS)",3294,"CA COMPTON"," (NEA) CEA","Jun 30, 2003","611110","1479","PUBLIC"
"CONAGRA BEEF COMPANY",1756,"CO"," (UFCWU) -","Nov 21, 2004","23731","1500","PRIVATE"
"CONAGRA FOODS COMPANY, INC",1183,"CO"," (UF, IBT) -","Jul 16, 2006","23731","1500","PRIVATE"
"CONAGRA FOODS, INC",70,"PA"," (UFCWU) -","Feb 7, 2010","23731","1500","PRIVATE"
"CONCRETE CONTRACTORS ASSOCIATION OF GREATER CHICAGO",1397,"IL"," (LIUNA) -","May 31, 2006","23731","1500","PRIVATE"
"CONCRETE CONTRACTORS ASSOCIATION OF GREATER CHICAGO",2411,"IL","PLASTERERS AND CEMENT MASONS AFL-CIO (OPCM) 11/PLASTERERS AND CEMENT MASONS AFL-CIO (OPCM) 502","May 31, 2021",,,"PRIVATE"
"CONDOMINIUM COOPERATIVE EMPLOYERS COUNCIL",2041,"SAN FRANCISCO","SERVICE EMPLOYEES (SEIU) 1877","Sep 30, 2012",,,"PRIVATE"
"CONNECTICUT CLEANING CONTRACTORS ASSOCIATION (HARTFORD-CONNECTICUT)",4746,"CT","SERVICE EMPLOYEES (SEIU) 32 BJ MOTOR VEHICLE INSPECTORS DIVISION","Dec 31, 2027",,,"PRIVATE"
"CONNECTICUT COMM TECH COLLEGES (FAC & NONFAC)",3246,"CT","CCCC/AFT/AF ","Jun 30, 2007","611210","2000","PUBLIC"
"CONNECTICUT CONSTRUCTION INDUSTRIES ASSOCIATION",1263,"CT","LABORERS  (LIUNA) 146/LABORERS  (LIUNA) 230/LABORERS  (LIUNA) 455/LABORERS  (LIUNA) 611/LABORERS  (LIUNA) 665/LABORERS  (LIUNA) 675","Mar 31, 2012","23731","1500","PRIVATE"
"CONNECTICUT CONSTRUCTION INDUSTRIES ASSOCIATION & AGC (HVY-HWY)",986,"CT HARTFORD"," (UBC) 24,43,210","Apr 30, 2006","23731","3000","PRIVATE"
"CONNECTICUT CONSTRUCTION INDUSTRIES ASSOCIATION & AGC (HVY-HWY)",1258,"CT","TEAMSTERS (IBT) 10","Mar 31, 2005","23731","1100","PRIVATE"
"CONNECTICUT CONSTRUCTION INDUSTRIES ASSOCIATION & AGC (HVY-HWY)",1261,"CT","LABORERS  (LIUNA) 0 CONNECTICUT","Mar 31, 2009","23731","1500","PRIVATE"
"CONNECTICUT CONSTRUCTION INDUSTRIES ASSOCIATION & AGC (HVY-HWY)",1262,"CT","LABORERS  (LIUNA) 0 CONNECTICUT","Mar 31, 2005","23731","1500","PRIVATE"
"CONNECTICUT CONSTRUCTION INDUSTRIES ASSOCIATION, INC.",1394,"CONNECTICUT","ENGINEERS, OPERATING, AFL-CIO (IUOE) 478","Mar 31, 2014",,,"PRIVATE"
"CONNECTICUT CONSTRUCTION INDUSTRIES ASSOCIATION, INC.",1491,"CT","TEAMSTERS (IBT) 10 /TEAMSTERS (IBT) 191 /TEAMSTERS (IBT) 493 /TEAMSTERS (IBT) 559 GROCERY BAKERY CONSTRUCTION DRIVERS & HELPERS/TEAMSTERS (IBT) 677 ","Mar 31, 2005",,,"PRIVATE"
"CONNECTICUT LIGHT & POWER CO (NE UTILITIES CO)",494,"CT","ELECTRICAL WORKERS IBEW AFL-CIO (IBEW) 420/ELECTRICAL WORKERS IBEW AFL-CIO (IBEW) 457","Jun 1, 2004","22111","800","PRIVATE"
"CONNECTICUT STATE (ADMIN & RESIDUAL-UNIT P5)",2730,"CT"," (AFT) 4200","Jun 30, 2003","921190","3400","PUBLIC"
"CONNECTICUT STATE (ADMIN & RESIDUAL-UNIT)",2731,"CT"," (AFT) 4200","Jun 30, 2007","921190","3400","PUBLIC"
"CONNECTICUT STATE (COMMISSIONER OF ADMIN SERVICES)",2707,"CT","STATE COUNTY AND MUNI EMPLS AFL-CIO (AFSCME) 4 CONNECTICUT & SPECIAL DISTRICT EMPL","Jun 30, 2008","922140","5100","PUBLIC"
"CONNECTICUT STATE (EDUC PROFS-UNIT P3B)",2908,"CT"," (SEIU) CSEA","Jun 30, 2005","921190","1050","PUBLIC"
"CONNECTICUT STATE (ENGRS, SCIENTISTS-UNIT P4)",2909,"CT"," (SEIU) CSEA","Jun 30, 2005","921190","2900","PUBLIC"
"CONNECTICUT STATE (HEALTH CARE-UNITS P1 & NP6)",39,"CT","SERVICE EMPLOYEES (SEIU) 1199 NEW ENGLAND HEALTH CARE EMPL UNION","Jun 30, 2005","622","7350","PRIVATE"
"CONNECTICUT STATE (POLICE-UNIT NP1)",2793,"CT"," (CSPA-I) ","Jun 30, 2004","922120","1000","PUBLIC"
"CONNECTICUT STATE (PROTECTIVE SERVICES-UNIT NP-5)",3201,"CT","IUPA/IAFF PSC","Jun 30, 2008","921190","3500","PUBLIC"
"CONNECTICUT STATE (SOCL & HUMN SVCS-UNIT P2)",3459,"CT","STATE COUNTY AND MUNI EMPLS AFL-CIO (AFSCME) 4 CONNECTICUT & SPECIAL DISTRICT EMPL","Jun 30, 2006","624","3900","PUBLIC"
"CONNECTICUT STATE BOARD OF EDUCATION",36,"CT"," (AFT) 4200A","Aug 31, 2011","611110","1000","PRIVATE"
"CONNECTICUT STATE BOARD OF EDUCATION (VOC TEACHERS)",35,"CT"," (AFT) 4200A","Aug 31, 2007","611110","1000","PRIVATE"
"CONNECTICUT STATE JUDICIAL BRANCH (NON PROFESSIONALS)",37,"CT","STATE COUNTY AND MUNI EMPLS AFL-CIO (AFSCME) 749 CSEA -- ALFRED COLLEGE OF CERAMICS","Jun 30, 2006","922110","1400","PRIVATE"
"CONNECTICUT, GENERAL CONTRACTORS OF",3592,"CT"," (BAC) DC NOTHERN CONNECTICUT","Mar 31, 1984",,,"PUBLIC"
"CONNECTICUT, STATE OF (ASSIS. ATTORNEYS GENERAL / ASSIS. ATTORNEYS GENERAL DEPARTMENT HEADS)",4635,"CT","TEACHERS AFL-CIO (AFT) CONNECTICUT STATE","Jun 30, 2025",,,"PUBLIC"
"CONNECTICUT, STATE OF/WINCHESTER, TOWN OF (DEPARTMENT HEAD ASSISTANTS, SECRETARIES, RECEPTIONISTS & CLERICAL)/WINSTED, CITY OF",4112,"CT","UNITED PUBLIC SERVICE EMPLOYEES UNION ","Jun 30, 2025",,,"PUBLIC"
"CONNECTICUT, UNIVERSITY OF BOARD OF TRUSTEES (FACULTY)",3257,"CT STORRS"," (AAUP-I) ","Jan 1, 1800","611310","1250","PUBLIC"
"CONNECTICUT, UNIVERSITY OF BOARD OF TRUSTEES (FACULTY)",3258,"CT STORRS"," (AAUP-I) ","Jun 30, 2006","611310","1250","PUBLIC"
"CONNECTICUT, UNIVERSITY OF BOARD OF TRUSTEES (PROFESSIONALS)",2895,"CT STORRS"," (AFT) UPCEA 3695","Jun 30, 2005","611310","1000","PUBLIC"
"CONSOLIDATED EDISON CO. OF NEW YORK",495,"NY","UTILITY WORKERS AFL-CIO (UWU) 1 2","Jun 26, 2004","221","8600","PRIVATE"
"CONSOLIDATED PAPER, INC.",118,"WI","USWA/PACE -","Apr 30, 2005","322121","2600","PRIVATE"
"CONSTRUC IND COUN OF WESTCH & HUDSN VLLY (HVY-HWY-ENGR)",1492,"NY","ENGINEERS, OPERATING, AFL-CIO (IUOE) 137","Mar 6, 2005","23731","1000","PRIVATE"
"CONSTRUCTION CONTRACTORS & EMPLOYERS",1054,"ME NH VT"," (UBC) 1996","Sep 30, 2006","23621","1500","PRIVATE"
"CONSTRUCTION CONTRACTORS ASSOCIATION OF HUDSON VALLEY (BLDG)",1581,"NY NEWBURGH","LABORERS  (LIUNA) 17","May 31, 2007","23622","1000","PRIVATE"
"CONSTRUCTION CONTRACTORS ASSOCIATION OF HUDSON VALLEY (NON-RES)",1044,"NY NEWBURGH"," (UBC) RC, UPSTATE NY","May 31, 2006","23622","3000","PRIVATE"
"CONSTRUCTION CONTRACTORS ASSOCIATION OF HUDSON VALLEY (RESID)",989,"NY HUDSON VALLEY","LABORERS  (LIUNA) 17","May 31, 2005","2361","1000","PRIVATE"
"CONSTRUCTION CONTRACTORS ASSOCIATION OF HUDSON VALLEY (RESIDENTIAL)",988,"NY","LABORERS  (LIUNA) 17","May 31, 2009","2361","1000","PRIVATE"
"CONSTRUCTION CONTRACTORS COUNCIL, AGC LABOR DIV",1200,"DC VA MD"," (UBC) DC RC","Apr 30, 2004","23622","4000","PRIVATE"
"CONSTRUCTION CONTRACTORS LABOR EMPLOYEES OF NJ & AGC, NJ",1461,"NJ"," (UBC) 1456","Apr 30, 2007",,,"PRIVATE"
"CONSTRUCTION EMPLOYERS",984,"NY BUFFALO"," (UBC) EMPIRE ST RC","May 14, 2002","23621","1000","PRIVATE"
"CONSTRUCTION EMPLOYERS ASSOCIATION (BLDG)",1436,"OH CLEVELAND","LABORERS  (LIUNA) 310","Apr 30, 2005","23622","1700","PRIVATE"
"CONSTRUCTION EMPLOYERS ASSOCIATION (BLDG)",1618,"OH CLEVELAND","ENGINEERS, OPERATING, AFL-CIO (IUOE) 18","Apr 30, 2006","23622","3300","PRIVATE"
"CONSTRUCTION EMPLOYERS ASSOCIATION OF CENTRAL KY",998,"KY","ENGINEERS, OPERATING, AFL-CIO (IUOE) 181 ","May 31, 2006","23731","2800","PRIVATE"
"CONSTRUCTION EMPLOYERS ASSOCIATION OF CLEVELAND OHIO",2416,"OH","BRICKLAYERS AFL-CIO (BAC) 5 CLEVELAND OHIO","Apr 30, 2020",,,"PRIVATE"
"CONSTRUCTION EQUIPMENT RENTAL ASSOCIATION",1106,"DC METRO","ENGINEERS, OPERATING, AFL-CIO (IUOE) 77","Apr 30, 2005","2389","1000","PRIVATE"
"CONSTRUCTION INDUSTRIES COUNTIES OF WESTCHESTER & HUDSON VALLEY (HVY-HWY)",1675,"NY SOUTHEAST","LABORERS  (LIUNA) 60","Mar 31, 2007","23731","900","PRIVATE"
"CONSTRUCTION INDUSTRIES OF MA (HVY-HWY)",1259,"MA","ENGINEERS, OPERATING, AFL-CIO (IUOE) 4","May 31, 2005","23731","3600","PRIVATE"
"CONSTRUCTION INDUSTRIES OF MA (HVY-HWY)",1260,"MA"," (IBT) JC 10, 8 LOCALS","Jun 1, 2004","23731","1100","PRIVATE"
"CONSTRUCTION INDUSTRIES OF MASSACHUSETTS, INC",1257,"NY"," (IBT) -","May 31, 2008","23621",,"PRIVATE"
"CONSTRUCTION INDUSTRIES OF RI (HVY-HWY)",1045,"RI","CARPENTERS IND (CJA) 94","Jun 7, 2009","23731","1000","PRIVATE"
"CONSTRUCTION INDUSTRIES OF RI (HVY-HWY)",1046,"RI"," (UBC) 94","Jun 5, 2005","23731","1000","PRIVATE"
"CONSTRUCTION INDUSTRY ASSOCIATION OF ROCHESTER (COMML)",1048,"NY ROCHESTER"," (UBC) 85","Apr 30, 2006","23622","1300","PRIVATE"
"CONSTRUCTION INDUSTRY ASSOCIATION OF ROCHESTER, NY",1897,"NY ROCHESTER","CARPENTERS IND (CJA) 85","Apr 30, 2011","23731","1057","PRIVATE"
"CONSTRUCTION INDUSTRY ASSOCIATION-WAS BUILDING TRADES EMPLOYERS (COML)",1446,"NY ROCHESTER","LABORERS  (LIUNA) 435","Apr 30, 2006","23622","1100","PRIVATE"
"CONSTRUCTION INDUSTRY COUNCIL ET AL (HVY-HWY)",1456,"NY WESTCHESTER"," (UBC) 11, 964","Apr 30, 2004","23731","1200","PRIVATE"
"CONSTRUCTION INDUSTRY EMPLOYERS ASSOCIATION.",1202,"NY BUFFALO","LABORERS  (LIUNA) 210","Jun 30, 2007","23622","1800","PRIVATE"
"CONSTRUCTORS ASSOCIATION OF WESTERN PA",958,"PA","CARPENTERS IND (CJA) 2274","Dec 31, 2010","23622","1000","PRIVATE"
"CONSTRUCTORS ASSOCIATION OF WESTERN PA",959,"PA WESTERN"," (UBC) 2274","Dec 31, 2004","23622","1000","PRIVATE"
"CONSTRUCTORS ASSOCIATION OF WESTERN PA",1273,"PA WESTERN","TEAMSTERS (IBT) 40","Jan 1, 2008","23731","1000","PRIVATE"
"CONSTRUCTORS ASSOCIATION OF WESTERN PA",1623,"PA WESTERN","ENGINEERS, OPERATING, AFL-CIO (IUOE) 66","Dec 31, 2004","23622","6500","PRIVATE"
"CONSTRUCTORS ASSOCIATION OF WESTERN PA",1634,"PA WESTERN"," (LIUNA) 8 LOCALS","Dec 31, 2004","23622","8000","PRIVATE"
"CONSTRUCTORS ASSOCIATION OF WESTERN PENNSYLVANIA",2242,"PA","PILE DRIVERS 2235","Dec 30, 2004",,,"PRIVATE"
"CONSTRUCTORS ASSOCIATION OF WESTERN PENNSYLVANIA",2243,"PA","CEMENT MASONS 526","Dec 31, 2014",,,"PRIVATE"
"CONSTRUCTORS LABOR COUNCIL OF WEST VIRGINIA",1638,"WV"," (BSOIW) ","Nov 30, 2006",,,"PRIVATE"
"CONSTRUCTORS LABOR COUNCIL OF WEST VIRGINIA",1679,"WV"," (OPCM) ","Nov 30, 2006",,,"PRIVATE"
"CONSTRUCTORS' - AREA 438",1877,"IN","PLASTERERS AND CEMENT MASONS AFL-CIO (OPCM) 692","May 31, 2017","238140","1730","PRIVATE"
"CONSTRUCTORS' - AREA 438",1878,"IN","PLASTERERS AND CEMENT MASONS AFL-CIO (OPCM) 692","May 31, 2015","238140","1730","PRIVATE"
"CONSTRUCTORS' - AREA 438",1879,"IN","PLASTERERS AND CEMENT MASONS AFL-CIO (OPCM) 692","May 31, 2012","238140","1730","PRIVATE"
"CONSTRUCTORS' LABOR COUNCIL",1636,"WV MD OH KY"," (IABSORI) -","Nov 30, 2009","23731","1450","PRIVATE"
"CONSTRUCTORS' LABOR COUNCIL",1637,"WV MD OH KY"," (IABSORI) -","Dec 6, 2006","23731","1450","PRIVATE"
"CONSTRUCTORS' LABOR COUNCIL",1639,"WV"," (BSIOW) -","Dec 6, 2012","23731","1540","PRIVATE"
"CONSTRUCTORS' LABOR COUNCIL",1646,"WV MD OH KY","LABORERS  (LIUNA) 10 RESIDENT/HOUSING/CONSTRUCTION/LABORERS  (LIUNA) 149/LABORERS  (LIUNA) 379/LABORERS  (LIUNA) 453/LABORERS  (LIUNA) 543/LABORERS  (LIUNA) 984","Dec 6, 2012","23731","7300","PRIVATE"
"CONSTRUCTORS' LABOR COUNCIL",1647,"WV MD OH KY"," (LIUNA) MULTI","Dec 6, 2005","23731","7300","PRIVATE"
"CONSTRUCTORS' LABOR COUNCIL",1649,"WV"," (LIUNA) -","Dec 6, 2012","23731","7300","PRIVATE"
"CONSTRUCTORS' LABOR COUNCIL",1651,"WV MD OH KY","ENGINEERS, OPERATING, AFL-CIO (IUOE) 132","Dec 6, 2005","23731","3200","PRIVATE"
"CONSTRUCTORS' LABOR COUNCIL",1652,"WV"," (IUOE) -","Dec 6, 2012","23731","3200","PRIVATE"
"CONSTRUCTORS' LABOR COUNCIL",1657,"WV","CARPENTERS IND (CJA) 2235","Nov 30, 2009","23731","4200","PRIVATE"
"CONSTRUCTORS' LABOR COUNCIL",1658,"WV MD OH KY"," (MARCC) -","Dec 6, 2006","23731","4200","PRIVATE"
"CONSTRUCTORS' LABOR COUNCIL",1659,"WV"," (CJA) -","Dec 6, 2012","23731","4200","PRIVATE"
"CONSTRUCTORS' LABOR COUNCIL",1676,"WV"," (OPCM) -","Nov 30, 2009","23731","1300","PRIVATE"
"CONSTRUCTORS' LABOR COUNCIL",1677,"WV MD OH KY"," (OPCM) -","Dec 6, 2006","23731","1300","PRIVATE"
"CONSTRUCTORS' LABOR COUNCIL",1680,"WV"," (OPCM) -","May 31, 2012","23731","1300","PRIVATE"
"CONSTRUCTORS' LABOR COUNCIL OF WEST VA / OPCM",1678,"WV"," (OPCM) ","Dec 6, 2009","23731","1300","PRIVATE"
"CONSTRUCTORS' LABOR COUNCIL OF WEST VA IUOE",1650,"WV","ENGINEERS, OPERATING, AFL-CIO (IUOE) 132","Dec 6, 2006","23731","3200","PRIVATE"
"CONSUMERS ENERGY (WAS CONSUMERS POWER CO.)",496,"MI"," (UWUA) -","Jun 1, 2005","221","4000","PRIVATE"
"CONTINENTAL AIRLINES",1906,""," (IAM) ","Sep 2, 2012",,,"PRIVATE"
"CONTINENTAL AIRLINES, INC.",1903,"NY"," (ALPA) -","Dec 31, 2008","1111","50361","PRIVATE"
"CONTINENTAL AIRLINES, INC.",1904,"NY"," (IAM) -","Oct 1, 2004","22222","1000","PRIVATE"
"CONTINENTAL AIRLINES, INC.",1905,"IL"," (CWA/AFA) -","Dec 31, 2014",,"1000","PRIVATE"
"CONTRA COSTA COUNTY CA (CLERICAL & OFFICE)",3066,"CA CONTRA COST","AFSCME 2700 2700","Sep 30, 2005","921190","1500","PUBLIC"
"CONTRA COSTA COUNTY CA (MULTIPLE UNITS)",3067,"CA CONTRA COST"," (CCCEA) 1","Sep 30, 2005","921190","3009","PUBLIC"
"CONTRACT ADMINISTRATION FUND OF NE COLORADO",962,"CO NORTHEAST","PLUMBERS AFL-CIO (PPF) 208","Jun 30, 2006","23822","1900","PRIVATE"
"CONTRACT CLEANERS ASSOCIATION OF ST. LOUIS",820,"MO ST LOUIS","SERVICE EMPLOYEES (SEIU) 50","Dec 31, 2006","56172","2400","PRIVATE"
"CONTRACTORS ASSOCIATION OF E. PA",1026,"PA PHILADELPHIA","TEAMSTERS (IBT) 312/TEAMSTERS (IBT) 384 TRUCK DRIVERS CHAUFFEURS & HELPERS/TEAMSTERS (IBT) 470","Apr 30, 2010","23622","900","PRIVATE"
"CONTRACTORS ASSOCIATION OF E. PA",1027,"PA PHILADELPHIA","TEAMSTERS (IBT) 312/TEAMSTERS (IBT) 384 TRUCK DRIVERS CHAUFFEURS & HELPERS/TEAMSTERS (IBT) 470","Apr 30, 2004","23622","900","PRIVATE"
"CONTRACTORS ASSOCIATION OF E. PA",1248,"PA EASTERN","ENGINEERS, OPERATING, AFL-CIO (IUOE) 542","Apr 30, 2010","23731","3400","PRIVATE"
"CONTRACTORS ASSOCIATION OF E. PA",1249,"PA EASTERN","ENGINEERS, OPERATING, AFL-CIO (IUOE) 542","Apr 30, 2004","23731","3400","PRIVATE"
"CONTRACTORS ASSOCIATION OF E. PA - 29 COUNTIES",1608,"PA EASTERN","UBC,IBT,LIUNA VARIOUS","Apr 30, 2004","23622","1500","PRIVATE"
"CONTRACTORS ASSOCIATION OF E. PA - 5 CNTYS (HVY-HWY)",1609,"PA EASTERN","LABORERS  (LIUNA) 0 EASTERN PENNSYLVANIA","Apr 30, 2004","23731","2500","PRIVATE"
"CONTRACTORS ASSOCIATION OF E. PA - 7 CNTYS (HVY-HWY)",1607,"PA EASTERN"," (UBC) METRO RC","Apr 30, 2006","23731","4500","PRIVATE"
"CONTRACTORS ASSOCIATION OF E. PA (5 COUNTIES)",1611,"PA PHILADELPHIA","PLASTERERS AND CEMENT MASONS AFL-CIO (OPCM) 592","Apr 30, 2006","23731","1000","PRIVATE"
"CONTRACTORS ASSOCIATION OF GREATER NY",435,"NY NEW YORK","TEAMSTERS (IBT) 282","Jun 30, 2013","23622","4700","PRIVATE"
"CONTRACTORS ASSOCIATION OF GREATER NY",1002,"NY NEW YORK","LABORERS  (LIUNA) 66","Jun 30, 2005","23622","1000","PRIVATE"
"CONTRACTORS' ASSOCIATION OF GREATER NY",1560,"NY NASSAU","TEAMSTERS (IBT) 282","Jun 30, 2005","23622","4700","PRIVATE"
"CONTRACTORS' LABOR COUNCIL OF WEST VIRGINIA ( HVY-HWY AGMT)",1648,"WV"," (LIUNA) ","Nov 30, 2006",,,"PRIVATE"
"CONVENTIONAL DAIRY AGMT (OFFICE WORKERS)",68,"CA SOUTHERN","TEAMSTERS (IBT) 166/TEAMSTERS (IBT) 186/TEAMSTERS (IBT) 63","Feb 28, 2007","311514","1800","PRIVATE"
"CONVENTIONAL DAIRY AGMT (PLANT & DRIVERS)",51,"CA SOUTHERN","TEAMSTERS (IBT) 630","Feb 28, 2007","311514","1800","PRIVATE"
"COOK COUNTY (HOUSESTAFF)",4766,"IL","STATE COUNTY AND MUNI EMPLS AFL-CIO (AFSCME) 1199 NM HOSPITAL AND HEALTH CARE","Nov 30, 2024",,,"PUBLIC"
"COOK COUNTY (REGISTERED & INSTRUCTIONAL NURSES)",2978,"IL COOK CNTY"," (ANA-I) INA","Nov 30, 2004","622","1500","PUBLIC"
"COOK COUNTY (SERVICE EMPLOYEES)",2988,"IL COOK CNTY","SERVICE EMPLOYEES (SEIU) 73","Nov 30, 2004","622","800","PUBLIC"
"COOK COUNTY HOUSING AUTHORITY (ADMINISTRATIVE / CLERICAL)",4763,"IL","SERVICE EMPLOYEES (SEIU) 73 ","Mar 31, 2024",,,"PUBLIC"
"COOK COUNTY HOUSING AUTHORITY (SERVICE / MAINTENANCE)",4764,"IL","SERVICE EMPLOYEES (SEIU) 73 ","Dec 31, 2023",,,"PUBLIC"
"COOK COUNTY SHERIFF (CORRECTIONS OFFICERS)",3036,"IL COOK CNTY","STATE COUNTY AND MUNI EMPLS AFL-CIO (AFSCME) 31 ILLINOIS PUBLIC EMPLOYEES","Jun 30, 2008","622","1500","PUBLIC"
"COOK COUNTY SHERIFF (FUGITIVE UNIT)",4765,"IL","METROPOLITAN ALLIANCE OF POLICE (UNAFF) METRA POLICE ASSOCIATION, CHAPTER 267","Nov 30, 2024",,,"PUBLIC"
"COOK, COUNTY OF",3570,"IL"," (GSEU) 73","Nov 30, 1998",,,"PUBLIC"
"COOK, COUNTY OF",4106,"IL","SERVICE EMPLOYEES (SEIU) 1 ","Nov 30, 2020",,,"PUBLIC"
"COOK, COUNTY OF",4762,"IL","SERVICE EMPLOYEES (SEIU) 1 ","Nov 30, 2020",,,"PUBLIC"
"COOPER LIGHTING SOLUTIONS",1211,"CA","TEAMSTERS, AUTOMOTIVE, INDUSTRIAL, THEME PARK, SERVICE SECTOR 495","Aug 14, 2023",,,"PRIVATE"
"COOPER TIRE & RUBBER CO.",167,"OH FINDLAY","STEELWORKERS, AFL-CIO (USW) 01 207 L","Oct 31, 2008","326211","1000","PRIVATE"
"COOPER TIRE & RUBBER CO.",168,"AR TEXARKANA","STEELWORKERS, AFL-CIO (USW) 12 752 L","Apr 10, 2010","326211","1300","PRIVATE"
"COOPERATIVA DE AHORRO Y CRÉDITO CARIBE COOP. (SPANISH / ESPAÑOL VERSION)",3932,"PR","FOOD AND COMMERCIAL WKRS (UFCW) 481 FED AMERICANA DE EMPLEADOS PUBLICOS","Sep 30, 2022",,,"PRIVATE"
"COPELAND CORP",237,"OH SIDNEY"," (CWA/IUE) 725","Jun 1, 2006","333415","900","PRIVATE"
"COPPER CREEK ROOFING & VARIOUS CONTRACTORS",4394,"WI","CARPENTERS IND (CJA) NORTH CENTRAL STATES REGIONAL COUNCIL","May 31, 2027",,,"PRIVATE"
"CORLEY MANUFACTURING COMPANY",1314,"TN","MACHINISTS AFL-CIO (IAM) 56 SUCCESS","Aug 28, 2022",,,"PRIVATE"
"CORNELL UNIVERSITY",872,"NY ITHACA","AUTO WORKERS AFL-CIO (UAW) 2300","Jun 30, 2012","61131","1200","PRIVATE"
"CORNELL UNIVERSITY (MAINTENANCE & SERVICE)",871,"NY ITHACA","AUTO WORKERS AFL-CIO (UAW) 2300","Jun 30, 2009","61131","1200","PRIVATE"
"CORNING BUILDING COMPANY",7,"NY","TEAMSTERS (IBT) 118 ","Dec 31, 2024",,"6","PRIVATE"
"CORNING INC",177,"NY","STEELWORKERS, AFL-CIO (USW) 04 1000","Jan 20, 2010","327213","1000","PRIVATE"
"CORNING INC (WAS CORNING GLASS WORKS)",178,"NY CORNING"," (AFGW) 1000","Jan 20, 2006","327213","2300","PRIVATE"
"CORPUS CHRISTI ARMY DEPOT",3489,"TX","GOVERNMENT EMPLOYEES AFGE AFL-CIO (AFGE) 2142 DOD","Jan 19, 2007","327213","1774","PUBLIC"
"COSTA SECURITY SERVICES, LLC DBA OPS SECURITY GROUP",4843,"MD","NATIONAL ASSOCIATION OF SPECIAL  (UNAFF) POLICE AND SECURITY OFFICERS","Dec 1, 2028","561612","8","PRIVATE"
"COSTAL INTERNATIONAL SECURITY, INC. (CIS)",1761,"DC"," (CIS) -","Mar 31, 2009","61612","1000","PRIVATE"
"COSTCO WHOLESALE",591,"CA","TEAMSTERS (IBT) 986","Jan 31, 2007","452110","7800","PRIVATE"
"COUNCIL FOR JEWISH ELDERLY (DBA CJE SENIORLIFE)/JEWISH CHILD AND FAMILY SERVICES (DBA JCFS CHICAGO)/JEWISH COMMUNITY CENTERS OF CHICAGO (DBA JCC CHICAGO)/JEWISH UNITED FUND OF METROPOLITAN CHICAGO/JFMC FACILITIES CORPORATION",4168,"IL","SERVICE EMPLOYEES (SEIU) 73 ","Dec 31, 2025",,,"PRIVATE"
"COUNCIL FOR JEWISH ELDERLY (DBA CJE SENIORLIFE)/JEWISH CHILD AND FAMILY SERVICES (DBA JCFS CHICAGO)/JEWISH COMMUNITY CENTERS OF CHICAGO (DBA JCC CHICAGO)/JEWISH UNITED FUND OF METROPOLITAN CHICAGO/JFMC FACILITIES CORPORATION",4254,"IL","SERVICE EMPLOYEES (SEIU) 73 ","Dec 31, 2022",,,"PRIVATE"
"COUNCIL OF UTILITY CONTRACTORS",1245,"NY BUFFALO","LABORERS  (LIUNA) 210","Mar 31, 2005","23731","1800","PRIVATE"
"COUNTRY CARPET, INC",2527,"KS","PAINTERS AFL-CIO (PAT) 2014 LOCAL UNION 2014/PAINTERS AFL-CIO (PAT) 3","Mar 31, 2022",,,"PRIVATE"
"CP INDUSTRIES",2124,"PA","STEELWORKERS, AFL-CIO (USW) 10 5852 S","Aug 15, 2014","332811",,"PRIVATE"
"CP INDUSTRIES",2151,"PA","STEELWORKERS, AFL-CIO (USW) 10 5852 S","Aug 15, 2014","332811",,"PRIVATE"
"CQT KENNEDY, LLC (MAINTENANCE EMPLOYEES)",4398,"OH","STEELWORKERS, AFL-CIO (USW) 1 854 ","Apr 30, 2027",,,"PRIVATE"
"CRANSTON, CITY OF, RHODE ISLAND",3523,"RI CRANSTON","LABORERS  (LIUNA) 1322","Jun 30, 2018","921120",,"PUBLIC"
"CRENLO ENGINEERED CABS",4568,"MN","AUTO WORKERS AFL-CIO (UAW) 2125 ","Dec 14, 2024",,,"PRIVATE"
"CREW TRAINING INTERNATIONAL, INC./KT CONSULTING, INC (LANGLEY AFB)",4326,"VA","EAST COAST AIRCREW TRAINING GROUP (EAST COAST ATG) ","Nov 1, 2027",,,"PRIVATE"
"CROSS MACHINE, INC.",4359,"NH","STEELWORKERS, AFL-CIO (USW) 4 75 ","Sep 14, 2026","332312","4","PRIVATE"
"CROWN CORK SEAL USA, INC. FOOD DIVISION (TOLEDO PLANT #59)",1493,"PA"," (USW) 87-3","Apr 30, 2017",,,"PRIVATE"
"CS CONSTRUCTION, INC.",2282,"AZ","ENGINEERS, OPERATING, AFL-CIO (IUOE) 428","May 31, 2019",,,"PRIVATE"
"CSC ELECTRIC, LLC",2271,"AZ","ENGINEERS, OPERATING, AFL-CIO (IUOE) 428","Jul 31, 2017",,,"PRIVATE"
"CSC ELECTRIC, LLC.",1495,"AZ","ENGINEERS, OPERATING, AFL-CIO (IUOE) 428","Jul 31, 2023",,,"PRIVATE"
"CSI ACQUISITION COMPANY DBA CRANE SERVICE, INC.",2586,"TX","ENGINEERS, OPERATING, AFL-CIO (IUOE) 178","May 31, 2023","238990","80","PRIVATE"
"CSX TRANSPORTATION, INC",2125,"FL"," (IBEW) -","Dec 31, 2014","333618",,"PRIVATE"
"CSX TRANSPORTATION, INC",2126,"FL"," (IBEW) -","Dec 31, 2009","333618",,"PRIVATE"
"CTF ILLINOIS",4702,"IL","STATE COUNTY AND MUNI EMPLS AFL-CIO (AFSCME) 1244 CHARLESTON TRANSITION FACILITY EMPLOYEES/STATE COUNTY AND MUNI EMPLS AFL-CIO (AFSCME) 31 ILLINOIS PUBLIC EMPLOYEES","Jul 1, 2022",,,"PRIVATE"
"CULINAIRE, INC.",2026,"CO","FOOD AND COMMERCIAL WKRS (UFCW) 7 R","Aug 5, 2013","445110","2000","PRIVATE"
"CUMMINS ENGINE CO.",216,"IN"," (DWU) -","Apr 25, 2004","333618","2250","PRIVATE"
"CUMMINS ENGINE CO. (CLERICAL, TECH, & SKILLED)",217,"IN"," (OCU) -","Jun 20, 2004","333618","1400","PRIVATE"
"CUNA MUTUAL INSURANCE GROUP",734,"WI MADISON","OFFICE AND PROFESSIONAL EMPLS AFL-CIO (OPEIU) 39","Mar 31, 2012","524114","1800","PRIVATE"
"CUNA MUTUAL INSURANCE GROUP",735,"WI MADISON","OFFICE AND PROFESSIONAL EMPLS AFL-CIO (OPEIU) 39","Mar 31, 2008","524114","1800","PRIVATE"
"CURA HOSPITALITY, INC.",3938,"PA","SERVICE EMPLOYEES (SEIU) SEIU HEALTHCARE PENNSYLVANIA","Dec 31, 2022",,,"PRIVATE"
"CURTISS-WRIGHT ELECTO-MECHANICAL CORPORATION (EMD)",1268,"PA","ASSOCIATION OF WESTINGHOUSE SALARIED EMPLOYEES ","Aug 17, 2024","333911","117","PRIVATE"
"CUSHING MANUFACTURING COMPANY",4007,"VA","SHEET METAL, AIR, RAIL AND TRANSPORTATION WORKERS (SMART) 100 SM ","Feb 29, 2020","332322","10","PRIVATE"
"CUSHMAN & WAKEFIELD U.S. INC. (AAA ROVING CREW)",3985,"NY","ENGINEERS, OPERATING, AFL-CIO (IUOE) 501 ","Jan 1, 2023",,,"PRIVATE"
"CUSHMAN & WAKEFIELD, INC. (VERIZON WIRELESS)",3986,"NY","ENGINEERS, OPERATING, AFL-CIO (IUOE) 30 ","Feb 29, 2020",,,"PRIVATE"
"CUYAHOGA COUNTY",3550,"OH","LABORERS  (LIUNA) 860","Dec 31, 2018","921190",,"PUBLIC"
"CUYAHOGA COUNTY ( ANIMAL SHELTER, DOG WARDENS)",4809,"OH","TEAMSTERS (IBT) 436 ","Dec 31, 2026",,,"PUBLIC"
"CUYAHOGA COUNTY (DEPT. OF PUBLIC WORKS MAINT. DIV.)",3528,"OH CUYAHOGA","LABORERS  (LIUNA) 860","Dec 31, 2017","811310",,"PUBLIC"
"CUYAHOGA COUNTY (PUBLIC WORKS, SANITARY, SEWER)",4697,"OH","LABORERS  (LIUNA) 860 ","Dec 31, 2026",,,"PUBLIC"
"CUYAHOGA COUNTY (REGIONAL FORENSIC SCIENCE LABORATORY)",4807,"OH","SERVICE EMPLOYEES (SEIU) 32 BJ MOTOR VEHICLE INSPECTORS DIVISION","Dec 31, 2024",,,"PUBLIC"
"CUYAHOGA COUNTY DEPARTMENT OF HUMAN SERVICES/COUNTY COMMISSIONERS",2984,"OH CLEVELAND"," (AFSCME) 1746","Jun 30, 2008","624","1600","PUBLIC"
"CUYAHOGA COUNTY HEALTH AND HUMAN SERVICES",3543,"CUYAHOGA COUNTY","LABORERS  (LIUNA) 860","Dec 31, 2017","923120",,"PUBLIC"
"CVS CORP.",708,"OH","FOOD AND COMMERCIAL WKRS (UFCW) 1099","Oct 8, 2011","446110","1100","PRIVATE"
"CVS CORP.",709,"OH","FOOD AND COMMERCIAL WKRS (UFCW) 1099","Oct 11, 2008","446110","1100","PRIVATE"
"CVS PHARMACY - RETAIL DRUG AGREEMENT (PHARMACISTS)",4798,"CA","FOOD AND COMMERCIAL WKRS (UFCW) 1167 /FOOD AND COMMERCIAL WKRS (UFCW) 135 /FOOD AND COMMERCIAL WKRS (UFCW) 1428 /FOOD AND COMMERCIAL WKRS (UFCW) 1442 /FOOD AND COMMERCIAL WKRS (UFCW) 324 /FOOD AND COMMERCIAL WKRS (UFCW) 5 /FOOD AND COMMERCIAL WKRS (UFCW) 648 /FOOD AND COMMERCIAL WKRS (UFCW) 770 ","Jun 27, 2027",,,"PRIVATE"
"CVS PHARMACY, INC.",4367,"CA","PROFESSIONAL PHARMACISTS GUILD (UNAFF) ","Mar 30, 2024",,,"PRIVATE"
"CYMSTAR SERVICES, LLC",2290,"AR"," (LRAITSP) ","Dec 31, 2020",,,"PRIVATE"
"CYMSTAR SERVICES, LLC",2502,"UT","MACHINISTS AFL-CIO (IAM) 568","Feb 28, 2022","336413","3","PRIVATE"
"CYMSTAR SERVICES, LLC.",2062,"LITTLE ROCK, AR"," (LRAITSP) -","Dec 31, 2014","61110","1000","PRIVATE"
"CZARNOWSKI DISPLAY, INC.",2322,"IL"," (CRCC) ","May 31, 2021",,,"PRIVATE"
"D'AGOSTINO SUPERMARKETS INC.",573,"NJ NY","FOOD AND COMMERCIAL WKRS (UFCW) 1500 UFCW UNION LOCAL 1500","Sep 26, 2009","445110","1000","PRIVATE"
"D'AGOSTINO SUPERMARKETS INC.",574,"NJ NY","FOOD AND COMMERCIAL WKRS (UFCW) 1500 UFCW UNION LOCAL 1500","Mar 31, 2012","445110","1000","PRIVATE"
"D'AGOSTINO SUPERMARKETS INC.",575,"NJ NY","FOOD AND COMMERCIAL WKRS (UFCW) 1500 UFCW UNION LOCAL 1500","May 31, 2018","445110","1000","PRIVATE"
"D'AGOSTINO SUPERMARKETS INC.",576,"NJ NY","FOOD AND COMMERCIAL WKRS (UFCW) 1500 UFCW UNION LOCAL 1500","Jul 31, 2006","445110","1000","PRIVATE"
"D&P CONSTRUCTION COMPANY. INC.",3852,"IL","TEAMSTERS (IBT) 731 ","May 31, 2023",,,"PRIVATE"
"D&P CONSTRUCTION COMPANY. INC. (RECYCLYING DIVISION)",3853,"IL","TEAMSTERS (IBT) 731 ","Sep 30, 2023",,,"PRIVATE"
"DAILY JOURNAL OF COMMERCE",3910,"WA","GRAPHIC COMMUNICATIONS INTERNATIONAL UNION/INTERNATIONAL BROTHERHOOD OF TEAMSTERS 2/PRINTING PACKAGING & PRODUCTION WORKERS UNION OF N (PPPWU) 747 M /TEAMSTERS (IBT) 2 N /TEAMSTERS (IBT) 2 TEAMSTERS LOCAL # 2","Aug 31, 2023",,,"PRIVATE"
"DAIMLER CHRYSLER (ENGRG, OFFICE & CLERICAL)",292,"NATIONAL"," (UAW) -","Sep 14, 2007","336111","7047","PRIVATE"
"DAIMLER CHRYSLER (PROD, MAINT & PARTS)",291,"NATIONAL"," (UAW) -","Sep 14, 2007","336111","70874","PRIVATE"
"DAIMLER CHRYSLER CORP. (TOLEDO ASSEMBLY PLANT) (MOA)",303,"OH TOLEDO","AUTO WORKERS AFL-CIO (UAW) 12","Nov 14, 2011","336111","5600","PRIVATE"
"DAIMLER CHRYSLER CORP. (TOLEDO ASSEMBLY PLANT) (MOA)",304,"OH TOLEDO","AUTO WORKERS AFL-CIO (UAW) 12","Nov 14, 2011","336111","5600","PRIVATE"
"DALLAS SUMMER MUSICALS",3948,"TX","STAGE AND PICTURE OPERATORS AFL-CIO (IATSE) 803 /TRANSPORT WORKERS AFL-CIO (TWU) ","Aug 31, 2023",,,"PRIVATE"
"DAN RIVER, INC.",91,"VA DANVILLE","FOOD AND COMMERCIAL WKRS (UFCW) 400","Jun 11, 2005","31321","4000","PRIVATE"
"DAN RIVER, INC.",92,"VA DANVILLE","FOOD AND COMMERCIAL WKRS (UFCW) 400","Jun 11, 2005","31321","4000","PRIVATE"
"DAN'S SUPREME SUPERMARKETS INC.",1778,"NY","FOOD AND COMMERCIAL WKRS (UFCW) 1500 UFCW UNION LOCAL 1500","Mar 26, 2016","445110","1500","PRIVATE"
"DANA CORP.",294,"IN MI OH PA","AUTO WORKERS AFL-CIO (UAW) 136/AUTO WORKERS AFL-CIO (UAW) 155 WARREN-DETROIT LOCAL/AUTO WORKERS AFL-CIO (UAW) 279/AUTO WORKERS AFL-CIO (UAW) 644","Jun 9, 2003","336350","1500","PRIVATE"
"DANA CORP., SPICER MANUFACTURING, INC.",293,"IN FT WAYNE","UPIU/PACE 6-903","Jan 31, 2005","336312","2000","PRIVATE"
"DANELLA LINE SERVICES COMPANY, INC.",2276,"DE","TEAMSTERS (IBT) 326 GENERAL TEAMSTERS","Jun 30, 2019",,,"PRIVATE"
"DANVILLE, IL, CITY OF",3542,"IL DANVILLE","LABORERS  (LIUNA) 703","Apr 30, 2018","541219",,"PUBLIC"
"DARLING NATIONAL LLC (EDIBLE PLANT)",2023,"CO","FOOD AND COMMERCIAL WKRS (UFCW) 7 R","Jan 16, 2013","445110","2000","PRIVATE"
"DARLING NATIONAL LLC (INEDIBLE PLANT)",2022,"OH DAYTON","FOOD AND COMMERCIAL WKRS (UFCW) 7 A","Dec 31, 2012","445110","2000","PRIVATE"
"DAVENPORT COMMUNITY SCHOOL DISTRICT (TEACHERS)",3353,"IA DAVENPORT"," (NEA) DEA","Jun 30, 2004","611110","1250","PUBLIC"
"DAVEY'S CAR WASH AND DETAILING",3792,"CA","STEELWORKERS, AFL-CIO (USW) 8 675 ","Sep 15, 2023","811192","2","PRIVATE"
"DAVIS STANDARD, LLC.",1355,"NY","STEELWORKERS, AFL-CIO (USW) 04 14532 S","Aug 20, 2022","333200","40","PRIVATE"
"DAY AND ZIMMERMANN",4596,"PA","SERVICE EMPLOYEES (SEIU) 1 ","Dec 4, 2024",,,"PRIVATE"
"DAY CARE COUNCIL OF NEW YORK, INC.",4744,"NY","STATE COUNTY AND MUNI EMPLS AFL-CIO (AFSCME) 205 DAY CARE CENTERS EMPLOYEES UNION","Sep 30, 2020",,,"PRIVATE"
"DAYTON CITY SCHOOL DISTRICT (TEACHERS)",3254,"OH DAYTON"," (NEA) DEA","Jun 30, 2004","611110","2000","PUBLIC"
"DAYTON OHIO, CITY OF",2885,"OH","DAYTON PUBLIC SERVICE UNION, AFSCME OHIO COUNCIL 8, 101","May 30, 2008",,,"PUBLIC"
"DAYTON POWER & LIGHT CO.",497,"OH","UTILITY WORKERS AFL-CIO (UWU) 175","Oct 31, 2011","221","954","PRIVATE"
"DAYTON POWER & LIGHT CO.",498,"OH DAYTON","UTILITY WORKERS AFL-CIO (UWU) 175","Oct 31, 2005","221","954","PRIVATE"
"DCP MAINSTREAM LP",1958,"TX","ENGINEERS, OPERATING, AFL-CIO (IUOE) 351","Mar 31, 2018","23731","2452","PRIVATE"
"DCP MAINSTREAM LP",1959,"TX","ENGINEERS, OPERATING, AFL-CIO (IUOE) 351","May 31, 2015","23731","2452","PRIVATE"
"DEAN TRANSPORTATION",2170,"MI"," (DTE) ","Jun 30, 2016","488999",,"PRIVATE"
"DEARBORN COUNTRY CLUB, THE",3783,"MI","UNITE HERE  (UNITHE) 24 ","Oct 31, 2022",,,"PRIVATE"
"DECATUR HOUSING AUTHORITY (CLERICAL)",4231,"IL","TEAMSTERS (IBT) 916 ","Mar 31, 2023","925110","4","PUBLIC"
"DECATUR HOUSING AUTHORITY (MAINTENANCE)",4230,"IL","TEAMSTERS (IBT) 916 ","May 31, 2023",,"11","PUBLIC"
"DECATUR IL PUBLIC SCHOOL DISTRICT NO. 61 BOARD OF EDUCATION (TEACHERS)",3247,"IL DECATUR"," (NEA) ","Aug 17, 2005","611110","1000","PUBLIC"
"DECKO PRODUCTS, INC.",2157,"OH"," (AFL-CIO) 525","May 31, 2013",,,"PRIVATE"
"DECORATORS SUPPLY COMPANY",2309,"IL"," (CRCC) ","May 31, 2019",,,"PRIVATE"
"DEERE & CO.",219,"WI"," (UAW) 8 LOCALS","Oct 1, 2009","332112","7300","PRIVATE"
"DEERE & CO.",220,"IA, IL"," (UAW) -","Oct 1, 2009","333111",,"PRIVATE"
"DEERE & CO.",222,"WI HORICON"," (IAM) 281, 450, 94, 865, 74, 79, 434, 838, 2366","Oct 1, 2015","333111","7300","PRIVATE"
"DEERE & CO.",223,"WI HORICON","MACHINISTS AFL-CIO (IAM) 873","Oct 1, 2004","333112","1300","PRIVATE"
"DEERE & CO.",224,"WI","MACHINISTS AFL-CIO (IAM) 873","Oct 1, 2010","332112","1300","PRIVATE"
"DEERE & CO.",3665,"WI"," (UAW) 8 LOCALS","Oct 1, 2015","332112","7300","PRIVATE"
"DEERE & COMPANY (2 VOLS.)",221,"IA, IL"," (UAW) 8 LOCALS","Oct 1, 2007","333111","7300","PRIVATE"
"DEFENSE CONTRACTS MANAGEMENT AGENCY",3488,"VA","GOVERNMENT EMPLOYEES AFGE AFL-CIO (AFGE) 170 DEFENSE CONTACT MANAGEMENT AGENCY","Jan 11, 2011","611310","1000","PUBLIC"
"DEFENSE FINANCE & ACCOUNTING SERVICE",2004,"IN"," (AFGE) -","Apr 30, 2011","327213",,"PRIVATE"
"DEFENSE LANGUAGE INSTITUTE FOREIGN LANGUAGE CENTER/U.S. ARMY  GARRISON (USAG), PRESIDIO OF MONTEREY (POM)",4707,"MULTIPLE","GOVERNMENT EMPLOYEES AFGE AFL-CIO (AFGE) 1263 ","Feb 15, 2028",,"1700","PUBLIC"
"DELAWARE CONTRACTORS ASSOCIATION.",1094,"DE MD"," (UBC) 626","Apr 30, 2005","2362","1100","PRIVATE"
"DELAWARE VALLEY COLLEGE",2440,"DE","DELWARE VALLEY COLLEGE AAUP","Mar 1, 2016",,,"PRIVATE"
"DELAWARE, STATE OF (CORRECTIONS DEPT.)",2621,"DE"," (COAD-I) ","Oct 31, 1999","922140","1000","PUBLIC"
"DELAWARE, STATE OF, JUSTICE OF THE PEACE COURT",3566,"DE","TEAMSTERS (IBT) 326 GENERAL TEAMSTERS","Nov 21, 2019",,,"PUBLIC"
"DELAWARE, UNIVERSITY OF (FACULTY)",2778,"DE","UNIVERSITY OF DELAWARE CHAPTER OF THE AMERICAN ASSOCIATION OF UNIVERSITY PROFESSORS (AAUP) ","Jun 30, 2008","611310","1000","PRIVATE"
"DELDEN MANUFACTURING COMPANY, INC",2503,"MI"," (CJA) ST. LOUIS - KANSAS CITY COUNCIL","Dec 31, 2021","321911","18","PRIVATE"
"DELHUR INDUSTRIES, INC.",1622,"CO"," (IBT) 435","Jun 30, 2005","23731","7000","PRIVATE"
"DELPHI AUTOMOTIVE SYSTEMS",378,"NATIONAL"," (UAW) -","Sep 14, 2011","336322",,"PRIVATE"
"DELPHI AUTOMOTIVE SYSTEMS / DELPHI ENERGY & CHASSIS SYSTEMS",164,"OH"," (USW) -","Sep 14, 2007","336322",,"PRIVATE"
"DELPHI AUTOMOTIVE SYSTEMS / DELPHI ENERGY & CHASSIS SYSTEMS",374,"OH"," (USW) -","Sep 11, 2011","336322",,"PRIVATE"
"DELPHI AUTOMOTIVE SYSTEMS/DELPHI ENGINE&CHASSIS SYSTEMS",371,"OH DAYTON","STEELWORKERS, AFL-CIO (USW) 01 87 L","Sep 14, 2007","336330","1000","PRIVATE"
"DELPHI CORP.",283,"AL CA MS NJ OH"," (CWA/IUE) 8 LOCALS","Oct 12, 2007","33634","10700","PRIVATE"
"DELPHI CORPORATION AND GENERAL MOTORS CORPORATION",375,"OH"," (USW) -","Sep 14, 2011","336322",,"PRIVATE"
"DELPHI CORPORATION AND GENERAL MOTORS CORPORATION",376,"OH"," (USW) -","Sep 14, 2011","336322",,"PRIVATE"
"DELPHI CORPORATION AND GENERAL MOTORS CORPORATION",377,"OH"," (USW) -","Oct 12, 2011","336322",,"PRIVATE"
"DELTA PRIDE CATFISH, INC.",77,"MS INDIANOLA","FOOD AND COMMERCIAL WKRS (UFCW) 1529","Oct 31, 2004","311712","1100","PRIVATE"
"DEMOLITION, DEBRIS, ASBESTOS & TOXIC WASTE REMOVAL",1556,"NY NASSAU","TEAMSTERS (IBT) 282","Jun 30, 2005","23891","4700","PRIVATE"
"DEMOND SIGNS, INC./EBERHART SIGN & LIGHTING COMPANY/MER SIGNS",4497,"IL","ELECTRICAL WORKERS IBEW AFL-CIO (IBEW) 309 ","Jul 31, 2024",,,"PRIVATE"
"DENVER SCHOOL DISTRICT NO. 1 (TEACHERS)",3206,"CO DENVER"," (NEA) DCTA","Aug 31, 2005","611110","4000","PUBLIC"
"DENVER, CITY AND COUNTY, SCHOOL DISTRICT NO 1",3002,"CO DENVER"," (AFT) DFP","Jun 30, 2006","611110","1700","PUBLIC"
"DEPARTMENT OF ADMINISTRATIVE SERVICES",3482,"OR","SERVICE EMPLOYEES (SEIU) 503","Jun 30, 2011","485111","51527","PUBLIC"
"DEPARTMENT OF CENTRAL MANAGEMENT SERVICES",3037,"IL","STATE COUNTY AND MUNI EMPLS AFL-CIO (AFSCME) 31 ILLINOIS PUBLIC EMPLOYEES","Jun 30, 2008",,,"PUBLIC"
"DEPARTMENT OF VETERAN AFFAIRS",4605,"MULTIPLE","GOVERNMENT EMPLOYEES AFGE AFL-CIO (AFGE) 53 NATIONAL V A","Aug 8, 2026",,,"PUBLIC"
"DES MOINES INDEPENDENT COMMUNITY SCHOOL DISTRICT NO. 77-1737 (TEACHERS)",3237,"IA DES MOINES"," (NEA) ","Jul 31, 2006","611110","2200","PUBLIC"
"DES MOINES PUBLIC LIBRARY",3701,"IA","PROFESSIONAL EMPLOYEES LODGE 254","Jun 30, 2020",,,"PUBLIC"
"DES MOINES PUBLIC LIBRARY",3702,"IA","PROFESSIONAL EMPLOYEES LODGE 254","Jun 30, 2022",,,"PUBLIC"
"DES MOINES, CITY OF (FIREFIGHTERS)",3696,"IA","DES MOINES ASSOCIATION OF PROFESSIONAL FIREFIGHTERS 4","Jun 30, 2023",,,"PUBLIC"
"DES MOINES, CITY OF (HOUSING SERVICES)",3699,"IA","STATE COUNTY AND MUNI EMPLS AFL-CIO (AFSCME) 61","Jun 30, 2025",,,"PUBLIC"
"DES MOINES, CITY OF (MAINTENANCE)",3700,"IA","CENTRAL IOWA PUBLIC EMPLOYEES COUNCIL ","Jun 30, 2026",,,"PUBLIC"
"DES MOINES, CITY OF (POLICE CAPTAINS, LIEUTENANTS AND SERGEANTS)",3695,"IA","DES MOINES POLICE GOLD BRAID ORGANIZATION ","Jun 30, 2024",,,"PUBLIC"
"DES MOINES, CITY OF (POLICE)",3698,"IA","DES MOINES POLICE BARGAINING UNIT ASSOCIATION ","Jun 30, 2024",,,"PUBLIC"
"DES MOINES, CITY OF (WHITE COLLAR UNIT)",3697,"IA","MUNICIPAL EMPLOYEES ASSOCIATION ","Jun 30, 2023",,,"PUBLIC"
"DESIGN AGENCY, INC.",2310,"IL"," (CRCC) ","May 31, 2020",,,"PRIVATE"
"DESIGN CENTRIX, LLC",2311,"IL"," (CRCC) ","May 31, 2020",,,"PRIVATE"
"DETROIT BOARD OF EDUCATION (ADMINSTRATIVE & SUPERVISORS)",3162,"MI DETROIT"," (AFSA) OSAS 28","Jun 30, 2004","611110","1100","PUBLIC"
"DETROIT DIESEL CORP.",218,"MI DETROIT","AUTO WORKERS AFL-CIO (UAW) 163","Oct 30, 2004","333618","2000","PRIVATE"
"DETROIT EDISON CO. (NOW DTE ENERGY CO.)",499,"MI DETROIT"," (UWU) 223","Jun 7, 2004","221","3303","PRIVATE"
"DETROIT WINDSOR TUNNEL LLC",3556,"MI DETROIT","TRANSIT UNION AFL-CIO (ATU) 1564","Nov 13, 2016","561510",,"PUBLIC"
"DETROIT, CITY OF (DOT-TRANSPORTATION EQUIPMENT DRIVERS)",2823,"MI DETROIT"," (ATU) DIV 26","Jun 30, 2001","485111","1100","PUBLIC"
"DETROIT, CITY OF (DRIVERS & OTHERS)",2865,"MI DETROIT"," (IBT) 214","Jun 30, 2001","921190","1000","PUBLIC"
"DETROIT, CITY OF (NON-SUPERVISORY)",2826,"MI DETROIT","STATE COUNTY AND MUNI EMPLS AFL-CIO (AFSCME) 25 MICHIGAN","Jun 30, 2005","921190","5500","PUBLIC"
"DETROIT, CITY OF (POLICE-SERGEANTS & LIEUTENANTS)",2880,"MI DETROIT"," (PA) DPLSA","Jun 30, 2001","922120","1100","PUBLIC"
"DETROIT, CITY OF BOARD OF EDUCATION (CLERICAL & TECHNICAL)",3166,"MI DETROIT"," (AFT) DFEOE 4168","Jun 30, 2003","611110","2900","PUBLIC"
"DETROIT, CITY OF SCHOOL DISTRICT (TEACHERS)",3154,"MI DETROIT"," (AFT) DFT 231","Jun 30, 2005","611110","10000","PUBLIC"
"DETROIT, CITY OF, BOARD OF EDUCATION (CLEANING, CUSTODIANS AND FOOD SERVERS)",3161,"MI DETROIT"," (AFSCME) 345","Dec 31, 1997","611110","2200","PUBLIC"
"DETROIT, CITY OF, BOARD OF EDUCATION (NON-HR & SATELLITE AIDES)",3164,"MI DETROIT"," (AFT) DFPP 2350","Jun 30, 1997","611110","3500","PUBLIC"
"DIAMOND COLLISION CENTER, INC.",1331,"IL","MACHINISTS AFL-CIO (IAM) 701","Jun 30, 2022",,"4","PRIVATE"
"DIAMOND STOREFRONTS INC.",1565,"NY HAUPPAUGE"," (CJA) EMPIRE ST RC, 7","Apr 30, 2007","23622","1200","PRIVATE"
"DIE ENGINEERING SERVICE",1948,"MI","AUTO WORKERS AFL-CIO (UAW) 659","Dec 31, 2010","336111","3163","PRIVATE"
"DIGITIZED SCHEMATIC SOLUTIONS, LLC (DSS)",3859,"MI","LABORERS  (LIUNA) ","Feb 28, 2023",,,"PRIVATE"
"DIMENSION CRAFT",2312,"IL"," (CRCC) ","May 31, 2020",,,"PRIVATE"
"DIMENSIONS HEALTH CORP",839,"MD HYATTSVILLE","SERVICE EMPLOYEES (SEIU) 1199 DISTRICT 1199E-DC","Jun 30, 2007","62211","1000","PRIVATE"
"DIRECTORS GUILD OF AMERICA (BASIC AGREEMENT)",772,"NATIONAL"," (-) -","Jun 30, 2005","71311",,"PRIVATE"
"DIRECTORS GUILD OF AMERICA, INC FREELANCE LIVE AND TAPE TELEVISION AGREEMENT OF 2005",803,"NATIONAL"," (DGA) ","Jun 30, 2008",,,"PRIVATE"
"DIRECTORS GUILD OF AMERICA, INC.",3728,"CA","ALLIANCE OF MOTION PICTURES AND TELEVISION PRODUCERS, INC. ","Jun 30, 2017",,,"PRIVATE"
"DISABILTIY COMMUNITY RESOURCE CENTER",2603,"CA","ASSOCIATION OF PROFESSIONAL DISABLED SERVICES EMPLOYEES ","Apr 30, 2021",,,"PRIVATE"
"DISNEYLAND CALIFORNIA ADVENTURE PARK (DIVISION OF WALT DISNEY PARKS AND RESORTS U.S. )",4778,"CA","FOOD AND COMMERCIAL WKRS (UFCW) 324 /SERVICE EMPLOYEES (SEIU) UNITED SERVICE WORKERS WEST/TEAMSTERS (IBT) 495 ","Sep 30, 2027",,,"PRIVATE"
"DISNEYLAND HOTEL, DISNEY'S PARADISE PIER HOTEL AND DISNEY'S GRAND CALIFORNIA HOTEL",739,"CA ANAHEIM","UNITE HERE 11","Jan 31, 2008","72111","1200","PRIVATE"
"DISNEYLAND PARK (DIVISION OF WALT DISNEY PARKS AND RESORTS U.S. )",4779,"CA","BAKERY, TOBACCO AND GRAIN AFL-CIO (BCTGMI) 83 /FOOD AND COMMERCIAL WKRS (UFCW) 324 /SERVICE EMPLOYEES (SEIU) UNITED SERVICE WORKERS WEST/TEAMSTERS (IBT) 495 ","Jun 16, 2027",,,"PRIVATE"
"DISNEYLAND RESORT (DIVISION OF WALT DISNEY PARKS & RESORTS, U.S., INC.)",4370,"CA","WORKERS UNITED, SEIU (WU) 50 ","Aug 31, 2028",,,"PRIVATE"
"DISNEYLAND, DIV. OF WALT DISNEY PRODUCTIONS",825,"CA ANAHEIM"," (VAR-AFF) -","Mar 15, 2006","71311","3000","PRIVATE"
"DISTILLATA WATER COMPANY",2569,"OH","TEAMSTERS (IBT) 293","May 31, 2022",,,"PRIVATE"
"DISTRICT OF COLUMBIA (COMP UNITS 1 & 2)",2858,"DC WASHINGTON"," (VARIOUS) ","Sep 30, 2003","921190","14750","PUBLIC"
"DISTRICT OF COLUMBIA (POLICE)",2956,"DC WASHINGTON"," (FOP-I) ","May 7, 2002","922120","3600","PUBLIC"
"DISTRICT OF COLUMBIA BOARD OF EDUCATION (CUSTODIAL)",3292,"DC WASHINGTON","TEAMSTERS (IBT) 639/TEAMSTERS (IBT) 730","Sep 30, 2003","611110","1050","PUBLIC"
"DISTRICT OF COLUMBIA, UNIVERSITY OF",3703,"DC"," (SEIU) 500","Sep 30, 2022",,,"PUBLIC"
"DISTRICT OF COLUMBIA, UNIVERSITY OF",3704,"DC"," (AFSCME) 2087","Sep 30, 2019",,,"PUBLIC"
"DIVINE REHABILITATION & NURSING AT SYLVANIA",3907,"OH","SERVICE EMPLOYEES (SEIU) 1199 NUHHCE, WV/KY/OH","Jun 30, 2025",,,"PRIVATE"
"DOMINICK'S FINER FOODS (INCLUDES MOA)",664,"IL WEST & NW","FOOD AND COMMERCIAL WKRS (UFCW) 1546/FOOD AND COMMERCIAL WKRS (UFCW) 881","Jul 26, 2003","445110","11050","PRIVATE"
"DOMINICK'S FINER FOODS (MEAT RETAIL MEAT CUTTERS) (MOA)",554,"IL CHICAGO","FOOD AND COMMERCIAL WKRS (UFCW) 1546","Aug 2, 2008","445110","1285","PRIVATE"
"DOMINICK'S FINER FOODS (RETAIL MEAT CUTTERS) (MOA)",555,"IL CHICAGO","FOOD AND COMMERCIAL WKRS (UFCW) 1546","Jul 26, 2003","445110","1285","PRIVATE"
"DOMINION EAST OHIO (WAS EAST OHIO GAS)",485,"OH"," (SEIU) 555","Jun 15, 2006","221210","1200","PRIVATE"
"DOMINION ENERGY",3895,"VA","GAS WORKERS UNION G-555/UTILITY WORKERS AFL-CIO (UWU) ","Jun 15, 2027",,,"PRIVATE"
"DOMINION TRANSMISSION & DOMINION HOPE",487,"WV","UTILITY WORKERS AFL-CIO (UWU) 69 UNITED GAS WORKERS LOCAL 69","Apr 1, 2010","221210","1100","PRIVATE"
"DOMINION TRANSMISSION, INC. & DOMINION HOPE (2 VOLS)",486,"WV","SERVICE EMPLOYEES (SEIU) 69 FIREMEN & OILERS","Apr 1, 2005","221210","1100","PRIVATE"
"DOMINION VIRGINIA POWER/NORTH CAROLINA POWER",515,"NC VA WV","ELECTRICAL WORKERS IBEW AFL-CIO (IBEW) 50","Mar 31, 2007","221122","3700","PRIVATE"
"DOOR SYSTEMS, INC.",2313,"IL"," (CRCC) ","May 31, 2019",,,"PRIVATE"
"DORMITORY AUTHORITY OF THE STATE OF NEW YORK",1921,"NY"," (UAW) 210","Mar 31, 2011","813319","2771","PRIVATE"
"DOUGHBOY RECREATIONAL, INC/HOLLOWELL INDUSTRIES, INC",4347,"AR","STEELWORKERS, AFL-CIO (USW) 13 929 ","Sep 30, 2026",,,"PRIVATE"
"DOUGLAS COUNTY SCHOOL DISTRICT OMAHA - 0001",3199,"NE OMAHA","SERVICE EMPLOYEES (SEIU) 226","Aug 31, 2010","611110","2900","PUBLIC"
"DOUGLAS COUNTY SCHOOL DISTRICT OMAHA - 0001 (PARAPROFESSIONLS)",3198,"NE OMAHA","SERVICE EMPLOYEES (SEIU) 226","Aug 31, 2010","611110","1150","PUBLIC"
"DOUGLAS COUNTY SCHOOL DISTRICT OMAHA - 0001 (TEACHERS)",3195,"NE OMAHA"," (NEA) ","Aug 31, 2005","611110","2900","PUBLIC"
"DOW JONES AND COMPANY",144,"NJ","COMMUNICATIONS WORKERS AFL-CIO (CWA) 1096 INDEPENDENT ASSOCIATION OF PUBLISHERS EMPLOYEES","Apr 30, 2003","51111","1600","PRIVATE"
"DOW JONES AND COMPANY",157,"TX"," (IUOE) -","Jan 5, 2000","51111",,"PRIVATE"
"DQE INC (DUQUESNE LIGHT CO.)",461,"PA PITTSBURGH","ELECTRICAL WORKERS IBEW AFL-CIO (IBEW) 29","Sep 30, 2006","221122","1000","PRIVATE"
"DTE ENERGY CO.",500,"MI"," (UW) 223","Jun 2, 2013","221","3303","PRIVATE"
"DTG AVIATION, INC., AND M2 SERVICES CORPORATION",4164,"AL","MACHINISTS AFL-CIO (IAM) DL 2020 THE GREATER MID ATLANTIC DISTRICT LODGE","May 31, 2026",,,"PRIVATE"
"DUBOIS PAVING COMPANY, INC.",4088,"IL","TEAMSTERS (IBT) 731 ","May 31, 2027",,,"PRIVATE"
"DUDLEY-CHARLTON REGIONAL SCHOOL DISTRICT, THE (SCHOOL NUSE)",3633,"MA"," (MINA) ","Dec 31, 2020",,"8","PUBLIC"
"DUKE POWER CO.",529,"NC CHARLOTTE","ELECTRICAL WORKERS IBEW AFL-CIO (IBEW) 962","Oct 1, 2004","221","1300","PRIVATE"
"DUNLOP TIRE CO.",169,"AL HUNTSVILLE","STEELWORKERS, AFL-CIO (USW) 09 915 L","Apr 23, 2000","326211","1600","PRIVATE"
"DUPAGE CONTY DIV. NORTHEASTERN ILLINOIS CHAPTER NECA",1949,"IL","ELECTRICAL WORKERS IBEW AFL-CIO (IBEW) 701","Jun 3, 2012","238210","1351","PRIVATE"
"DUPAGE COUNTY (MAINTENANCE, HVAC, ELECTRIC, WASTEWATER)",4677,"IL","ENGINEERS, OPERATING, AFL-CIO (IUOE) 399 ","Nov 30, 2025",,,"PUBLIC"
"DUPAGE WATER COMMISSION",3921,"IL","ENGINEERS, OPERATING, AFL-CIO (IUOE) 399 ","Apr 30, 2023",,,"PUBLIC"
"DUPONT CO. (EVERGREEN)",151,"NJ DEEPWATER"," (SIN-IND) -","May 1, 2006","325222","1400","PRIVATE"
"DUQUESNE UNIVERSITY OF THE HOLY SPIRIT",4811,"PA","SERVICE EMPLOYEES (SEIU) 32 BJ MOTOR VEHICLE INSPECTORS DIVISION","Oct 14, 2027",,,"PUBLIC"
"DURHAM SCHOOL SERVICES",2152,"PA","TRANSIT UNION AFL-CIO (ATU) 1564","Jun 30, 2016","485410",,"PRIVATE"
"DURO HILEX POLY, LLC.",4079,"TN","STEELWORKERS, AFL-CIO (USW) 9 590 ","Jan 31, 2023","322224","190","PRIVATE"
"DUSABLE MUSEUM OF AFRICAN AMERICAN HISTORY, THE",4084,"IL","SERVICE EMPLOYEES (SEIU) 73 ","Apr 30, 2020",,,"PUBLIC"
"DUTCHESS, COUNTY OF (MULTIUNIT)",3080,"NY","STATE COUNTY AND MUNI EMPLS AFL-CIO (AFSCME) 100 DOCTORS HOSPITAL OF MICHIGAN AFSCME COUNCIL 25","Dec 31, 2004",,,"PUBLIC"
"DUVAL COUNTY SCHOOL BOARD (TEACHERS)",3251,"FL JACKSONVILLE"," (AFT) DTU","Jun 30, 2005","611110","1073","PUBLIC"
"DUVAL COUNTY SCHOOL BOARD (TEACHERS)",3359,"FL JACKSONVILLE"," (AFT) DTU","Jun 30, 2005","611110","6000","PUBLIC"
"DUWAMISH MARINE SERVICES, LLC",1813,"WA","BOILERMAKERS AFL-CIO (BBF) 104","Apr 30, 2012","238390","1000","PRIVATE"
"DUWAMISH MARINE SERVICES, LLC",2361,"WA","BOILERMAKERS AFL-CIO (BBF) 104","Apr 30, 2017",,,"PRIVATE"
"DYER CONSTRUCTION COMPANY, INC.",1280,"IN","ENGINEERS, OPERATING, AFL-CIO (IUOE) 150","Aug 31, 2022","237310",,"PRIVATE"
"DYER QUARY, INC.",2379,"PA","STEELWORKERS, AFL-CIO (USW) 10 6996 S","May 31, 2018",,,"PRIVATE"
"DYNCORP INTERNATIONAL, LLC.",2087,"DC"," (IAM) 4, 24","Aug 31, 2016","336411","1000","PRIVATE"
"E.D.E.",2323,"IL"," (CRCC) ","May 31, 2020",,,"PRIVATE"
"E.J. INDUSTRIES, INC.",2314,"IL"," (CRCC) ","May 31, 2019",,,"PRIVATE"
"EAGLE EYE, LLC/VALLEJO HOLISTIC HEALTH CENTER, LLC (VHHC)",4792,"CA","FOOD AND COMMERCIAL WKRS (UFCW) 5 ","Aug 15, 2025",,,"PRIVATE"
"EAGLE SERVICES CORPORATION",4014,"IN","ENGINEERS, OPERATING, AFL-CIO (IUOE) 150 ","Dec 31, 2022","561720","5","PRIVATE"
"EARTHMOVERS LANDFILL, LLC",4381,"IN","ENGINEERS, OPERATING, AFL-CIO (IUOE) 150 ","May 31, 2023",,,"PRIVATE"
"EAST BROOKFIELD & SPENCER RAILROAD",2521,"MA","TRANSIT UNION AFL-CIO (ATU) 22","Mar 20, 2020",,,"PRIVATE"
"EAST CENTRAL OHIO SMCNA",3663,"OH"," (IUOE) 106","May 31, 2013","23622","1400","PRIVATE"
"EAST ILLINOIS UNIVERSITY BOARD OF TRUSTEES",2108,"ILLINOIS","LABORERS  (LIUNA) 159","Jun 30, 2016","611310",,"PRIVATE"
"EAST RIDGE RETIREMENT VILLAGE, INC. DBA EAST RIDGE OF CUTLER BAY",4210,"FL","SERVICE EMPLOYEES (SEIU) 1199 NEW ENGLAND HEALTH CARE EMPL UNION","Dec 31, 2023",,,"PUBLIC"
"EAST SIDE UNION HIGH SCHOOL DISTRICT (CERTIFICATED)",2817,"CA SAN JOSE"," (NEA) ESTA","Aug 31, 2005","611110","1238","PUBLIC"
"EAST ST. LOUIS SCHOOL DISTRICT 189 BOARD OF EDUCATION (TEACHERS)",3391,"IL E ST LOUIS","AFT/ESLFT 1220","Jun 30, 2004","611110","900","PUBLIC"
"EASTERN CONTRACTORS ASSOCIATION",929,"NY ALBANY"," (IUOE) 106","Apr 30, 2003","23622","1400","PRIVATE"
"EASTERN CONTRACTORS ASSOCIATION",1507,"NY ALBANY","LABORERS  (LIUNA) 157/LABORERS  (LIUNA) 190","Apr 30, 2011","23621","1200","PRIVATE"
"EASTERN CONTRACTORS ASSOCIATION",1508,"NY ALBANY","LABORERS  (LIUNA) 157/LABORERS  (LIUNA) 190","Apr 30, 2003","23621","1200","PRIVATE"
"EASTERN CONTRACTORS ASSOCIATION (BLDG)",1034,"NY ALBANY"," (BAC) 2","Apr 30, 2005","23622","1100","PRIVATE"
"EASTERN CONTRACTORS ASSOCIATION (BUILDING)",1033,"NY ALBANY"," (BAC) 2","Apr 30, 2013","23622","1100","PRIVATE"
"EASTERN CONTRACTORS ASSOCIATION (HWY-HVY)",259,"NY NORTHERN","BRICKLAYERS AFL-CIO (BAC) 4","May 31, 2002","23731","2500","PRIVATE"
"EASTERN CONTRACTORS ASSOCIATION (HWY-HVY)",1520,"NY CENTRAL"," (UBC) DC-ADIRONDACK","Mar 31, 2002","23731","1600","PRIVATE"
"EASTERN CONTRACTORS ASSOCIATION, INC.",1509,"EASTERN NY"," (LIUNA) 19157","Apr 30, 2014",,,"PRIVATE"
"EASTERN ILLINOIS UNIVERSITY (BOARD OF TRUSTEES)",2293,"IL","LABORERS  (LIUNA) 159 ","Jun 30, 2017",,,"PUBLIC"
"EASTERN OREGON UNIVERSITY/OREGON INSTITUTE OF TECHNOLOGY/OREGON STATE UNIVERSITY/PORTLAND STATE UNIVERSITY/SOUTHERN OREGON UNIVERSITY/UNIVERSITY OF OREGON/WESTERN OREGON UNIVERSITY",4705,"OR","SERVICE EMPLOYEES (SEIU) 503 ","Jun 30, 2021",,,"PUBLIC"
"EASTMAN CHEMICAL COMPANY",2148,"TN"," (USW) 5852-11","Oct 1, 2018","325211",,"PRIVATE"
"EASTON SCHOOL COMMITTEE, THE (CAFETERIA WORKERS)",4857,"MA","SOUTHEASTERN PUBLIC EMPLOYEES ASSOCIATION (SPEA) ","Jun 30, 2018",,,"PUBLIC"
"EASTON, TOWN OF (FIREFIGHTERS)",4855,"CT","INTERNATIONAL ASSOCIATION OF FIREFIGHTERS (IAFF) 1426","Jun 30, 2025",,,"PUBLIC"
"EASTON, TOWN OF (TOWN HALL EMPLOYEES)",4856,"CT","STATE COUNTY AND MUNI EMPLS AFL-CIO (AFSCME) 1303 LOCAL 1303/STATE COUNTY AND MUNI EMPLS AFL-CIO (AFSCME) 4 CONNECTICUT & SPECIAL DISTRICT EMPL","Jun 30, 2025",,,"PUBLIC"
"EASTON, TOWN OF (WATER DIVISION)",4858,"MA","SOUTHEASTERN PUBLIC EMPLOYEES ASSOCIATION (SPEA) ","Jun 30, 2025",,,"PUBLIC"
"EASTSIDE FIRE AND RESCUE",4689,"WA","INTERNATIONAL ASSOCIATION OF FIREFIGHTERS (IAFF) 1762/INTERNATIONAL ASSOCIATION OF FIREFIGHTERS (IAFF) 2878","Dec 31, 2024",,,"PUBLIC"
"EATON RAPIDS, CITY OF (DPW UNIT - MAINT.)",4193,"MI","ENGINEERS, OPERATING, AFL-CIO (IUOE) 324 ","Dec 31, 2021",,"16","PUBLIC"
"EATON RAPIDS, CITY OF (NON-SUPERVISORY POLICE)",4075,"MI","CAPITAL CITY LABOR PROGRAM ","Jun 30, 2025",,,"PUBLIC"
"EATONVILLE, TOWN OF",4604,"WA","ELECTRICAL WORKERS IBEW AFL-CIO (IBEW) 483 ","Dec 31, 2024",,,"PUBLIC"
"EC STYBERG ENGINEERING COMPANY",4331,"WI","INTERNATIONAL ASSOCIATION OF TOOL CRAFTSMEN 2","Dec 6, 2026",,,"PRIVATE"
"EDGEWATER SYSTEMS FOR BALANCED LIVING, INC.",4005,"IN","TEAMSTERS (IBT) 743 WAREHOUSE, MAIL ORDER, OFFICE, TECHNICAL AND PROF","Jan 27, 2019",,,"PRIVATE"
"EDMONDS, CITY OF",4218,"WA","EDMONDS EMPLOYEE ASSOCIATION 3517/STATE COUNTY AND MUNI EMPLS AFL-CIO (AFSCME) 2 CSEA - METROPOLITAN REGION","Dec 31, 2024",,,"PUBLIC"
"EDMONDS, CITY OF (PUBLIC WORKS AND PARKS DEPARTMENT MAINTENANCE)",4217,"WA","PUBLIC, PROFESSIONAL, & OFFICE-CLERICAL EMPLOYEES AND DRIVERS 763","Dec 31, 2024",,,"PUBLIC"
"EDON COMPONENT DIVISION",2324,"IL"," (CRCC) ","May 31, 2019",,,"PRIVATE"
"EL CAMINO HOSPITAL",3705,"CA","PROFESIONAL RESOURCE FOR NURSES ","Jun 30, 2023",,,"PUBLIC"
"EL PASO, CITY OF (POLICE)",3709,"TX","EL PASO MUNICIPAL OFFICERS ASSOCIATION ","Aug 31, 2018",,,"PUBLIC"
"ELARA BY HILTON GRAND",2594,"NV","LOCAL JOINT EXECUTIVE BOARD / CULINARY WORKERS UNION 226 / 165","Oct 1, 2018",,,"PRIVATE"
"ELECTRICAL CONTRACTORS ASSOCIATION OF CHICAGO (BLDG)",1401,"IL CHICAGO","ELECTRICAL WORKERS IBEW AFL-CIO (IBEW) 134","May 31, 2006","23821","18000","PRIVATE"
"ELECTRICAL CONTRACTORS ASSOCIATION OF CHICAGO (BLDG)",1402,"IL CHICAGO","ELECTRICAL WORKERS IBEW AFL-CIO (IBEW) 134","May 31, 2009","23821","18000","PRIVATE"
"ELECTRICAL CONTRACTORS ASSOCIATION OF CHICAGO (COMMUN)",993,"IL CHICAGO","ELECTRICAL WORKERS IBEW AFL-CIO (IBEW) 134","Jun 2, 2003","23821","2700","PRIVATE"
"ELECTRICAL CONTRACTORS ASSOCIATION OF GRTR BOSTON-NECA (INSIDE)",1580,"MA BOSTON","ELECTRICAL WORKERS IBEW AFL-CIO (IBEW) 103","Aug 31, 2003","23821","3000","PRIVATE"
"ELECTRICAL TRADE BARGAINING AGENCY OF THE ELECTRICAL CONTRACTORS ASSOCIATION OF ONTARIO",4262,"ON","ELECTRICAL WORKERS IBEW AFL-CIO (IBEW) /IBEW CONSTRUCTION COUNCIL OF ONTARIO ","Apr 30, 2007",,,"PRIVATE"
"ELECTRICAL TRAINING INSTITUTE",4661,"CA","OFFICE AND PROFESSIONAL EMPLS AFL-CIO (OPEIU) 537 ","Jul 31, 2027",,,"PRIVATE"
"ELECTRO-SPACE FABRICATORS, INC.",2380,"PA","STEELWORKERS, AFL-CIO (USW) 10 6996 S","Mar 29, 2020",,,"PRIVATE"
"ELECTROLUX (WAS FRIGIDAIRE CO.) HOME PRODUCTS P&M",264,"MI GREENVILLE","AUTO WORKERS AFL-CIO (UAW) 137","Nov 2, 2005","335222","2600","PRIVATE"
"ELECTROLUX HOME PRODUCTS (WAS FRIGIDAIRE FREEZER)",1001,"MN ST CLOUD","MACHINISTS AFL-CIO (IAM) 165","Nov 18, 2006","335222","1680","PRIVATE"
"ELECTROLUX HOME PRODUCTS LAUNDRY DIV (WAS FRIGIDAIRE CO",263,"IA WEBSTER CITY","AUTO WORKERS AFL-CIO (UAW) 442","Jun 11, 2005","335224","1800","PRIVATE"
"ELEVATOR INDUSTRIES ASSOCIATION. (MOA)",826,"NY NEW YORK","ELECTRICAL WORKERS IBEW AFL-CIO (IBEW) 3","Feb 26, 2006","23829","2100","PRIVATE"
"ELEVATOR MFRS. ASSOCIATION. OF NEW YORK",1481,"NY NEW YORK"," (CWA/IUE) 1","Mar 16, 2005","23829","1800","PRIVATE"
"ELG METALS, INC",2149,"PA","STEELWORKERS, AFL-CIO (USW) 10 5852 S","Nov 30, 2016","423930",,"PRIVATE"
"ELGIN COMMUNITY COLLEGE",3706,"IL","METROPOLITAN ALLIANCE POLICE 735","Jun 30, 2022",,,"PUBLIC"
"ELGIN COMMUNITY COLLEGE BOARD OF TRUSTEES",3708,"IL","ENGINEERS, OPERATING, AFL-CIO (IUOE) 399","Jun 30, 2024",,,"PUBLIC"
"ELGIN COMMUNITY COLLEGE BOARD OF TRUSTEES (SUPPORT STAFF)",3707,"IL","ILLINOIS EDUCATION ASSOCIATION ","Jun 30, 2020",,,"PUBLIC"
"ELGIN, CITY OF (PUBLIC WORKS)",4275,"IL","SERVICE EMPLOYEES (SEIU) 73 ","Dec 31, 2025",,,"PUBLIC"
"ELIZABETH CITY BOARD OF EDUCATION",2832,"NJ ELIZABETH"," (NEA) EEA","Jun 30, 2004","611110","2400","PUBLIC"
"ELIZABETH, CITY OF, (BOARD OF EDUCATION)",3568,"NJ"," (EEA) ","Jun 30, 1999",,,"PUBLIC"
"ELK GROVE UNIFIED SCHOOL DISTRICT (CERTIFICATED)",2602,"CA ELK GROVE"," (NEA) 158","Jun 30, 2001","611110","3000","PRIVATE"
"ELK GROVE UNITED SCHOOL DISTRICT (CLASSIFIED)",3004,"CA ELK GROVE"," (NEA) EGEA","Jun 30, 2004","611110","1074","PUBLIC"
"ELLENSBURG, CITY OF (POLICE DEPARTMENT)",4183,"WA","TEAMSTERS (IBT) 760 ","Dec 31, 2022",,,"PUBLIC"
"ELM HILL NURSING CENTER DBA APPLE REHAB OF ROCKY HILL",4540,"CT","SERVICE EMPLOYEES (SEIU) 1199 NEW ENGLAND HEALTH CARE EMPL UNION","Oct 30, 2024",,,"PRIVATE"
"EMBARC MARTINEZ, LLC",4901,"CA","FOOD AND COMMERCIAL WKRS (UFCW) 5 ","Jan 30, 2025",,,"PRIVATE"
"EMBLEM HEALTH SERVICES LLC, INC.",2005,"NY","OFFICE AND PROFESSIONAL EMPLS AFL-CIO (OPEIU) 153","Dec 31, 2011","524114","17159","PRIVATE"
"EMCOR GOV'T SERVICES",1960,"TX","ENGINEERS, OPERATING, AFL-CIO (IUOE) 351","Apr 28, 2014","23731",,"PRIVATE"
"EMCOR GOV'T SERVICES",2061,"OK"," (-) -","Oct 31, 2015","23731",,"PRIVATE"
"EMCOR GOVERNMENT SERVICES",1961,"TEXAS","ENGINEERS, OPERATING, AFL-CIO (IUOE) 351","Apr 29, 2011",,,"PRIVATE"
"EMERSON COLLEGE, AFFILIATED FACULTY",3462,"MA BOSTON"," (AAUP) -","Jun 30, 2014","611310","1000","PUBLIC"
"EMERSON PROCESS MANAGEMENT POWER & WATER SOLUTIONS, INC.",2409,"PA","FEDERATION OF INDEPENDENT SALARIED UNIONS ","Mar 6, 2020",,,"PRIVATE"
"EML/BLMAR JOINT VENTURE V, LLC",1964,"TX","ENGINEERS, OPERATING, AFL-CIO (IUOE) 351","Oct 31, 2013","23731",,"PRIVATE"
"EMPIRE CITY SUBWAY COMPANY (LIMITED)/VERIZON ADVANCED DATA INC./VERIZON AVENUE CORP./VERIZON CORPORATE SERVICES CORP./VERIZON NEW YORK, INC./VERIZON SERVICES CORP.",4640,"NY / CT","COMMUNICATION WORKERS OF AMERICA (CWA) 1","Oct 1, 2015",,,"PRIVATE"
"EMPIRE UNION SCHOOL DISTRICT",4667,"CA","CALIFORNIA SCHOOL EMPLOYEES ASSOCIATION 850","Jun 30, 2022",,,"PUBLIC"
"EMPLOYER AND BRICKLAYERS LOCAL UNION #18 OF EASTERN MISSOURI ADMINISTRATIVE DISTRICT COUNCIL SHOP",2298,"MO","BRICKLAYERS AFL-CIO (BAC) 18","Feb 28, 2022",,,"PRIVATE"
"EMPLOYING BRICKLAYERS ASSOCIATION. OF DELAWARE VALLEY",1343,"PA PHILADELPHIA"," (BAC) 1","Apr 30, 2004","23814","2400","PRIVATE"
"ENCON ARIZONA LLC D/B/A TPAC",2280,"AZ","ENGINEERS, OPERATING, AFL-CIO (IUOE) 428/TEAMSTERS (IBT) 104","Oct 31, 2020",,,"PRIVATE"
"ENCON ARIZONA, LLC DBA TPAC (MECHANIC, OPERATOR, WELDER)",4448,"AZ","ENGINEERS, OPERATING, AFL-CIO (IUOE) 428 ","Oct 31, 2026",,,"PRIVATE"
"ENCON ARIZONA, LLC. DBA T-PAC",4186,"AZ","TEAMSTERS (IBT) 104 ","Oct 31, 2024",,,"PRIVATE"
"ENFIELD, TOWN OF (EMT AND PARAMEDIC)",4490,"CT","GOVERNMENT EMPLS NAGE SEIU AFL-CIO (NAGE) 171 IAEP R-12 171","Jun 30, 2024",,,"PRIVATE"
"ENGINEERING & BUILDING CONSTRUCTION AGMT",1539,"NY LONG ISLAND","ENGINEERS, OPERATING, AFL-CIO (IUOE) 138","May 31, 2004","23731","1000","PRIVATE"
"ENGINEERING HEAVY & HIGHWAY",1190,"NY","ENGINEERS, OPERATING, AFL-CIO (IUOE) 138","Mar 6, 2011","23621","1200","PRIVATE"
"ENNIS, INC.",3842,"VA","FOOD AND COMMERCIAL WKRS (UFCW) 400 ","Apr 19, 2023","323111","35","PRIVATE"
"ENTENMANN'S, INC.",972,"NY LONG ISLAND"," (BCTW) 3","May 9, 2008","311812","1300","PRIVATE"
"ENVISION UNLIMITED, LLC",4083,"IL","SERVICE EMPLOYEES (SEIU) 73 ","Jun 30, 2024",,,"PRIVATE"
"ERIE COMMUNITY COLLEGE/ERIE COUNTY MEDICAL CENTER/ERIE COUNTY PUBLIC LIBRARY SYSTEM/ERIE, COUNTY OF",4726,"NY","STATE COUNTY AND MUNI EMPLS AFL-CIO (AFSCME) 1000 CSEA - CIVIL SERVICE EMPLOYEES ASN (CSEA)","Dec 31, 2027",,,"PUBLIC"
"ERIE COUNTY NY (BLUE COLLAR)",3045,"NY BUFFALO"," (AFSCME) 1095","Dec 31, 2003","921190","2400","PUBLIC"
"ERIE COUNTY NY (WHITE COLLAR)",3044,"NY BUFFALO"," (AFSCME) CSEA 815","Dec 31, 2003","921190","4400","PUBLIC"
"ESCAMBIA COUNTY FL SCHOOL BOARD (CLERICAL)",3098,"FL PENSACOLA"," (NEA) FTP","Jun 30, 2004","611110","1100","PUBLIC"
"ESCAMBIA COUNTY FL SCHOOL DISTRICT (TEACHERS)",3117,"FL PENSACOLA"," (NEA) EEA","Jun 30, 2007","611110","2800","PUBLIC"
"ESSEX COUNTY NJ (CLERICAL UNIT)",3125,"CLIFTON","ELECTRICAL WORKERS IBEW AFL-CIO (IBEW) 1158","Dec 31, 2001","921190","1000","PUBLIC"
"EUGENE SCHOOL DISTRICT 4J (LANE CN TEACHERS)",3123,"OR EUGENE"," (NEA) EEA","Jun 30, 2005","611110","1150","PUBLIC"
"EUGENE SYMPHONY ASSOCIATION",3810,"OR","AMERICAN FEDERATION OF MUSICIANS 689 ","Jul 1, 2024","711130","82","PRIVATE"
"EUREKA, CITY OF",3634,"CA","EUREKA CITY EMPLOYEES ","Feb 7, 2020",,,"PUBLIC"
"EVANGELICAL LUTHERAN GOOD SAMARITAN SOCIETY",2448,"MN","STATE COUNTY AND MUNI EMPLS AFL-CIO (AFSCME) 5 MINNESOTA/STATE COUNTY AND MUNI EMPLS AFL-CIO (AFSCME) 636","Feb 28, 2020",,,"PRIVATE"
"EVANS CITY BOROUGH",4648,"PA","TEAMSTERS (IBT) 538 ","Dec 31, 2027",,,"PUBLIC"
"EVANSVILLE-VANDERBURG IN SCHOOL CORP BOARD OF SCHOOL TRUSTEES (TEACHERS)",3278,"IN EVANSVILLE"," (NEA) ETA","Jun 30, 2003","611110","1300","PUBLIC"
"EVE SALES CORPERATION",2525,"NY","TEAMSTERS (IBT) 202","Jan 15, 2022",,,"PRIVATE"
"EVEDEN INC.",3796,"MA","NEW ENGLAND JOINT BOARD, UNITE HERE 229 ","Aug 31, 2025",,,"PRIVATE"
"EVEDEN, INC.",3988,"MA","UNITE HERE  (UNITHE) 229 ","Aug 31, 2021","424300","37","PRIVATE"
"EVENT TECHNOLOGY",2572,"PA","STAGE AND PICTURE OPERATORS AFL-CIO (IATSE) 8","May 1, 2019",,"700","PRIVATE"
"EVERETT SHIPYARD",1816,"WA","BOILERMAKERS 104","Jul 31, 2010",,,"PRIVATE"
"EVERETT SHIPYARD, INC.",1814,"WA","CARPENTERS IND (CJA) 731","Jul 31, 2015","238390","1000","PRIVATE"
"EVERETT SHIPYARD, INC.",1815,"WA","TEAMSTERS (IBT) 731","Jul 31, 2010","238890","1000","PRIVATE"
"EVERETT SHIPYARD, INC.",2362,"WA","BOILERMAKERS AFL-CIO (BBF) 104","Jul 31, 2018",,,"PRIVATE"
"EVERETT WA SCHOOL DISTRICT 2",3504,"WA EVERETT","SERVICE EMPLOYEES (SEIU) 925","Aug 31, 2012","611110",,"PUBLIC"
"EVERETT WA SCHOOL DISTRICT 2 (TEACHERS)",2642,"WA EVERETT"," (NEA) EEA","Aug 31, 2006","611110","1000","PUBLIC"
"EVERGREEN WOODS REHABILITATION & HEALTHCARE CENTER",3862,"FL","FOOD AND COMMERCIAL WKRS (UFCW) 1625 ","Jul 31, 2023",,,"PRIVATE"
"EVRAZ ROCKY MOUNTAIN STEEL",4696,"CO","STEELWORKERS, AFL-CIO (USW) 12 2102 S ","Sep 10, 2022",,,"PRIVATE"
"EXCAVATORS, INC.",1383,"IL CHICAGO","TEAMSTERS (IBT) 731","Mar 31, 2005","23891","1100","PRIVATE"
"EXCEL CORP.",1068,"KS DODGE CITY","FOOD AND COMMERCIAL WKRS (UFCW) 2","May 28, 2006","311611","2600","PRIVATE"
"EXELON (EXELON GENERATION, COMED & EXELON BUS SERVICES)",460,"IL CHICAGO","ELECTRICAL WORKERS IBEW AFL-CIO (IBEW) 15","Sep 30, 2005","221","7500","PRIVATE"
"EXELON NUCLEAR SECURITY, LLC",2208,"PA","GOVERNMENT SECURITY OFFICERS, IND (UGSOA) 18","Jun 20, 2015",,,"PRIVATE"
"EXELON NUCLEAR SECURITY, LLC",2307,"MI","SECURITY POLICE, FIRE PROF, IND (SPFPA) 238","Jun 17, 2020",,,"PRIVATE"
"EXHIBIT PRODUCTIONS",2325,"IL"," (CRCC) ","May 31, 2020",,,"PRIVATE"
"EXHIBIT SOURCE",2326,"IL"," (CRCC) ","May 31, 2020",,,"PRIVATE"
"EXHIBIT SYSTEMS, INC.",2327,"IL"," (CRCC) ","May 31, 2020",,,"PRIVATE"
"EXPO 3 INTERNATIONAL, INC.",4178,"CA","PAINTERS AFL-CIO (PAT) 36 ","Aug 31, 2025",,,"PRIVATE"
"EXXON CORP. (PROD & MAINT)",161,"TX BAYTOWN"," (GCIWU) 01-APR","Apr 15, 2007","32411","1000","PRIVATE"
"F.K. KETLER COMPANY, INC.",1173,"IL","TEAMSTERS (IBT) 727","Aug 31, 2022",,,"PRIVATE"
"FACILITY SERVICES MANAGEMENT, INC. (KESSLER AFB) OPERATION AND MAINTENANCE SERVICES)",4473,"TN","MACHINISTS AFL-CIO (IAM) 2919 /MACHINISTS AFL-CIO (IAM) W 2021 ","Jan 31, 2028",,,"PRIVATE"
"FAIRBANKS AREA SHEET METAL WORKERS JOINT APPRENTISHIP TRAINING COMMITTEE (JATC)",1341,"AK","FOOD AND COMMERCIAL WKRS (UFCW) 1496","Aug 31, 2022",,,"PRIVATE"
"FAIRBANKS NORTH STAR BOROUGH SCHOOL DISTRICT (TEACHERS)",2656,"AK FAIRBANKS"," (NEA) FEA","Jun 30, 2008","611110","1000","PUBLIC"
"FAIRBORN CEMENT COMPANY, LLC",2464,"OH","BOILERMAKERS AFL-CIO (BBF) 357 D CEMENT WORKERS","Feb 28, 2021",,,"PRIVATE"
"FAIRMONT SAN FRANCISCO",4227,"CA","TEAMSTERS (IBT) 856 ","Dec 31, 2017",,,"PRIVATE"
"FAIRMOUNT PARK INC. DBA FANDUEL SPORTSBOOK AND HORSE RACING (FOOD SERVICE RUNNERS)",4250,"IL","SERVICE EMPLOYEES (SEIU) 1 ","Dec 31, 2023","711219",,"PRIVATE"
"FAIRMOUNT PARK INC. DBA FANDUEL SPORTSBOOK AND HORSE RACING (PARI-MUTEL)",3844,"IL","SERVICE EMPLOYEES (SEIU) 1 ","Dec 31, 2022","711219","69","PRIVATE"
"FAIRMOUNT PARK, INC. DBA FANDUEL SPORTSBOOK AND HORSE RACING (PARKING CREW / SECURITY)",3818,"IL","LABORERS  (LIUNA) 44 ","Dec 31, 2023",,,"PRIVATE"
"FAIRMOUNT PARK, INC. DBA FANDUEL SPORTSBOOK AND HORSE RACING (PROGRAM SELLERS / ADMISSIONS CLERKS)",4251,"IL","SERVICE EMPLOYEES (SEIU) 1 ","Dec 31, 2023","711219",,"PRIVATE"
"FAIRMOUNT PARK, INC. DBA FANDUEL SPORTSBOOK AND HORSE RACING (STARTERS GROUP)",4252,"IL","TEAMSTERS (IBT) 525 ","Dec 31, 2023","711219",,"PRIVATE"
"FAIRVIEW HEALTH CARE SERVICES",754,"MN"," (MNA) -","May 31, 2010","62211","1370","PRIVATE"
"FAIRWAY",1767,"NY","FOOD AND COMMERCIAL WKRS (UFCW) 1500 UFCW UNION LOCAL 1500","Apr 1, 2018","445110",,"PRIVATE"
"FARMINGTON, TOWN OF",4517,"NY","TEAMSTERS (IBT) 118 ","Dec 31, 2024",,,"PUBLIC"
"FAUTLESS LAUNDRY COMPANY, INC. DBA HAMILTON LINEN AND UNIFORM",4003,"CO","TEAMSTERS (IBT) 455 ","Aug 22, 2019","812332","17","PRIVATE"
"FEDERAL AVIATION ADMINISTRATION (DEPARTMENT OF TRANSPORTATION) - SUPPORT STAFF",4715,"MULTIPLE","AIR TRAFFIC CONTROLLERS AFL-CIO (NATCA) ","Jul 1, 2029",,,"PUBLIC"
"FEDERAL AVIATION ADMINISTRATION (U.S. DEPARTMENT OF TRANSPORTATION)",4708,"MULTIPLE","STATE COUNTY AND MUNI EMPLS AFL-CIO (AFSCME) 1653 FAA EMPLOYEE UNION/STATE COUNTY AND MUNI EMPLS AFL-CIO (AFSCME) 20 DISTRICT OF COLUMBIA","Jan 16, 2029","926120","2036","PUBLIC"
"FEDERAL AVIATION ADMINISTRATION (U.S. DEPARTMENT OF TRANSPORTATION)",3608,"DC","STATE COUNTY AND MUNI EMPLS AFL-CIO (AFSCME) 1653 FAA EMPLOYEE UNION/STATE COUNTY AND MUNI EMPLS AFL-CIO (AFSCME) 26 CAPITAL AREA","Sep 12, 2017",,,"PUBLIC"
"FEDERAL AVIATION ADMINISTRATION (U.S. DEPARTMENT OF TRANSPORTATION) - TELECOMMUNCATIONS",4723,"MULTIPLE","PROFESSIONAL AVIATION SAFETY SPECIALISTS (PASS) ","Oct 29, 2022",,,"PUBLIC"
"FEDERAL BUREAU OF PRISONS",3572,"DC"," (AFGE) CPL","Jul 20, 2017",,,"PUBLIC"
"FEDERAL CORRECTIONAL INSTITUTION",3726,"WI","GOVERNMENT EMPLOYEES AFGE AFL-CIO (AFGE) 3495 DOJ","Jun 29, 2018",,,"PUBLIC"
"FEDERAL ENERGY REGULATORY COMMISSION / OFFICE OF THE INSPECTOR GENERAL (U.S. DEPARTMENT OF ENERGY - DOE)",4710,"DC","TREASURY EMPLOYEES UNION IND (NTEU) /TREASURY EMPLOYEES UNION IND (NTEU) 213 /TREASURY EMPLOYEES UNION IND (NTEU) 228 ","Dec 14, 2025",,,"PUBLIC"
"FEDERAL EXPRESS CORPORATION",2277,"AL"," (ALPA) ","Oct 30, 2021",,,"PRIVATE"
"FEDERAL MARINE & DEFENSE SERVICES, LLC",1817,"WA","BOILERMAKERS AFL-CIO (BBF) 104/MACHINISTS AFL-CIO (IAM) 160/MACHINISTS AFL-CIO (IAM) 2379","Aug 1, 2011","238390","1000","PRIVATE"
"FEDERAL-MOGUL LAKE CITY",2128,"MN"," (BSOIW) -","Aug 2, 2014","331511",,"PRIVATE"
"FELKER BROTHERS CORPORATION",2467,"WI","BOILERMAKERS AFL-CIO (BBF) 697","Oct 25, 2019",,,"PRIVATE"
"FERNDALE, CITY OF (CLERICAL)",3635,"WA","TEAMSTERS (IBT) 231","Dec 31, 2021",,"43","PUBLIC"
"FERNDALE, CITY OF (PUBLIC WORKS)",3636,"WA","TEAMSTERS (IBT) 231","Dec 31, 2022",,,"PUBLIC"
"FIAT CHRYSLER AUTOMOBILES (FCA) USA, LLC. (PRODUCTION, MAINTENANCE, PARTS)",1462,"FL","AUTO WORKERS AFL-CIO (UAW) 1649","Sep 14, 2019",,,"PRIVATE"
"FIAT CHRYSLER AUTOMOBILES (FCA) USA, LLC. (SUPPLEMENT)",1463,"FL","AUTO WORKERS AFL-CIO (UAW) 1649","Sep 14, 2019",,,"PRIVATE"
"FIFE, CITY OF",3788,"WA","CITY OF FIFE POLICE GUILD ","Dec 31, 2023",,,"PUBLIC"
"FIFE, CITY OF (NON-COMMISSIONED)",3799,"WA","CITY OF FIFE POLICE GUILD ","Dec 31, 2026",,,"PUBLIC"
"FIFE, CITY OF (PARKS / RECREATION)",3801,"WA","MACHINISTS AFL-CIO (IAM) 160 /MACHINISTS AFL-CIO (IAM) 297 ","Dec 31, 2022",,,"PUBLIC"
"FIFE, CITY OF (PUBLIC WORKS)",4180,"WA","TEAMSTERS (IBT) 117 ","Dec 31, 2022",,,"PUBLIC"
"FINANCIAL PLUS CREDIT UNION",3863,"MI","OFFICE AND PROFESSIONAL EMPLS AFL-CIO (OPEIU) 459 ","May 31, 2026","522130","177","PRIVATE"
"FINANCIALEDGE COMMUNITY CREDIT UNION",2428,"MI","UTILITY WORKERS AFL-CIO (UWU) 542","Dec 31, 2015",,,"PRIVATE"
"FIORE INDUSTRIES",2101,"ND","IAFF, NHQ -","May 1, 2018","541711",,"PRIVATE"
"FIRCREST, CITY OF (PUBLIC WORKS)",4515,"WA","TEAMSTERS (IBT) 117 ","Dec 31, 2024","921190","12","PUBLIC"
"FIRST ENERGY CORP.",459,"OH","UTILITY WORKERS AFL-CIO (UWU) 270","Jun 30, 2011","221119","1150","PRIVATE"
"FIRST ENERGY CORP. (WAS CLEVELAND ELEC)",458,"OH","UTILITY WORKERS AFL-CIO (UWU) 270","Apr 30, 2003","221119","1150","PRIVATE"
"FIRST RESORTS MANAGEMENT COMPANY, INC.",908,"NJ","ENGINEERS, OPERATING, AFL-CIO (IUOE) 68","Dec 31, 2022",,,"PRIVATE"
"FIRST STUDENT (LISBON/BOZRAH)",4004,"CT","TEAMSTERS (IBT) 493 ","Aug 31, 2024",,,"PRIVATE"
"FIRST STUDENT (NEW HOPE, PA)",4355,"PA","TEAMSTERS (IBT) 384 TRUCK DRIVERS CHAUFFEURS & HELPERS","Aug 31, 2025",,,"PRIVATE"
"FIRST STUDENT STANTON CHRISTIANA",2252,"DE","TEAMSTERS (IBT) 326 GENERAL TEAMSTERS","Aug 31, 2018",,,"PRIVATE"
"FIRST STUDENT, INC. (BUS DRIVERS)",2598,"PA","NORWIN SCHOOL BUS DRIVERS ASSOCIATION ","Aug 31, 2023",,,"PRIVATE"
"FIRST STUDENT, INC. (COLLINSVILLE)",4297,"IL","SERVICE EMPLOYEES (SEIU) 73 ","Jun 30, 2024",,,"PRIVATE"
"FIRST STUDENT, INC. (GALESBURG)",4292,"IL","SERVICE EMPLOYEES (SEIU) 73 ","Jun 30, 2024",,,"PRIVATE"
"FIRST STUDENT, INC. (GOUVERNEUR)",4665,"NY","FOOD AND COMMERCIAL WKRS (UFCW) 1 ","Aug 31, 2025",,,"PRIVATE"
"FIRST STUDENT, INC. (NATIONAL - MASTER)",4671,"NATIONAL","TEAMSTERS (IBT) /TEAMSTERS (IBT) FIRST STUDENT NATIONAL NEGOTIATING COMMITTEE","Mar 31, 2015",,,"PRIVATE"
"FIRST STUDENT, INC. (NATIONAL - MASTER)",4672,"NATIONAL","TEAMSTERS (IBT) ","Mar 31, 2026",,,"PRIVATE"
"FIRST TRANSIT, INC",2111,"CA","TRANSIT UNION AFL-CIO (ATU) 1605","May 6, 2016","485111",,"PRIVATE"
"FIRST TRANSIT, INC.",2231,"AZ","ENGINEERS, OPERATING, AFL-CIO (IUOE) 428","Mar 31, 2022",,,"PRIVATE"
"FIRST TRANSIT, INC.",2233,"AZ","ENGINEERS, OPERATING, AFL-CIO (IUOE) 428","Dec 31, 2021",,,"PRIVATE"
"FIRST TRANSIT, INC. MESA AND TEMPE DIVISION",2348,"AZ","TRANSIT UNION AFL-CIO (ATU) 1433","Jul 31, 2021",,,"PRIVATE"
"FIRST TRANSIT, PHOENIX DIVISION",2350,"AZ","TRANSIT UNION AFL-CIO (ATU) 1433","Jun 30, 2017",,,"PRIVATE"
"FISHING VESSEL OWNERS MARINE WAYS",1818,"WA"," (MTD) PACIFIC COAST DC- PUGET SOUND","Jul 1, 2009","238390","1400","PRIVATE"
"FISHING VESSEL OWNERS MARINE WAYS INC.",2355,"WA"," (MTD) PUGET SOUNDS","Jul 1, 2018",,,"PRIVATE"
"FITZGERALDS DBA BARDEN NEVADA GAMING, LLC",1842,"NV","UNITE HERE 226","May 31, 2012","72112","1900","PRIVATE"
"FIVE CITIES ASSOCIATION OF MICHIGAN CHAPTER, SHEET METAL AND AIR CONDITIONING CONTRACTORS' NATIONAL ASSOCIATION (SMACNA)",4553,"MI","SHEET METAL, AIR, RAIL AND TRANSPORTATION WORKERS (SMART) 7 SM ","Apr 30, 2026",,"600","PRIVATE"
"FIVE RIVERS ELECTRONIC INNOVATIONS, LLC",272,"TN GREENEVILLE"," (CWA/IUE) 796","Jun 23, 2006","33431","1800","PRIVATE"
"FLAMBEAU RIVER PAPER",1174,"WI","STEELWORKERS, AFL-CIO (USW) 2 445","Jan 19, 2019","322121","12","PRIVATE"
"FLINT CITY BOARD OF EDUCATION (TEACHERS)",2969,"MI FLINT"," (NEA) UTF","Aug 31, 2005","611110","1875","PUBLIC"
"FLOORING CONTRACTORS",2387,"WA"," (CJA) PACIFIC NORTHWEST REGIONAL COUNCIL","Jun 30, 2018",,,"PRIVATE"
"FLORIDA POWER & LIGHT CO.",463,"FL MIAMI"," (IBEW) SYSTEM COUNCIL U-4","Oct 31, 2004","22111","3300","PRIVATE"
"FLORIDA POWER SMACNA",1939,"FL"," (SMW) 435","Jun 30, 2011","23822","1000","PRIVATE"
"FLORIDA POWER SMACNA",1940,"FL"," (SMA) 435","Jun 30, 2013","23822","1000","PRIVATE"
"FLORIDA STATE (DOCTORS & DENTISTS)",2898,"FL TALLAHASSEE"," (FPD) ","Jun 30, 2007","622","1000","PUBLIC"
"FLORIDA STATE (LAW ENFORCEMENT UNIT)",2735,"FL TALLAHASSEE"," (FPBA-I) ","Jun 30, 2006","922120","2850","PUBLIC"
"FLORIDA STATE (MASTER CONTRACT)",2742,"FL TALLAHASSEE","STATE COUNTY AND MUNI EMPLS AFL-CIO (AFSCME) 79 FLORIDA PUBLIC EMPLOYEES","Jun 30, 2001","921190","74100","PUBLIC"
"FLORIDA STATE (NURSES ASSOCIATION, PROFESSIONAL HEALTH CARE UNIT)",2733,"ORLANDO"," (FNA- I) ","Jun 30, 2008","622","4500","PUBLIC"
"FLORIDA STATE (NURSES ASSOCIATION, PROFESSIONAL HEALTH CARE UNIT)",2734,"ORLANDO"," (FNA-I) ","Jun 30, 2012","622","4500","PUBLIC"
"FLORIDA STATE (SECURITY SERVICES)",2788,"FL TALLAHASSEE"," (PBA-I) ","Jun 30, 2008","922140","20450","PUBLIC"
"FLORIDA, UNIVERSITY OF, BOARD OF TRUSTEES",2714,"FL"," (GAU-UFF) -","Jan 1, 1800",,,"PUBLIC"
"FLUOR HANFORD",152,"WA RICHLAND"," (HAMTC) -","Mar 31, 2007","211112","3000","PRIVATE"
"FLUOR-BWXT PORSTMOUTH LLC/SOUTHERN OHIO CLEANUP COMPANY, LLC (SOCCO)",4399,"OH","ELECTRICAL WORKERS IBEW AFL-CIO (IBEW) 575 /IRON WORKERS AFL-CIO (BSOIW) 172 /PLUMBERS AFL-CIO (PPF) 577 /TEAMSTERS (IBT) 100 /TRI-STATE BUILDING AND CONSTRUCTION TRADES COUNCIL ","Mar 7, 2024",,,"PRIVATE"
"FLYIN' NEEDLE EMBROIDERY",1182,"IN"," (GCC) 17M","Jun 30, 2020",,"2","PRIVATE"
"FONTANA CA UNIFIED SCHOOLS (CLASSIFIED)",2685,"CA FONTANA"," (USA) 8599","Jun 30, 2004","611110","1100","PUBLIC"
"FONTANA CA UNIFIED SCHOOLS (TEACHERS, COUNSLRS)",2716,"CA FONTANA"," (NEA) FTA","Jun 30, 2004","611110","1200","PUBLIC"
"FONTANA UNIFIED SCHOOL DISTRICT, THE",3637,"CA","STEELWORKERS, AFL-CIO (USW) 12 8599 S","Jun 30, 2001","611110","1100","PUBLIC"
"FONTANA UNIFIED SCHOOL DISTRICT, THE",3638,"CA","STEELWORKERS, AFL-CIO (USW) 12 8599 S","Jun 30, 1998","611110","1100","PUBLIC"
"FOOD 4 LESS OF CALIFORNIA, INC.",582,"CA SOUTHERN"," (UFCW) 7 LOCALS","Jun 3, 2007","445110","5700","PRIVATE"
"FOOD 4 LESS OF CALIFORNIA, INC.",583,"CA SOUTHERN"," (UFCW) 7 LOCALS","Jun 5, 2011","455110","5700","PRIVATE"
"FOOD MART, WALDBAUMS, A&P",665,"MA CT","FOOD AND COMMERCIAL WKRS (UFCW) 371","Feb 28, 2009","445110","3500","PRIVATE"
"FOOD SERVICES, INC. OF GAINSVILLE DBA RILEY FOOD SERVICES, LLC/RILEY FOOD SERVICES LLC (FORT RILEY)",4838,"KS","UNITE HERE  (UNITHE) 74 ","Dec 31, 2027","813930","73","PRIVATE"
"FOODTOWN",2246,"NJ","FOOD AND COMMERCIAL WKRS (UFCW) 464 A","Apr 19, 2003",,,"PRIVATE"
"FOODTOWN SUPERMARKETS (MOA)",650,"NJ NY","FOOD AND COMMERCIAL WKRS (UFCW) 1262","Apr 18, 2009","445110","2500","PRIVATE"
"FORD MOTOR CO. (4 VOLS.)",295,"IN, MI, OH, PA"," (UAW) -","Sep 14, 2007","336111","72000","PRIVATE"
"FORD MOTOR CO. (KENTUCKY TRUCK PLANT)",1938,"KY","AUTO WORKERS AFL-CIO (UAW) 862","Sep 9, 2011","336111","5451","PRIVATE"
"FORD MOTOR CO. (LOUISVILLE ASSEMBLY PLANT)",1936,"KY","AUTO WORKERS AFL-CIO (UAW) 862","Oct 9, 2008","336111","5451","PRIVATE"
"FORD MOTOR CO. (LOUISVILLE ASSEMBLY PLANT)",1937,"KY","AUTO WORKERS AFL-CIO (UAW) 862","Nov 21, 2011","336111","5451","PRIVATE"
"FOREVER 25 SPA",3980,"IL","OMEGA COMMUNITY LABOR ASSOCIATION ","Sep 26, 2021",,,"PRIVATE"
"FORT BLISS WATER SERVICES CO.",1966,"TX","ENGINEERS, OPERATING, AFL-CIO (IUOE) 351","Sep 30, 2017","23731","2452","PRIVATE"
"FORT BLISS WATER SERVICES CO.",1967,"TX","ENGINEERS, OPERATING, AFL-CIO (IUOE) 351","Sep 30, 2013","23731","9257","PRIVATE"
"FORT JAMES CORPORATION, CAMAS MILL",133,"WA"," (WPPW) -","Jun 1, 2005","322121",,"PRIVATE"
"FORT JAMES CORPORATION, WAUNA MILL",1062,"OR WESTPORT"," (PACE) 8-1097","Mar 31, 2006","322121","1000","PRIVATE"
"FORT LAUDERDALE, CITY OF (GENERAL UNIT)",2667,"FL FT LAUDERDALE"," (FOP) FOP/FOPA","Sep 30, 2003","921190","1100","PUBLIC"
"FORT PIERCE, CITY OF (GENERAL EMPLOYEE UNIT)",4426,"FL","TEAMSTERS (IBT) 769 ","Sep 30, 2024",,,"PUBLIC"
"FORT WAYNE AREA SHEET METAL CONTRACTORS' ASSOCIATION",2468,"IA"," (SMART) 20","Jun 30, 2020",,,"PRIVATE"
"FORT WAYNE COMMUNITY SCHOOLS BOARD OF SCHOOL TRUSTEES (TEACHERS)",3332,"IN FT WAYNE"," (NEA) ","Aug 16, 2007","611110","2050","PUBLIC"
"FORUM HEALTH",2033,"OH","SERVICE EMPLOYEES (SEIU) 1199 NUHHCE, WV/KY/OH","Mar 31, 2012","6211","18143","PRIVATE"
"FOSS MARITIME COMPANY, D/B/A FOSS SHIPYARD",2356,"WA"," (MTD) PUGET SOUNDS","Jun 30, 2017",,,"PRIVATE"
"FOSTER DAIRY FARMS DBA CRYSTAL CREAMERY",3975,"CA","TEAMSTERS (IBT) 439 ","Jun 29, 2020",,,"PRIVATE"
"FOSTER DAIRY FARMS DBA CRYSTAL CREAMERY (FLUID MILK)",3976,"CA","TEAMSTERS (IBT) 386 /TEAMSTERS (IBT) 517 ","Aug 31, 2019",,,"PRIVATE"
"FOSTER DAIRY FARMS DBA CRYSTAL CREAMERY (SACRAMENTO WAREHOUSE AND DELIVERY DRIVERS)",3974,"CA","TEAMSTERS (IBT) 150 ","Aug 31, 2020",,,"PRIVATE"
"FOSTER POULTRY FARMS",1986,"TX","FOOD AND COMMERCIAL WKRS (UFCW) 455","Jul 30, 2019","455110","1200","PRIVATE"
"FOUNDATION & MARINE CONTRACTORS ASSOCIATION OF NEW ENGLAND",1624,"MA NH ME","ENGINEERS, OPERATING, AFL-CIO (IUOE) 4","May 31, 2011","23731","3600","PRIVATE"
"FOUNDATION & MARINE CONTRACTORS ASSOCIATION OF NEW ENGLAND",1625,"MA NH ME","ENGINEERS, OPERATING, AFL-CIO (IUOE) 4","May 31, 2005","23731","3600","PRIVATE"
"FOUR POINTS BY SHERATON (LOS ANGELES INTERNATIONAL AIRPORT)",3857,"CA","UNITE HERE  (UNITHE) 11 ","Jun 30, 2022",,,"PRIVATE"
"FOURINOX INC.",2458,"WI","BOILERMAKERS AFL-CIO (BBF) 177","Aug 14, 2020",,,"PRIVATE"
"FOX READI-MIX",1196,"IL","TEAMSTERS (IBT) 916","Jul 31, 2020",,,"PRIVATE"
"FOX VALLEY GENERAL CONTRACTORS ASSOCIATION (BLDG-MARBA)",1405,"IL NORTHEAST","LABORERS  (LIUNA) 0 CHICAGO","May 31, 2006","23621","1400","PRIVATE"
"FOX VALLEY GENERAL CONTRACTORS ASSOCIATION. (HVY-HWY-MARBA)",867,"IL NORTHEAST","LABORERS  (LIUNA) 0 CHICAGO","May 31, 2006","23731","15000","PRIVATE"
"FRANCIS HOWELL MO SCHOOL DISTRICT",2652,"MO"," (NEA) FHEA","Jun 30, 2009","611110","1150","PUBLIC"
"FRANCIS HOWELL MO SCHOOL DISTRICT (TEACHERS)",2651,"MO ST CHARLES"," (NEA) FHEA","Jun 30, 2004","611110","1150","PUBLIC"
"FRAZER & JONES, LLC (DIVISION OF FIDELIS HOLDINGS, LLC)",4338,"NY","COMMUNICATIONS WORKERS AFL-CIO (CWA) 81300 /INTERNATIONAL UNION OF ELECTRONIC, ELECTRICAL, SALARIED, (MACHINE AND FURNITURE WORKERS) 81300","Aug 7, 2027","331511","130","PRIVATE"
"FRED MEYER INC (GENERAL MERCHANDISE)",704,"WA SEATTLE","FOOD AND COMMERCIAL WKRS (UFCW) 1001","Feb 3, 2008","446110","2000","PRIVATE"
"FRED MEYER STORES, INC.",2220,"OR","FOOD AND COMMERCIAL WKRS (UFCW) 555","Jun 25, 2016",,,"PRIVATE"
"FRED MEYER STORES, INC. (NON-FOOD)",706,"OR PORTLAND","FOOD AND COMMERCIAL WKRS (UFCW) 555","Jun 18, 2005","446110","1700","PRIVATE"
"FRED MYERS ALLIED EMPLOYERS",705,"WA","FOOD AND COMMERCIAL WKRS (UFCW) 1001","Feb 3, 2007",,,"PRIVATE"
"FREDERICK COUNTY - PUBLIC SCHOOL - MD BD OF EDUCATION",3000,"MD"," (FASSE) ","Jun 30, 2014","611110","1700","PUBLIC"
"FREDERICK COUNTY MD BD OF EDUCATION",3001,"MD"," (FASSE) ","Jun 30, 2011","611110","1700","PUBLIC"
"FREDERICK COUNTY MD BD OF EDUCATION (TEACHERS & CERTIF)",3264,"MD FREDERICK"," (NEA) FCTA","Jun 30, 2014","611110","2000","PUBLIC"
"FREDERICK COUNTY MD BD OF EDUCATION (TEACHERS & CERTIF)",3265,"MD FREDERICK"," (NEA) FCTA","Jun 30, 2004","611110","2000","PUBLIC"
"FREELANCE LIVE & TAPE TELEVISION AGR. 2005",802,"NATIONAL"," (DGA) -","Jun 30, 2008","336211","2425","PRIVATE"
"FREIGHTLINER CORP.",369,"OR PORTLAND"," (IAM) DC 24, 1005","Jul 1, 2007","336211","2425","PRIVATE"
"FREIGHTLINER CORP.",370,"NC MT HOLLY","AUTO WORKERS AFL-CIO (UAW) 5285","Jun 19, 2006","336211","1200","PRIVATE"
"FREIGHTLINER LLC (TRUCK PLANT & PDI CENTER)",379,"NC CLEVELAND","AUTO WORKERS AFL-CIO (UAW) 3520","Mar 31, 2007","336211","2500","PRIVATE"
"FREMONT UNIFIED SCHOOL DISTRICT, BOARD OF EDUCATION",3369,"CA FREMONT"," (NEA) FUDTA","Jun 30, 2007","611110","3500","PUBLIC"
"FREMONT UNIFIED SCHOOL DISTRICT, GOVERNING BOARD",3303,"CA FREMONT"," (NEA) FUDTA","Jun 30, 2008","611110","3500","PUBLIC"
"FRESH CUT LANDSCAPE MANAGEMENT",2537,"NJ","ENGINEERS, OPERATING, AFL-CIO (IUOE) 68","Mar 31, 2022","561730","4","PRIVATE"
"FRESHENS - AYALA'S INC.",2305,"NV"," (CWU) 226","May 31, 2021",,,"PRIVATE"
"FRESNO COUNTY (CLERICAL, PARAMEDICAL-UNIT12)",3086,"CA FRESNO","SERVICE EMPLOYEES (SEIU) 535","Mar 26, 2006","921190","1400","PUBLIC"
"FRESNO UNIFIED SCHOOL DISTRICT (TEACHERS)",3302,"CA FRESNO"," (NEA) FTA","Jun 30, 2002","611110","3500","PUBLIC"
"FRESNO UNIFIED SCHOOL DISTRICT (WHITE COLLAR)",3167,"CA FRESNO","SEIU/CSEA CHP 125","Jun 30, 2003","611110","3100","PUBLIC"
"FRIENDS SEMINARY",4513,"NY","FRIENDS SEMINARY TEACHERS ASSOCIATION (UNAFF) N/A","Jul 31, 2026",,,"PUBLIC"
"FRONTIER WEST VIRGINIA INC.",2154,"WV"," (CWA) -","Aug 5, 2017","517911",,"PRIVATE"
"FRONTLINE ENTERPRISES, LLC/US FEDERAL COURTHOUSE (HVAC AND ENGINEER / MAINTENANCE EMPLOYEES)",4655,"IL","ENGINEERS, OPERATING, AFL-CIO (IUOE) 399 ","Mar 31, 2027",,,"PRIVATE"
"FRY'S FOOD STORES, INC. (CLERKS)",637,"AZ","FOOD AND COMMERCIAL WKRS (UFCW) 99 R","Oct 25, 2008","445110","70000","PRIVATE"
"FRYE-WILLIAMSON PRESS, INC.",3992,"IL","PRINTING PACKAGING & PRODUCTION WORKERS UNION OF N (PPPWU) 568 M /TEAMSTERS (IBT) 568 ","Jun 30, 2021","323111","13","PRIVATE"
"FRYS FOOD AND DRUG STORES",2204,"AZ","FOOD AND COMMERCIAL WKRS (UFCW) 99 R","Oct 29, 2016",,,"PRIVATE"
"FURNITURE HANDLERS & INSTALLERS ASSOCIATION (5 COUNTIES)",927,"PA EASTERN"," (UBC) METRO RC","Apr 30, 2004","23835","4500","PRIVATE"
"G&H DIESEL SERVICE, INC.",4001,"CA","MACHINISTS AFL-CIO (IAM) 190 AUTOMOTIVE TRADES DISTRI/MACHINISTS AFL-CIO (IAM) 653 ","Jul 31, 2023",,,"PRIVATE"
"G&K SERVICES CO., LLC",2561,"NV","CULINARY WORKERS UNION 226","May 31, 2021",,,"PRIVATE"
"G4S SECURE SOLUTIONS INC.",2008,"TX","GOVERNMENT SECURITY OFFICERS, IND (UGSOA) 211","Oct 31, 2013","561612","1000","PRIVATE"
"GAKU RAMEN",4703,"VT","WORKERS UNITED, SEIU (WU) 1978 CROEMER@RRJB.ORG","Aug 19, 2026",,,"PRIVATE"
"GALLIKER DAIRY COMPANY",4683,"MD","TEAMSTERS (IBT) 570 ","Jul 31, 2027","48","30","PRIVATE"
"GANNETT PUBLISHING",3828,"IN","GRAPHIC COMMUNICATIONS , IBT 17M","Feb 27, 2024",,,"PRIVATE"
"GANNETT PUBLISHING  SERVICES",4090,"IN","MACHINISTS AFL-CIO (IAM) 2018 ","Jun 4, 2025",,,"PRIVATE"
"GARAGE ATTENDANTS AGREEMENT",698,"IL CHICAGO","TEAMSTERS (IBT) 731","Jul 30, 2006","812930","1000","PRIVATE"
"GARDEN GROVE CA UNIFIED SCHOOL DISTRICT (CLASSIFIED)",3331,"CA GARDEN GRV","SEIU/CSEA CHP 121","Jun 30, 2003","611110","2500","PUBLIC"
"GARDEN GROVE UNIFIED SCHOOL DISTRICT",3343,"CA"," (NEA) ","Aug 31, 2006",,,"PUBLIC"
"GARDEN GROVE UNIFIED SCHOOL DISTRICT",3640,"CA"," (C.S.E.A.) 121","Jun 30, 2000","611110","2500","PUBLIC"
"GARDEN GROVE UNIFIED SCHOOL DISTRICT",3641,"CA"," (C.S.E.A.) 121","Jun 30, 1997","611110","2500","PUBLIC"
"GARDEN GROVE UNIFIED SCHOOL DISTRICT",3642,"CA"," (C.S.E.A.) 121","Jun 30, 2006","611110",,"PUBLIC"
"GARDEN GROVE UNIFIED SCHOOL DISTRICT (SUPERVISORY UNIT)",3639,"CA","GARDEN GROVE UNIFIED SCHOOL DISTRICT ","Jun 30, 2006","611110",,"PUBLIC"
"GARDEN STATE CNCL, PAINTING & DEC CONTR OF AMER ET AL.",1720,"NJ CENTRAL","PAINTERS AFL-CIO (PAT) 711","Apr 30, 2006","23832","2400","PRIVATE"
"GARLOCK SEALING TECHNOLOGIES, LLC.",3677,"NY","MACHINISTS AFL-CIO (IAM) 588","Feb 10, 2021",,"289","PRIVATE"
"GARY COMMUNITY SCHOOL CORPORATION BOARD OF SCHOOL TRUSTEES (TEACHERS)",3174,"IN GARY"," (AFT) GTU 4","Dec 31, 2001","611110","1600","PUBLIC"
"GATEWAY-LONGVIEW, INC. (TEACHER'S AIDE)",1197,"NY","GATEWAY-LONGVIEW SCHOOL RELATED PROFESSIONAL ASSOCIATION, NYSUT/AFT/NEA 2131","Jun 30, 2022","624190","50","PRIVATE"
"GATEWAY-LONGVIEW, INC. (TEACHERS)",1201,"NY","GATEWAY TEACHERS' ASSOCIATION, NYSUT/AFT 2125","Jun 30, 2022","624190","42","PRIVATE"
"GB MATERIALS (DIVISION OF ADVANCED MATERIALS, PLC)",2072,"PA","COMMUNICATIONS WORKERS AFL-CIO (CWA) 88643","Mar 31, 2016","23821","1000","PRIVATE"
"GCP APPLIED TECHNOLOGIES",1120,"MA","ICWCI / UFCW 560-C","Dec 1, 2023",,,"PRIVATE"
"GDI SERVICES, INC. (UNIVERSITY PARK MALL - SIMON PROPERTIES)",4103,"IN","TEAMSTERS (IBT) 364 ","Aug 9, 2026","561720","5","PRIVATE"
"GEISINGER COMMUNITY MEDICAL CENTER",4362,"PA","PENNSYLVANIA ASSOCIATION OF STAFF NURSES & ALLIED PROFESSIONALS ","Jan 13, 2020",,,"PRIVATE"
"GENERAL & CONCRETE CONTRACTORS ASSOCIATION",1092,"OR, SW WA"," (UBC) P NW RC","May 31, 2006","23621","5000","PRIVATE"
"GENERAL & CONCRETE CONTRACTORS ASSOCIATION",2473,"OR"," (CJA) RC PACIFIC NORTHWEST","May 31, 2019",,,"PRIVATE"
"GENERAL BUILDING CONTRACTORS ASSOCIATION",1526,"PA PHILADELPHIA"," (LIUNA) DC","Apr 30, 2004","23621","4400","PRIVATE"
"GENERAL BUILDING CONTRS ASSOCIATION & CONCRETE CONTRS ASSOCIATION",1365,"PA PHILADELPHIA"," (UBC) METRO RC","Apr 30, 2006","23621","4000","PRIVATE"
"GENERAL CONTRACTOR LABOR ASSOCIATION",1061,"HI","ENGINEERS, OPERATING, AFL-CIO (IUOE) 3","Aug 31, 2007",,,"PRIVATE"
"GENERAL CONTRACTOR LABOR ASSOCIATION",1430,"NY"," (UBC) 1456","Jun 30, 2002",,,"PRIVATE"
"GENERAL CONTRACTORS ASSOCIATION OF NY",1351,"NY NEW YORK","IRON WORKERS AFL-CIO (BSOIW) 46 METALLIC LATHERS' UNION","Jun 30, 2005","23621","1000","PRIVATE"
"GENERAL CONTRACTORS ASSOCIATION OF NY",1534,"NY NEW YORK","ENGINEERS, OPERATING, AFL-CIO (IUOE) 15/SECURITY POLICE, FIRE PROF, IND (SPFPA) 262","Jun 30, 2006","23731","2500","PRIVATE"
"GENERAL CONTRACTORS ASSOCIATION OF NY (DOCKBLDRS)",1429,"MID ATLANTIC"," (UBC) DC OF NYC, 1456","Jun 30, 2002","23621","1500","PRIVATE"
"GENERAL CONTRACTORS ASSOCIATION OF NY (EXCVTN)",1210,"NY NEW YORK","LABORERS  (LIUNA) 731","Jun 30, 2006","23891","3000","PRIVATE"
"GENERAL CONTRACTORS ASSOCIATION OF NY (HVY CONST)",1431,"NY NEW YORK"," (UBC) DC OF NYC","Jun 30, 2002","237990","1850","PRIVATE"
"GENERAL CONTRACTORS ASSOCIATION OF NY (TIMBERMEN)",1107,"NY SE"," (UBC) DC ON NYC, 1536","Jun 30, 2002","237990","950","PRIVATE"
"GENERAL CONTRACTORS LABOR ASSOCIATION & BUILDING INDUSTRY LABOR ASSOCIATION",1667,"HI","LABORERS  (LIUNA) 368","Aug 31, 2007","23622","3500","PRIVATE"
"GENERAL CONTRACTORS LABOR ASSOCIATION & BUILDING INDUSTRY LABOR ASSOCIATION",1668,"HI","BRICKLAYERS AFL-CIO (BAC) 1/PLASTERERS AND CEMENT MASONS AFL-CIO (OPCM) 630","Aug 31, 2008","23814","2600","PRIVATE"
"GENERAL CONTRACTORS LABOR ASSOCIATION & BUILDING INDUSTRY LABOR ASSOCIATION",1669,"HI","BRICKLAYERS AFL-CIO (BAC) 1/PLASTERERS AND CEMENT MASONS AFL-CIO (OPCM) 630","Aug 31, 2014","23814","2600","PRIVATE"
"GENERAL CONTRACTORS OF AMERICA OF NY",1226,"NY NEW YORK",,"Mar 31, 2013","23731","1800","PRIVATE"
"GENERAL DYNAMICS, ELECTRIC BOAT",335,"CT"," (MTC) ","Nov 7, 2008",,,"PRIVATE"
"GENERAL DYNAMICS, ELECTRIC BOAT",336,"CT","BOILERMAKERS AFL-CIO (BBF) 614/CARPENTERS IND (CJA) 1302/ELECTRICAL WORKERS IBEW AFL-CIO (IBEW) 261/LABORERS  (LIUNA) 547/MACHINISTS AFL-CIO (IAM) 1871/OFFICE AND PROFESSIONAL EMPLS AFL-CIO (OPEIU) 106/PAINTERS AFL-CIO (PAT) 1122/PLUMBERS AFL-CIO (PPF) 777/TEAMSTERS (IBT) 493","Apr 11, 2014","33612","2000","PRIVATE"
"GENERAL DYNAMICS, ELECTRIC BOAT",337,"CT"," (MDA-UAW) -","Jul 28, 2006","23621",,"PRIVATE"
"GENERAL ELECTRIC CO. (HOURLY & CLER SALARIED)",262,"CT NY PA OH CA"," (UE) 13 LOCALS","Jun 17, 2007","336412","5000","PRIVATE"
"GENERAL ELECTRIC CO. (HOURLY & SALARIED)",260,"PA NY OH MA CA"," (CWA/IUE) 51 LOCALS","Jun 23, 2019","334612","23000","PRIVATE"
"GENERAL ELECTRIC CO. (HOURLY & SALARIED)",261,"PA NY OH MA CA"," (CWA/IUE) 51 LOCALS","Jun 15, 2007","334612","23000","PRIVATE"
"GENERAL MOTORS CORP.",297,"NATIONAL"," (UAW) -","Sep 14, 2007","336112",,"PRIVATE"
"GENERAL MOTORS CORP.",300,"TN","AUTO WORKERS AFL-CIO (UAW) 1853","Dec 31, 2007","336112","6900","PRIVATE"
"GENERAL MOTORS CORP. (SUV PLANT)",301,"OH DAYTON"," (IUE) ","Nov 17, 2003","336112","6900","PRIVATE"
"GENERAL MOTORS POWERTRAIN FLINT ENGINE SOUTH PLANT",1944,"MI","AUTO WORKERS AFL-CIO (UAW) 659","Jan 1, 1800","336111","3163","PRIVATE"
"GENERAL TIRE INC",172,"KY, MAYFIELD"," (USWU) 165","Jan 1, 1800",,,"PRIVATE"
"GENERAL TIRE INC",174,"KY, MAYFIELD"," (USWU) 165","Oct 15, 2016",,,"PRIVATE"
"GENERAL VISION SERVICES",3885,"NY","OFFICE AND PROFESSIONAL EMPLOYEE INTERNATIONAL UNION  153 ","Aug 31, 2023","561110","42","PRIVATE"
"GENESEE COUNTY (CORRECTIONS, POLICE DEPUTIES)/GENESEE COUNTY BOARD OF COMMISSIONERS/SHERIFF OF GENESEE COUNTY",4786,"MI","POLICE OFFICERS ASSOCIATION OF MICHIGAN (POAM) ","Dec 31, 2024",,,"PUBLIC"
"GENESEE COUNTY (SENIOR MOBILE MEAL DRIVERS)/GENESEE COUNTY BOARD OF COMMISSIONERS/GENESEE COUNTY COMMUNITY ACTION RESOURCE DEPARTMENT",4787,"MI","STATE COUNTY AND MUNI EMPLS AFL-CIO (AFSCME) 25 MICHIGAN","Dec 31, 2024",,,"PUBLIC"
"GENESEE, TOWN OF",3955,"NY","TEAMSTERS (IBT) 264 ","Dec 31, 2023","921110","4","PUBLIC"
"GEORGE WASHINGTON UNIVERSITY, THE",3711,"DC","SERVICE EMPLOYEES (SEIU) 500 ","Jun 30, 2021",,,"PRIVATE"
"GEORGETOWN UNIVERSITY",4143,"DC","SERVICE EMPLOYEES (SEIU) 500 ","Jun 30, 2020",,,"PRIVATE"
"GEORGIA PACIFIC CORP. CROSSETT PAPER OPERATIONS",127,"AR CROSSETT","UPIU/PACE 369","Jun 30, 2006","322121","1100","PRIVATE"
"GEORGIA POWER CO.",464,"GA","ELECTRICAL WORKERS IBEW AFL-CIO (IBEW) 84","Jun 30, 2005","22111","1400","PRIVATE"
"GEORGIA POWER CO.",465,"GA","ELECTRICAL WORKERS IBEW AFL-CIO (IBEW) 84","Jun 30, 2016","22111","1400","PRIVATE"
"GEORGIA POWER CO.",467,"GA","ELECTRICAL WORKERS IBEW AFL-CIO (IBEW) 84","Jun 30, 2005","22112","1100","PRIVATE"
"GEORGIA POWER CO.",468,"GA","ELECTRICAL WORKERS IBEW AFL-CIO (IBEW) 84","Jun 30, 2016","22112","1100","PRIVATE"
"GEORGIA POWER CO.",1955,"GA","ELECTRICAL WORKERS IBEW AFL-CIO (IBEW) 84","Jun 30, 2016","22111","1400","PRIVATE"
"GEORGIA-PACIFIC CORP. (WAS JAMES RIVER CORP.)",128,"AL NAHEOLA","UPIU/PACE 3-0950","Feb 28, 2007","322121","1500","PRIVATE"
"GERDAU AMERISTEEL CORPORATION",1240,"MN","STEELWORKERS, AFL-CIO (USW) 11 7263 S","Jul 31, 2019",,,"PRIVATE"
"GIANT EAGLE",599,"OH","FOOD AND COMMERCIAL WKRS (UFCW) 880","Sep 11, 2011","445110","10700","PRIVATE"
"GIANT EAGLE MARKETS CO (GROCERY CLERKS)",550,"OH PA WV","FOOD AND COMMERCIAL WKRS (UFCW) 23","Jun 20, 2004","445110","4000","PRIVATE"
"GIANT EAGLE MARKETS CO (MEAT & DELI DEPTS.)",551,"OH PA WV","FOOD AND COMMERCIAL WKRS (UFCW) 23","Jun 20, 2004","445110","1200","PRIVATE"
"GIANT EAGLE MARKETS COMPANY",2202,"PA","FOOD AND COMMERCIAL WKRS (UFCW) 23","Jun 30, 2018",,,"PRIVATE"
"GIANT FOOD INC.",649,"MD BALTIMORE","FOOD AND COMMERCIAL WKRS (UFCW) 27","Mar 27, 2004","445110","6800","PRIVATE"
"GIANT FOOD INC.",673,"DC MD VA","FOOD AND COMMERCIAL WKRS (UFCW) 400","Mar 31, 2012","445110","12000","PRIVATE"
"GIANT FOOD INC.",674,"DC MD VA","FOOD AND COMMERCIAL WKRS (UFCW) 400","Mar 29, 2008","445110","12000","PRIVATE"
"GIANT FOOD, LLC",2207,"DC","FOOD AND COMMERCIAL WKRS (UFCW) 400","Mar 31, 2012",,,"PRIVATE"
"GIANT LANDOVER & SAFEWAY, INC.",2219,"MD","FOOD AND COMMERCIAL WKRS (UFCW) 27/FOOD AND COMMERCIAL WKRS (UFCW) 400","Oct 29, 2016",,,"PRIVATE"
"GIRARD MACHINE COMPANY, INC",2115,"OH"," (GMCE) -","Nov 30, 2016","331210",,"PRIVATE"
"GKN AEROSPACE NORTH AMERICA, INC",326,"MO ST. LOUIS","MACHINISTS AFL-CIO (IAM) 837","Jan 7, 2006","336411","850","PRIVATE"
"GLASS CITY CREDIT UNION",4008,"OH","AUTO WORKERS AFL-CIO (UAW) 12 ","Feb 29, 2020",,"4","PRIVATE"
"GLASS CONTAINER INDUSTRIAL RELATIONS COUNCIL",179,"NATIONAL"," (AFGM) -","Aug 31, 2005","327213","2000","PRIVATE"
"GLASS, GLAZING, ARCHITECTURAL METALS, PANELS, & CAULKING CONTRACTORS",4162,"DMV","PAINTERS AFL-CIO (PAT) 51 ","May 31, 2024",,,"PRIVATE"
"GLATFELTER PRINTING AND CARBONLESS PAPER",119,"YORK, PA"," (OPEIU) 988, 731","Aug 1, 2012","322121","1300","PRIVATE"
"GLENDALE CITY CA (GENERAL)",2912,"CA GLENDALE"," (GCEA-I) ","Jun 30, 2005","921190","1200","PUBLIC"
"GLENDIVE MEDICAL CENTER",3560,"MT GLENDIVE","MONTANA NURSES ASSOCIATION 21","Oct 31, 2017","621111",,"PUBLIC"
"GLOBAL EXPERIENCE SPECIALISTS (GES)",2328,"IL"," (CRCC) ","May 31, 2018",,,"PRIVATE"
"GLOCHESTER, TOWN OF",3540,"RI GLOCHESTER","LABORERS  (LIUNA) 1322","Jun 30, 2016","561110",,"PUBLIC"
"GOLDBELT C6, LLC",4506,"VA","MACHINISTS AFL-CIO (IAM) 2003 /MACHINISTS AFL-CIO (IAM) DL 2020 THE GREATER MID ATLANTIC DISTRICT LODGE","Nov 9, 2024",,,"PRIVATE"
"GOLDEN NUGGET HOTEL & CASINO",745,"NV LAS VEGAS","UNITE HERE 226 & 165","May 31, 2007","72112","7500","PRIVATE"
"GOLDEN SIERRA JOB TRAINING AGENCY",4321,"CA","INTERNATIONAL UNION OF OPERATING ENGINEERS (IUOE) 39","Nov 30, 2026",,,"PRIVATE"
"GOLDEN SVCS, LLC - HUD FACILITIES (ARMED / UNARMED SECURITY GUARDS)",4082,"DC","INDEPENDENT GUARD UNIONS OF AMERICA (IGUA) ","Jan 31, 2023",,,"PRIVATE"
"GOOD SAMARITAN REGIONAL MEDICAL CENTER OF CORVALLIS",2064,"OR","VALLEY IMAGING PROFESSIONALS -","Mar 31, 2017","622","1000","PRIVATE"
"GOODRICH AEROSTRUCTURES GROUP",327,"CA","MACHINISTS AFL-CIO (IAM) 755","Feb 12, 2006","336411","750","PRIVATE"
"GOODSPEED OPERA HOUSE FOUNDATION, INC.",3999,"CT","MUSICIANS AFL-CIO (AFM) 400 ","Jan 14, 2020","711110","30","PRIVATE"
"GOODSPEED OPERA HOUSE FOUNDATION, INC. ",4628,"CT","MUSICIANS AFL-CIO (AFM) 400 ","Jan 14, 2025",,,"PRIVATE"
"GOODWILL INDUSTRIES OF MID-MICHIGAN INC",1255,"MI","TEAMSTERS (IBT) 332","Jul 8, 2021","624310","6","PRIVATE"
"GOODWILL INDUSTRIES VOCATIONAL ENTERPRISES, INC.",4009,"MN","TEAMSTERS (IBT) 346 ","Jan 31, 2020","811118","2","PRIVATE"
"GOODYEAR DUNLOP TIRES NORTH AMERICA, LTD. BUFFALO, NEW YORK",162,"BUFFALO, NY","STEELWORKERS, AFL-CIO (USW) 04 135 L","Jul 22, 2006","326211","1000","PRIVATE"
"GOUVERNEUR CENTRAL SCHOOL DISTRICT",4673,"NY","GOUVERNEUR EDUCATION ASSOCIATION ","Jun 30, 2028",,,"PUBLIC"
"GOUVERNEUR CENTRAL SCHOOL DISTRICT, SUPERINTENDENT OF SCHOOLS",4704,"NY","GOUVERNEUR SCHOOL RELATED PERSONNEL UNION ","Jun 30, 2025",,,"PUBLIC"
"GOUVERNEUR SCHOOL DISTRICT, SUPERINTENDENTS",4668,"NY","GOUVERNEUR ADMINISTRATORS ASSOCIATION ","Jun 30, 2025",,,"PUBLIC"
"GOVERNMENT CONTRACTING RESOURCES, INC.",1999,"FL","MACHINISTS AFL-CIO (IAM) 449","Jun 30, 2013","336414","1000","PRIVATE"
"GOVERNORS STATE UNIVERSITY/GOVERNORS STATE UNIVERSITY BOARD OF TRUSTEES",4155,"IL","SERVICE EMPLOYEES (SEIU) 73 ","Jun 30, 2022",,,"PUBLIC"
"GRADE FIELD PARTIES OF ALLIED BUILDING METAL INDUSTRIES",1537,"NY","ENGINEERS, OPERATING, AFL-CIO (IUOE) 15","Jun 30, 2006",,,"PRIVATE"
"GRAND COULEE, CITY OF (FOOD PROCESSING)",3761,"WA","TEAMSTERS (IBT) 760 ","Dec 31, 2022",,,"PUBLIC"
"GRAND PRAIRIE SERVICES",4334,"IL","SERVICE EMPLOYEES (SEIU) 73 ","Jun 30, 2023",,,"PRIVATE"
"GRAND RAPIDS PUBLIC SCHOOLS",3178,"MI GRAND RAPIDS"," (NEA) -","Aug 24, 2003",,,"PUBLIC"
"GRAND SIERRA RESORT AND CASINO",2544,"NV","CULINARY WORKERS UNION 226","Oct 31, 2023",,,"PRIVATE"
"GRANITE CITY, EDWARDSVILLE, HIGHLAND GREATER MADISON COUNTY",3552,"IL","LABORERS  (LIUNA) 397","Jul 31, 2016","237310",,"PUBLIC"
"GRANT COUNTY HOUSING AUTHORITY",4346,"WA","TEAMSTERS (IBT) 760 ","Dec 31, 2026",,,"PUBLIC"
"GRANT PARK ORCHESTRAL ASSOCIATION",2573,"IL","CHICAGO FEDERATION OF MUSICIANS 10-208","May 31, 2019","711130","83","PRIVATE"
"GRANT PASS OREGON, CITY OF",3712,"OR","NATIONAL ASSOTIATION OF FIREFIGHTERS 3564","Dec 31, 2020",,,"PUBLIC"
"GRANT PASS OREGON, CITY OF",3713,"OR","TEAMSTERS 223","Dec 31, 2022",,,"PUBLIC"
"GRANT PASS OREGON, CITY OF",3714,"OR","GRANT PASS EMPLOYEE ASSOCIATION ","Dec 31, 2021",,,"PUBLIC"
"GRANT PASS OREGON, CITY OF",3715,"OR","GRANT PASS POLICE ASSOCIATION ","Dec 31, 2021",,,"PUBLIC"
"GRANT PASS OREGON, CITY OF",3716,"OR","INTERNATIONAL ASSOCIATION OF FIREFIGHTERS 3564","Dec 31, 2023",,,"PUBLIC"
"GREAT IMPRESSIONS GRAPHICS AND PRINTING",4462,"WI","PRINTING PACKAGING & PRODUCTION WORKERS UNION OF N (PPPWU) 1 /PRINTING PACKAGING & PRODUCTION WORKERS UNION OF N (PPPWU) 577 M ","Mar 31, 2027",,,"PRIVATE"
"GREAT LAKES",1787,"GREAT LAKES AREA","BOILERMAKERS AFL-CIO (BBF) 647/BOILERMAKERS AFL-CIO (BBF) 744","Mar 30, 2010","316999","1000","PRIVATE"
"GREAT LAKES ASSOCIATION. OF STEVEDORES",403,"NATIONAL"," (ILA) ","Dec 31, 2005","488320","3500","PRIVATE"
"GREAT LAKES FABRICATORS & ERECTORS (RIGGERS)",1550,"MI DETROIT","IRON WORKERS AFL-CIO (BSOIW) 25","May 31, 2007","23819","2900","PRIVATE"
"GREAT LAKES FABRICATORS & ERECTORS ASSOCIATION",1527,"MI DETROIT"," (IUOE) -","May 31, 2004","23819",,"PRIVATE"
"GREAT LAKES FABRICATORS & ERECTORS ASSOCIATION. ET.AL.",94,"MI EASTERN","ENGINEERS, OPERATING, AFL-CIO (IUOE) 324","May 31, 2004","23819","1000","PRIVATE"
"GREAT LAKES METAL BLDG ERECTORS ASSOCIATION (PRE-ENGR)",1511,"MI LOWER PENINSULA","IRON WORKERS AFL-CIO (BSOIW) 25","Mar 31, 2006","23622","3300","PRIVATE"
"GREAT LAKES TRANSPORTATION SHUTTLE",4587,"MI","TEAMSTERS (IBT) 299 ","Jan 1, 2025",,,"PRIVATE"
"GREAT PLAINS LABORERS ARTIC OF AGREE COVERING HWY-HEAVY CONSTRUCTION",2132,"IL","LABORERS  (LIUNA) 32/LABORERS  (LIUNA) 727","Apr 30, 2015","237310",,"PRIVATE"
"GREATER BLOUSE, SKIRT & UNDRGRMNT ASSOCIATION SPORTSWEAR",104,"NY NEW YORK","UNITE HERE 23-25, 10","Jun 1, 2004","315212","7000","PRIVATE"
"GREATER BLOUSE, SKIRT & UNDRGRMNT ASSOCIATION SPORTSWEAR",105,"NY","UNITE HERE 23-25, 10","Jun 1, 2010","315212","7000","PRIVATE"
"GREATER CLEVELAND REGIONAL TRANSIT (OPERATORS)",3402,"OH CLEVELAND","TRANSIT UNION AFL-CIO (ATU) 268","Jul 31, 2003","485111","2400","PUBLIC"
"GREATER NEW YORK FLOOR COVERERS ASSOCIATION",1629,"NY NEW YORK"," (CJA) DC OF NYC","Jun 30, 2006","23833","1000","PRIVATE"
"GREATER NY HEALTH CARE FACILITIES ASSOCIATION.",783,"NY NEW YORK"," (NHHSEU) 1199/144","Apr 30, 2005","623311","10000","PRIVATE"
"GREATER NY MEAT TRADE INSTITUTE (GEN IND & PORK STORES)",663,"NY NEW YORK","FOOD AND COMMERCIAL WKRS (UFCW) 342 050","Jun 20, 2007","311611","1100","PRIVATE"
"GREATER NY MOVERS & WAREHOUSEMEN'S BARGAINING GROUP",391,"NY NEW YORK","TEAMSTERS (IBT) 814","Apr 30, 2005","484210","1500","PRIVATE"
"GREATER PEORIA MASS TRANSIT DISTRICT",3730,"IL","TRANSIT UNION AFL-CIO (ATU) 416 ","Nov 30, 2021",,"140","PUBLIC"
"GREATER ST. LOUIS FOOD EMPLOYERS' COUNCIL",552,"MO ST LOUIS","FOOD AND COMMERCIAL WKRS (UFCW) 655","May 13, 2007","445110","10500","PRIVATE"
"GREATER ST. LOUIS FOOD EMPLOYERS' COUNCIL",553,"MO ST. LOUIS","FOOD AND COMMERCIAL WKRS (UFCW) 655","May 16, 2010","445110","10500","PRIVATE"
"GREATER ST. LOUIS FOOD EMPLOYERS' COUNCIL",675,"MO ST LOUIS","FOOD AND COMMERCIAL WKRS (UFCW) 88","Sep 30, 2008","445110","2650","PRIVATE"
"GREEN BAY AREA PUBLIC SCHOOL DISTRICT, BOARD OF EDUCATION",2661,"WI"," (NEA) GBEA","Jun 30, 2009","611110",,"PUBLIC"
"GREEN BAY BOARD OF EDUCATION",2662,"WI"," (NEA) GBEA","Jun 30, 2005","611110","1300","PUBLIC"
"GREEN BAY DROP FORGE",2463,"WI","BOILERMAKERS AFL-CIO (BBF) 177","May 31, 2016",,,"PRIVATE"
"GREEN BAY PACKAGING, INC. (FOLDING CARTON DIVISION)",4814,"WI","STEELWORKERS, AFL-CIO (USW) 2 1321 ","Apr 1, 2028",,,"PRIVATE"
"GREEN MOUNTAIN TRANSIT AUTHORITY (DRIVER / STEWARDS)",4389,"VT","TEAMSTERS (IBT) 597 ","Jun 30, 2024",,,"PUBLIC"
"GREEN MOUNTAIN TRANSIT AUTHORITY (MAINTENANCE)",4387,"VT","TEAMSTERS (IBT) 597 ","Jun 30, 2024",,,"PUBLIC"
"GREEN MOUNTAIN TRANSIT AUTHORITY (RURAL)",4388,"VT","TEAMSTERS (IBT) 597 ","Jun 30, 2024",,,"PUBLIC"
"GREENHILL CITADEL, INC.",4421,"NJ","STATE COUNTY AND MUNI EMPLS AFL-CIO (AFSCME) 1199 J NEW JERSEY HEALTH CARE EMPLOYEES","Jul 31, 2023",,,"PRIVATE"
"GREENVILLE, CITY OF (PUBLIC WORKS)",3524,"IL GREENVILLE","LABORERS  (LIUNA) 773","May 31, 2018","921120",,"PUBLIC"
"GREENWICH, CT TOWN OF",3526,"CT"," (LIUNA) 136","Jun 30, 2016","921120",,"PUBLIC"
"GREYHOUND LINES, INC.",387,"NATIONAL","TRANSIT UNION AFL-CIO (ATU) 1700","Jan 31, 2007","485210","3100","PRIVATE"
"GRISTEDES SUPERMARKETS",610,"NY","FOOD AND COMMERCIAL WKRS (UFCW) 1500 UFCW UNION LOCAL 1500","Jun 27, 2010","445110","1500","PRIVATE"
"GROUP HEALTH",764,"WA & ID","SERVICE EMPLOYEES (SEIU) 1199 NW SEIU HEALTH CARE 1199 NORTHWEST","Oct 31, 2011","611491","1000","PRIVATE"
"GROUP HEALTH COOPERATIVE OF PUGET SOUND (OFC-CLER)",855,"WA SEATTLE","OFFICE AND PROFESSIONAL EMPLS AFL-CIO (OPEIU) 23/OFFICE AND PROFESSIONAL EMPLS AFL-CIO (OPEIU) 8","Jun 30, 2005","621491","1100","PRIVATE"
"GROUP HEALTH COOPERATIVE OF PUGET SOUND (RNS)",763,"WA SEATTLE","SERVICE EMPLOYEES (SEIU) 1199 NW SEIU HEALTH CARE 1199 NORTHWEST","Jun 30, 2008","611491","1000","PRIVATE"
"GROUP HEALTH INC. (SERV, MAINT, TECH, OFC)",868,"MN","SERVICE EMPLOYEES (SEIU) 113 HEALTHCARE MINNESOTA","Feb 29, 2008","62211","1200","PRIVATE"
"GROUP HEALTH INC. (SERV, MAINT, TECH, OFC)",869,"MN MINN-ST PAUL","SERVICE EMPLOYEES (SEIU) 113 HEALTHCARE MINNESOTA","Jan 31, 2008","62211","1200","PRIVATE"
"GROUP HEALTH, INC.",3559,"MN SAINT PAUL"," (SEIU) HEALTHCARE MINNESOTA","Jan 31, 2014","524210",,"PUBLIC"
"GROWERS ICE COMPANY",3816,"CA","INTERNATIONAL UNION OF OPERATING ENGINEERS 39 ","Feb 28, 2023",,,"PRIVATE"
"GT MID ATLANTIC , LLC - FOLCROFT",4502,"MD","ENGINEERS, OPERATING, AFL-CIO (IUOE) 542 ","Jul 31, 2027",,,"PRIVATE"
"GUARANTEE ELECTRICAL COMPANY/NATIONAL ELECTRICAL CONTRACTORS ASSOCIATION, INC. (NECA)  - SOUTHWESTERN ILLINOIS",4664,"IL","ELECTRICAL WORKERS IBEW AFL-CIO (IBEW) 309 ","Aug 31, 2025",,,"PRIVATE"
"GUIDE CORPORATION (EVERGREEN)",4,"IN ANDERSON","AUTO WORKERS AFL-CIO (UAW) 0","Mar 20, 2009","331111","1000","PRIVATE"
"GUIDE CORPORATION (EVERGREEN)",13,"IN ANDERSON","AUTO WORKERS AFL-CIO (UAW) 663","Mar 20, 2009","331111","1000","PRIVATE"
"GULF STATES CHAPTER, SHEET METAL AND AIR CONDITIONING CONTRACTORS' NATIONAL ASSOCIATION (SMACNA)",3866,"AL","SHEET METAL, AIR, RAIL AND TRANSPORTATION WORKERS (SMART) 441 SM ","Jun 20, 2026",,,"PRIVATE"
"GWALTNEY OF SMITHFIELD, LTD.",71,"VA SMITHFIELD","TEAMSTERS (IBT) 822","Apr 3, 2007","311611","1800","PRIVATE"
"HAC, INC. (WAS HOMELAND - CLERKS/MEAT)",561,"TX OK","FOOD AND COMMERCIAL WKRS (UFCW) 1000","Oct 6, 2007","445110","2200","PRIVATE"
"HAMILTON SUNDSTRAND CORPORATION",330,"CT WINDSORLOCKS","MACHINISTS AFL-CIO (IAM) 743","May 6, 2008","336412","1100","PRIVATE"
"HANGING H COMPANIES, LLC/PIPE LINE CONTRACTORS ASSOCIATION (PLCA)",3871,"VA","PLUMBERS AFL-CIO (PPF) ","May 31, 2026","237120","24","PRIVATE"
"HANNIBAL COMMERCIAL AND RESIDENTIAL",2235,"MO"," (BAC) ","Jun 5, 2018",,,"PRIVATE"
"HANOVER PARK, VILLAGE OF (PART-TIME FIREFIGHTER)",4280,"IL","SERVICE EMPLOYEES (SEIU) 73 ","Apr 30, 2022",,,"PUBLIC"
"HANSON READY MIX, INC.",1159,"PA","ENGINEERS, OPERATING, AFL-CIO (IUOE) 66","Jul 31, 2022",,"4","PRIVATE"
"HAPPY VALLEY UNION ELEMENTARY SCHOOL DISTRICT",4156,"CA","TEAMSTERS (IBT) 137 ","Jun 30, 2023",,,"PUBLIC"
"HARFORD COUNTY MD BOARD OF EDUCATION (NON-INSTRUCTIONAL)",2990,"MD BEL AIR","HCESC (I) ","Jun 30, 2003","611110","1000","PUBLIC"
"HARFORD COUNTY, BOARD OF EDUCATION (TEACHERS)",3153,"MD BEL AIR"," (NEA) ","Jun 30, 2005","611110","2600","PUBLIC"
"HARLEY-DAVIDSON MOTOR CO.",365,"PA YORK","MACHINISTS AFL-CIO (IAM) 175","Feb 2, 2007","336991","2100","PRIVATE"
"HARPER COLLEGE",4836,"IL","NATIONAL EDUCATION ASN IND (NEA) ILLINOIS EDUCATION ASSOCIATION","Jun 30, 2024",,,"PUBLIC"
"HARPER CREEK COMMUNITY SCHOOLS BOARD OF EDUCATION",4159,"MI","ENGINEERS, OPERATING, AFL-CIO (IUOE) 324 ","Jun 30, 2023",,,"PUBLIC"
"HARTFORD CT BOARD OF EDUCATION (TEACHERS)",3315,"CT HARTFORD"," (AFT) 1018","Jun 30, 2005","611110","1800","PUBLIC"
"HARTWIG TRANSIT, INC.",2288,"IL"," (ICMDA) ","Jun 30, 2019",,,"PRIVATE"
"HARVARD MAINTENANCE, INC.",2042,"CA","SERVICE EMPLOYEES (SEIU) 1877","Jan 31, 2012",,,"PRIVATE"
"HARVARD UNIVERSITY",4141,"MA","AUTO WORKERS AFL-CIO (UAW) HARVARD GRADUATE STUDENTS UNION","Jun 30, 2025",,,"PRIVATE"
"HARVARD UNIVERSITY (CUSTODIAN, CREW CHIEF)",4863,"MA","SERVICE EMPLOYEES (SEIU) 32 BJ MOTOR VEHICLE INSPECTORS DIVISION","Nov 15, 2020",,,"PRIVATE"
"HARVARD UNIVERSITY (OFC & CLERICAL)",922,"MA CAMBRIDGE"," (AFSCME) HUCTW","Jun 30, 2007","61131","3700","PRIVATE"
"HARVARD UNIVERSITY AND HARVARD UNION OF CLERICAL AND TECHNICAL WORKERS (HUCTW)",2589,"MA"," (AFSCME) ","Sep 30, 2021",,,"PRIVATE"
"HAWAII GENERAL CONTRACTORS LABOR ASSOCIATION",1059,"HI HONOLULU","ENGINEERS, OPERATING, AFL-CIO (IUOE) 3","Aug 31, 2007","23622","2500","PRIVATE"
"HAWAII GENERAL CONTRACTORS LABOR ASSOCIATION",1060,"HI HONOLULU","ENGINEERS, OPERATING, AFL-CIO (IUOE) 3","Aug 31, 2014","23622","2500","PRIVATE"
"HAWAII GENERAL CONTRACTORS LABOR ASSOCIATION",1589,"HI","CARPENTERS IND (CJA) 745","Aug 31, 2012","23622","6200","PRIVATE"
"HAWAII GENERAL CONTRACTORS LABOR ASSOCIATION",1590,"HI","CARPENTERS IND (CJA) 745","Jan 1, 1800","23622","6200","PRIVATE"
"HAWAII GENERAL CONTRACTORS LABOR ASSOCIATION",1591,"HI"," (UBC) 745","Aug 31, 2007","23622","6200","PRIVATE"
"HAWAII STATE (BLUE COLLAR-UNIT 1)",2680,"HI"," (AFSCME) UPW 646","Jun 30, 1999","921190","8900","PUBLIC"
"HAWAII STATE (FIRE DEPT-UNIT 11)",2689,"HI"," (IAFF) 1463","Jun 30, 2003","922160","1650","PUBLIC"
"HAWAII STATE UNIVERSITY (ADMIN, PROF & TECH-UNIT 8)",3233,"HI"," (AFSCME) HGEA 152","Jun 30, 2005","611310","1469","PUBLIC"
"HAWAII STATE UNIVERSITY (FACULTY-UNIT 7)",3232,"HI HONOLULU"," (UHPA) ","Jun 30, 2005","611310","3250","PUBLIC"
"HAWAII WALL & CEILING INDUSTRY ASSOCIATION",1848,"HI","PLASTERERS AND CEMENT MASONS AFL-CIO (OPCM) 630","Aug 31, 2019","238140","1000","PRIVATE"
"HAWAIIAN AIRLINES, INC.",2078,"HAWAII"," (IAM) -","Dec 31, 2013","48111","1000","PRIVATE"
"HAWAIIAN TELCOM, INC.",4257,"HI","ELECTRICAL WORKERS IBEW AFL-CIO (IBEW) 1357 ","Dec 31, 2027",,,"PRIVATE"
"HAWAIIAN TELECOM",447,"HI","ELECTRICAL WORKERS IBEW AFL-CIO (IBEW) 1357","Sep 21, 2011","517110","1350","PRIVATE"
"HAYWARD CA UNIFIED SCHOOL DISTRICT (TCHRS, CNSLRS, NURSES)",3352,"CA HAYWARD"," (NEA) HEA","Jun 30, 2005","611110","1200","PUBLIC"
"HAZEL CREST PARK DISTRICT",4282,"IL","SERVICE EMPLOYEES (SEIU) 73 ","Apr 30, 2021",,,"PUBLIC"
"HEALTH EMPLOYERS, INC. (AIDES, ATTNDNTS & OTHERS)",814,"MN","SERVICE EMPLOYEES (SEIU) 113 HEALTHCARE MINNESOTA","Feb 28, 2009","62211","3000","PRIVATE"
"HEALTH EMPLOYERS, INC. (AIDES, ATTNDNTS & OTHERS)",815,"MN","SERVICE EMPLOYEES (SEIU) 113 HEALTHCARE MINNESOTA","Feb 28, 2009","62211","3000","PRIVATE"
"HEALTH EMPLOYERS, INC. (AIDES, ATTNDNTS & OTHERS)",816,"MN MINN-ST PAUL","SERVICE EMPLOYEES (SEIU) 113 HEALTHCARE MINNESOTA","Feb 28, 2006","62211","3000","PRIVATE"
"HEALTHEAST CORP.",753,"MN ST PAUL"," (MNA) ","May 31, 2007","62211","1300","PRIVATE"
"HEALTHTEX INC.",977,"VA AL GA","UNITE HERE 704C","Dec 21, 2005","315299","1200","PRIVATE"
"HEARST COMMUNICATIONS, INC. (HEARST MAGAZINES DIVISION)",1266,"NY","HEARST INTERNATIONAL EMPLOYEES ASSOCIATION ","Feb 28, 2019",,,"PRIVATE"
"HEARST SOCO NEWSPAPER, LLC D/B/A THE ADVOCATE",1931,"NY"," (UAW) 2110","Sep 30, 2010","813319","2771","PRIVATE"
"HEAVY & HIGHWAY",1738,"KY"," (LIUNA) 2631","Jun 30, 2015","23731","4000","PRIVATE"
"HEAVY & HIGHWAY",1739,"KY","LABORERS  (LIUNA) 189","Jun 30, 2012","23731","4000","PRIVATE"
"HEAVY & HIGHWAY",2057,"IL","ENGINEERS, OPERATING, AFL-CIO (IUOE) 520","Jul 31, 2012","23731",,"PRIVATE"
"HEAVY & HIGHWAY",2058,"IL","ENGINEERS, OPERATING, AFL-CIO (IUOE) 520","Jul 31, 2015","23731",,"PRIVATE"
"HEAVY & HIGHWAY CONTRACTORS",1740,"KY","LABORERS  (LIUNA) 1214/LABORERS  (LIUNA) 1392/LABORERS  (LIUNA) 1445/LABORERS  (LIUNA) 189/LABORERS  (LIUNA) 561/LABORERS  (LIUNA) 576","Jun 30, 2009","23731","4000","PRIVATE"
"HEAVY & HIGHWAY CONTRACTORS (HVY-HWY)",1737,"KY","LABORERS  (LIUNA) 576","Jun 30, 2004","23731","4000","PRIVATE"
"HEAVY & HIGHWAY CONTRACTORS (HVY-HWY)",1899,"KY","CARPENTERS IND (CJA) 85","Mar 31, 2013","23731","1057","PRIVATE"
"HEAVY AND HIGHWAY CONSTRUCTION",1585,"IL","ENGINEERS, OPERATING, AFL-CIO (IUOE) 520","Jul 31, 2012","23731","1500","PRIVATE"
"HEAVY AND HIGHWAY CONSTRUCTION (ENTIRE STATE OF WISCONSIN)/WISCONSIN TRANSPORTATION EMPLOYERS COUNCIL",4207,"WI","ENGINEERS, OPERATING, AFL-CIO (IUOE) 39 ","May 31, 2024",,,"PRIVATE"
"HEAVY CONSTRUCTORS ASSOCIATION OF GREATER KC",1274,"MO","LABORERS  (LIUNA) 1290/LABORERS  (LIUNA) 663","Mar 31, 2010","23731","1000","PRIVATE"
"HEAVY CONSTRUCTORS ASSOCIATION OF GREATER KC",1275,"MO KANSAS CITY","LABORERS  (LIUNA) 1290/LABORERS  (LIUNA) 663","Mar 31, 2006","23731","1000","PRIVATE"
"HEAVY CONSTRUCTORS ASSOCIATION OF GREATER KC",1276,"MO KANSAS CITY","ENGINEERS, OPERATING, AFL-CIO (IUOE) 101","Mar 31, 2006","23731","3200","PRIVATE"
"HEAVY CONSTRUCTORS ASSOCIATION OF GREATER KC (HVY-HWY)",1077,"KS MO KANSAS CITY","TEAMSTERS (IBT) 541","Mar 31, 2006","23731","2000","PRIVATE"
"HEAVY, HIGHWAY, UTILITY AND/OR RAILROAD CONSTRUCTION",2437,"PA","LABORERS  (LIUNA) 158","Apr 30, 2020",,,"PRIVATE"
"HECHT'S DIV OF MAY DEPT. STORE",588,"MD","FOOD AND COMMERCIAL WKRS (UFCW) 400","Jul 19, 2005","452110","1600","PRIVATE"
"HEINEN'S INC. (CLERKS)",1782,"OH& PA","FOOD AND COMMERCIAL WKRS (UFCW) 880","Sep 11, 2011","445110","10700","PRIVATE"
"HEKTOEN INSTITUTE, LLC",3757,"IL","SERVICE EMPLOYEES (SEIU) HEALTHCARE IL IN","Sep 1, 2020",,,"PRIVATE"
"HEKTOEN INSTITUTE, LLC",4023,"IL","SERVICE EMPLOYEES (SEIU) HEALTHCARE IL IN","Sep 1, 2020",,,"PRIVATE"
"HELEN NEWBERRY JOY HOSPITAL & HEALTHCARE CENTER",3813,"MI","UNITED AUTOMOBILE, AEROSPACE, & AGRICULTURAL IMPLEMENT WORKERS OF AMERICA 2399 ","Mar 15, 2023","622110","144","PRIVATE"
"HEMPSTEAD NY, TOWN OF (GENERAL UNIT)",2902,"NY HEMPSTEAD"," (AFSCME) CSEA 880","Jun 6, 2005","921190","2130","PUBLIC"
"HEMPSTEAD, TOWN OF",3952,"NY","STATE COUNTY AND MUNI EMPLS AFL-CIO (AFSCME) 1000 CSEA - CIVIL SERVICE EMPLOYEES ASN (CSEA)","Dec 31, 2025",,,"PUBLIC"
"HENNEPIN COUNTY MN (CLERICAL UNIT)",3060,"MN MINNEAPOLIS"," (AFSCME) 2822","Dec 31, 2005","921190","1766","PUBLIC"
"HENNEPIN COUNTY MN (CLERICAL UNIT)",3061,"MN MINNEAPOLIS"," (AFSCME) 2822","Dec 31, 2018","921190",,"PUBLIC"
"HENNEPIN COUNTY MN (SOCIAL SERVICES UNIT)",3058,"MN MINNEAPOLIS","STATE COUNTY AND MUNI EMPLS AFL-CIO (AFSCME) 14 AFSCME COUNCIL 14","Dec 31, 2007","624","1961","PUBLIC"
"HENNEPIN COUNTY MN (SOCIAL SERVICES UNIT)",3059,"MN MINNEAPOLIS"," (AFSCME) 34","Dec 31, 2018","624",,"PUBLIC"
"HERKIMER HOUSING AUTHORITY (PUBLIC WORKS)",4386,"NY","TEAMSTERS (IBT) 294 ","Jun 30, 2024",,,"PUBLIC"
"HERRIN COMMUNITY UNIT SCHOOL DISTRICT NO. 4",4056,"IL","LABORERS  (LIUNA) 773 ","Aug 31, 2018",,,"PUBLIC"
"HERSHEY CHOCOLATE U.S.A.",65,"PA HERSHEY"," (BCTGM) 464","Oct 31, 2010","31133","2800","PRIVATE"
"HERTZ CORPORATION, THE (BUS DRIVERS)",861,"PA","OFFICE AND PROFESSIONAL EMPLS AFL-CIO (OPEIU) 32","Mar 31, 2022",,,"PRIVATE"
"HERTZ CORPORATION, THE (UTILITY PERSON)",862,"PA","OFFICE AND PROFESSIONAL EMPLS AFL-CIO (OPEIU) 32","May 31, 2020",,,"PRIVATE"
"HFA: NEW YORK STATE HOUSING FINANCE AGENCY",1923,"NY"," (UAW) 2110","Apr 30, 2011","813319","2771","PRIVATE"
"HICKORY HILLS, CITY OF (PUBLIC WORKS)",4301,"IL","SERVICE EMPLOYEES (SEIU) 73 ","Apr 30, 2026",,,"PUBLIC"
"HIGH-RISE CONTRACT (BCA)",1559,"NY NASSAU","TEAMSTERS (IBT) 282","Jun 30, 2005","23622","4700","PRIVATE"
"HIGHLAND CHATEAU SUITES, LLC (LPN)",3973,"MN","FOOD AND COMMERCIAL WKRS (UFCW) 1189 ","Sep 30, 2021",,,"PRIVATE"
"HIGHLAND CHATEAU SUITES, LLC (LPNS)",2530,"MN","FOOD AND COMMERCIAL WKRS (UFCW) 1189","Sep 30, 2019",,,"PRIVATE"
"HIGHLAND CHATEAU SUITES, LLC (SERVICE & MAINTENANCE)",2531,"MN","FOOD AND COMMERCIAL WKRS (UFCW) 1189","Sep 30, 2019",,,"PRIVATE"
"HIGHLAND CHATEAU SUITES, LLC. (SERVICE WORKERS)",3972,"MN","FOOD AND COMMERCIAL WKRS (UFCW) 1189 ","Sep 30, 2021",,,"PRIVATE"
"HIGHLINE WA SCHOOL DISTRICT #401 (TEACHERS)",2640,"WA SEATTLE"," (NEA) HEA","Aug 31, 2003","611110","1050","PUBLIC"
"HIGHRISE INDUSTRY (BCA & INDEPENDENTS)",2385,"NY","TEAMSTERS (IBT) 282","Jun 30, 2019",,,"PRIVATE"
"HIGHWAY, HEAVY AND UTILITY DIVISIONS - ICA, INC.",1891,"KY","ENGINEERS, OPERATING, AFL-CIO (IUOE) 181","Mar 31, 2012","23731","4490","PRIVATE"
"HIGHWAY, HEAVY AND UTILITY DIVISIONS - ICA, INC.",1892,"KY","ENGINEERS, OPERATING, AFL-CIO (IUOE) 181","Mar 31, 2018","23731","4490","PRIVATE"
"HIGHWAY, HEAVY AND UTILITY DIVISIONS - ICA, INC.",1893,"KY","ENGINEERS, OPERATING, AFL-CIO (IUOE) 181","Mar 31, 2015","23731","4490","PRIVATE"
"HIGHWAY, RAILROAD AND HEAVY CONSTRUCTION CONTRACTORS (MINNESOTA)",2489,"MN","LABORERS  (LIUNA) 0 MINNESOTA-NORTH DAKOTA","Apr 30, 2020",,,"PRIVATE"
"HIGHWAY, RAILROAD AND HEAVY CONSTRUCTION CONTRACTORS (NORTH DAKOTA)",2491,"ND","LABORERS  (LIUNA) 563","Apr 30, 2020",,,"PRIVATE"
"HILLSBOROUGH COUNTY FL BOARD OF COUNTY COMMISSIONERS (BLUE COLLAR)",2637,"FL TAMPA"," (AFSCME) 167","Sep 30, 2005","921190","1200","PUBLIC"
"HILLSBOROUGH COUNTY FL BOARD OF EDUCATION (ED SUPPORT )",3285,"FL TAMPA"," (NEA) HCTA","Jun 30, 2006","611110","3000","PUBLIC"
"HILLSBOROUGH COUNTY FL BOARD OF EDUCATION(CLASSIFIED-BC)",2926,"FL TAMPA"," (AFT) HSEF 167","Jun 30, 2005","611110","3000","PUBLIC"
"HILTON GARDEN INN PHILDELPHIA CENTER CITY",2558,"PA","UNITE HERE 274","May 31, 2019","721110","79","PRIVATE"
"HILTON MANAGEMENT LLC (ORLANDO BUENA VISTA PALACE)",2455,"FL","UNITE HERE 737","Dec 31, 2019",,,"PRIVATE"
"HILTON MILWAUKEE CITY CENTER/PFISTER HOTEL, THE",4010,"WI","WORKERS UNITED, SEIU (WU) CHICAGO & MIDWEST REGIONAL JOINT.BOARD","Feb 14, 2022",,,"PRIVATE"
"HIRE NELSON CO., INC.",2329,"IL"," (CRCC) ","May 31, 2019",,,"PRIVATE"
"HIRSH INDUSTRIES, INC.",2251,"DE","TEAMSTERS (IBT) 326 GENERAL TEAMSTERS","Jun 23, 2020",,,"PRIVATE"
"HOLMES-WAYNE ELECTRIC COOPERATIVE, INC.",3933,"OH","ELECTRICAL WORKERS IBEW AFL-CIO (IBEW) 2359 ","Oct 16, 2022",,,"PRIVATE"
"HOLT PUBLIC SCHOOLS BOARD OF EDUCATION (CUSTODIAL)",4433,"MI","TEAMSTERS (IBT) 243 ","Jun 30, 2024",,,"PUBLIC"
"HOLY CROSS HIGH SCHOOL",2438,"NJ"," (NACST) 1776","Aug 31, 2016",,,"PRIVATE"
"HOME & ENVIRONMENTS FOR LIVING AND PROGRAMS, INC. DBA ADLOFF",4289,"IL","SERVICE EMPLOYEES (SEIU) 73 ","Aug 31, 2025",,,"PRIVATE"
"HOME BUILDERS ASSOCIATION OF METROPOLITAN PORTLAND",2475,"OR"," (CJA) RC PACIFIC NORTHWEST","Jun 30, 2019",,,"PRIVATE"
"HOME BUILDERS ASSOCIATION. (RESID.)",1610,"MO ST LOUIS"," (UBC) ST LOUIS DC","May 3, 2004","2361","4500","PRIVATE"
"HOME PRODUCTS INTERNATIONAL-NORTH AMERICA, INC.",2523,"IL","PLASTIC WORKERS UNION 18","Jan 25, 2022","326119","120","PRIVATE"
"HONEYWELL FEDERAL MANUFACTURING & TECHNOLOGIES",2,"KS","MACHINISTS AFL-CIO (IAM) 778","Nov 19, 2017","332995","1000","PRIVATE"
"HONEYWELL INTERNATIONAL INC SPECIALTY MATERIALS",153,"VA HOPEWELL","TEAMSTERS (IBT) 101","May 14, 2005","325222","1062","PRIVATE"
"HONEYWELL INTERNATIONAL INC.",308,"CA IN NJ NY","AUTO WORKERS AFL-CIO (UAW) 508/AUTO WORKERS AFL-CIO (UAW) 531/AUTO WORKERS AFL-CIO (UAW) 791/AUTO WORKERS AFL-CIO (UAW) 91","May 7, 2007","3363","1100","PRIVATE"
"HONEYWELL INTERNATIONAL SMART ENERGY",1038,"OH","PERFECTION EMPLOYEES INDEPENDENT UNION ","Mar 31, 2020",,,"PRIVATE"
"HONEYWELL SPARK PLUG PLANT (WAS ALLIED SIGNAL)",364,"OH FOSTORIA","AUTO WORKERS AFL-CIO (UAW) 533","Oct 31, 2006","336322","800","PRIVATE"
"HONEYWELL, FEDERAL MANUFACTURING & TECHNOLOGIES",3,"MO KANSAS CITY","MACHINISTS AFL-CIO (IAM) 778","Oct 9, 2005","332995","1000","PRIVATE"
"HONEYWELL, INC.",380,"MN MINNEAPOLIS","TEAMSTERS (IBT) 1145","Jan 31, 2007","334512","2500","PRIVATE"
"HOOD PACKAGING CORPORATION",4438,"TX","MACHINISTS AFL-CIO (IAM) 2576 /MACHINISTS AFL-CIO (IAM) 776 ","Mar 29, 2027",,,"PRIVATE"
"HOOVER CO. AND INTERNATIONAL BROTHERHOOD OF ELECTRICAL",287,"OH CANTON","ELECTRICAL WORKERS IBEW AFL-CIO (IBEW) 1985","Jun 29, 2008","335212","2000","PRIVATE"
"HORIZON AIR INDUSTRIES, INC.",2295,"WA"," (IBT) ","Dec 15, 2020",,,"PRIVATE"
"HORMEL & CO.",43,"MN AUSTIN","FOOD AND COMMERCIAL WKRS (UFCW) 9","Sep 9, 2007","311611","1350","PRIVATE"
"HORSESHOE HOTEL & CASINO",743,"NV LAS VEGAS","UNITE HERE 226,165","May 31, 2007","72112","1100","PRIVATE"
"HOST INTERNATIONAL, INC.",2343,"NV"," (CWU) 226","May 31, 2021",,,"PRIVATE"
"HOTEL ASSOCIATION. OF WASHINGTON, D.C.",736,"DC WASHINGTON","UNITEHERE 25","Sep 15, 2004","72111","4500","PRIVATE"
"HOTEL ASSOCIATION. OF WASHINGTON, D.C. AND UNITE HERE",737,"DC WASHINGTON","UNITE HERE 25","Sep 15, 2010","72111","4500","PRIVATE"
"HOTEL RESTAURANT EMPLOYERS' COUNCIL OF SO. CA INC.",703,"CA SOUTHERN","UNITE HERE 11","Apr 15, 2004","722110","5000","PRIVATE"
"HOTELS, THE (MULTIEMPLOYER)",738,"CA SAN FRAN","UNITEHERE 2","Aug 14, 2004","72111","6500","PRIVATE"
"HOWARD COUNTY BOARD OF EDUCATION",3486,"MD ELLICOTT CY"," (NEA) HCAA","Jun 30, 2013","611110","1000","PUBLIC"
"HOWARD COUNTY MD BOARD OF EDUCATION",3485,"MD ELLICOTT CY"," (AFSCME) 1899","Jun 30, 2013","611110","1000","PUBLIC"
"HOWARD COUNTY MD BOARD OF EDUCATION",3487,"MD ELLICOTT CY"," (AFSCME) 1899","Jun 30, 2011","611110","1000","PUBLIC"
"HOWARD COUNTY MD BOARD OF EDUCATION (EDUC SUPPORT)",3243,"MD ELLICOTT CY"," (NEA) HCEA","Jun 30, 2005","611110","1000","PUBLIC"
"HOWARD COUNTY MD BOARD OF EDUCATION (EDUC SUPPORT)",3244,"MD ELLICOTT CY"," (NEA) HCEA","Jun 30, 2013","611110","1000","PUBLIC"
"HOWARD COUNTY MD BOARD OF EDUCATION (EDUC SUPPORT)",3245,"MD ELLICOTT CY"," (NEA) HCEA-ESP","Jun 30, 2013","611110","1000","PUBLIC"
"HOWARD COUNTY MD BOARD OF EDUCATION (TEACHERS)",3241,"MD ELLICOTT CY"," (NEA) HCEA","Jun 30, 2005","611110","2800","PUBLIC"
"HOWARD COUNTY MD BOARD OF EDUCATION (TEACHERS)",3242,"MD ELLICOTT CY"," (NEA) HCEA","Jun 30, 2013","611110","1000","PUBLIC"
"HOWMET CORP.",358,"MI","AUTO WORKERS AFL-CIO (UAW) 1243","Jun 1, 2010","336413","1400","PRIVATE"
"HOWMET CORP.",359,"MI WHITEHALL","AUTO WORKERS AFL-CIO (UAW) 1243","Jun 1, 2005","336413","1400","PRIVATE"
"HOWMET CORP.",360,"MI","AUTO WORKERS AFL-CIO (UAW) 1243","Jun 1, 2010","336413","1400","PRIVATE"
"HUNTINGTON INGALL INC. - SHIPBUILDING DIV. - METAL TRADES",338,"PASCAGONOULA, MISSISSIPPI"," (MTD) -","Mar 11, 2015","336611","5000","PRIVATE"
"HUNTINGTON INGALL INC. - SHIPBUILDING DIV. - METAL TRADES",339,"PASCAGONOULA, MISSISSIPPI"," (MTD) -","Mar 11, 2018","336611","5000","PRIVATE"
"HUNTINGTON INGALL INC. - SHIPBUILDING DIVISION",342,"PASCAGONOULA, MISSISSIPPI","ELECTRICAL WORKERS IBEW AFL-CIO (IBEW) 733","Mar 11, 2018","336611","1300","PRIVATE"
"HUNTS POINT TERMINAL MARKET (WAREHOUSEMEN)",1104,"NY","TEAMSTERS (IBT) 202","Jan 17, 2012","493120","1300","PRIVATE"
"HUNTS POINT TERMINAL MARKET (WAREHOUSEMEN)",1105,"NY BRONX","TEAMSTERS (IBT) 202","Jan 15, 2010","493120","1300","PRIVATE"
"HURLEY MEDICAL CENTER (CLERICAL AND TECHNICAL)",2828,"MI FLINT"," (AFSCME) 1603,CNCL 25","Jun 30, 2004","622","1000","PUBLIC"
"HURLEY MEDICAL CENTER (LPNS)",2829,"MI FLINT","STATE COUNTY AND MUNI EMPLS AFL-CIO (AFSCME) 825 HURLEY MEDICAL CENTER LPN","Jun 30, 2004","622","1000","PUBLIC"
"HUSSMANN CORP./ INGERSOLL RAND",256,"MO BRIDGETON","STEELWORKERS, AFL-CIO (USW) 11 9014 S","Dec 23, 2004","333415","1200","PRIVATE"
"HUSSMANN CORP./ INGERSOLL RAND",4057,"MO","STEELWORKERS, AFL-CIO (USW) 11 9014 S ","Dec 22, 2012","333415","1200","PRIVATE"
"HUSSMANN CORPORATION",3901,"CA","TEAMSTERS (IBT) 986 ","Apr 30, 2023",,,"PRIVATE"
"HYATT CORPORATION AS AGENT OF HE SAN ANTONIO I DBA HYATT REGENCY",3983,"TX","UNITE HERE  (UNITHE) 23 AIRPORT CONCESSIONS & INFLIGHT","Dec 31, 2024",,,"PRIVATE"
"HYATT CORPORATION AS AGENT OF HOTEL INVESTMENTS, LLC. DBA GRAND HYATT",3984,"TX","UNITE HERE  (UNITHE) 23 AIRPORT CONCESSIONS & INFLIGHT","Dec 31, 2024",,,"PRIVATE"
"HYDRO CONDUIT CORPORATION DBA RINKER MATERIALS",4011,"OH","STEELWORKERS, AFL-CIO (USW) 01 8565 S ","Feb 10, 2020",,,"PRIVATE"
"HYDRO EXTRUSION NORTH AMERICA, LLC PHONEIX",2414,"AZ","ENGINEERS, OPERATING, AFL-CIO (IUOE) 428","Apr 30, 2021",,,"PRIVATE"
"IBEW 76 FEDERAL CREDIT UNION",4195,"WA","OFFICE AND PROFESSIONAL EMPLS AFL-CIO (OPEIU) 8 ","Dec 31, 2022","813930","3","PRIVATE"
"IBEW LU 191",4662,"WA","ELECTRICAL WORKERS IBEW AFL-CIO (IBEW) 89 ","Apr 30, 2027",,,"PRIVATE"
"IBP INC.",81,"IL JOSLIN","FOOD AND COMMERCIAL WKRS (UFCW) 1540","Mar 5, 2006","311611","1900","PRIVATE"
"IBP INC.",82,"IA WATERLOO","FOOD AND COMMERCIAL WKRS (UFCW) 431","Dec 31, 2006",,,"PRIVATE"
"IBP INC.",1053,"IL JOSLIN","FOOD AND COMMERCIAL WKRS (UFCW) 1540","Mar 5, 2006","311611","1700","PRIVATE"
"IBP, DAKOTA DUNES SOUTH DAKOTA",890,"TX AMARILLO","TEAMSTERS (IBT) 577","Nov 11, 2007","311611","2500","PRIVATE"
"ICA, INC. (HIGHWAY HEAVY UTILITY DIVISION)",915,"IN","ENGINEERS, OPERATING, AFL-CIO (IUOE) 181","Mar 31, 2012","23731","2800","PRIVATE"
"ICCR: INTER FAITH CENTER ON CORPORATE RESPONSIBILITY",1924,"NY"," (UAW) 2110","Sep 30, 2011","813319","2771","PRIVATE"
"ICMC ALLIANCE, LLC.",4115,"VA","SERVICE EMPLOYEES (SEIU) 32 BJ MOTOR VEHICLE INSPECTORS DIVISION","Jul 31, 2027","561720","37","PRIVATE"
"ILLINOIS ASSOCIATION OF HEALTH CARE FACILITIES",785,"IL CHICAGO","SERVICE EMPLOYEES (SEIU) 4","Dec 31, 2007","621492","4600","PRIVATE"
"ILLINOIS ENVIRONMENTAL CONTRACTORS ASSOCIATION (ASBESTOS)",1399,"IL","LABORERS  (LIUNA) 0 CHICAGO/LABORERS  (LIUNA) 225","May 31, 2010","562910","2500","PRIVATE"
"ILLINOIS ENVIRONMENTAL CONTRACTORS ASSOCIATION (ASBESTOS)",1400,"IL NORTHEAST","LABORERS  (LIUNA) 0 CHICAGO/LABORERS  (LIUNA) 225","Jan 1, 1800","562910","2500","PRIVATE"
"ILLINOIS POWER CO.",501,"IL","ELECTRICAL WORKERS IBEW AFL-CIO (IBEW) 51","Jun 30, 2006","221","1125","PRIVATE"
"ILLINOIS ROAD BUILDERS ASSOCIATION (MARBA)",844,"IL CHICAGO","LABORERS  (LIUNA) 0 CHICAGO","May 31, 2006","23731","5900","PRIVATE"
"ILLINOIS STATE, DEPARTMENT OF CENTRAL MANAGEMENT SERVICES (GENERAL UNIT)",2692,"IL SPRINGFIELD"," (AFSCME) ","Jun 30, 2008","921190","42250","PUBLIC"
"ILLINOIS STATE, DEPARTMENT OF CENTRAL MANAGEMENT SERVICES (NURSES)",2744,"IL SPRINGFIELD"," (INA) ","Jun 30, 2008","622","1350","PUBLIC"
"ILLINOIS STATE, DEPARTMENTS OF CENTRAL MANAGEMENT SERVICES, CORRECTIONS, HUMAN SERVICES, STATE POLICE, VETERANS' AFFAIRS, NATURAL RESOURCES, AND TRANSPORTATION",2736,"IL SPRINGFIELD","TEAMSTERS (IBT) 726","Jun 30, 2008","488490","2900","PUBLIC"
"ILLINOIS, STATE OF - DEPARTMENT OF CENTRAL MANAGEMENT SERVICES AND NATURAL RESOURCES (PUBLIC SERVICE ADMINISTRATOR)",4305,"IL","SERVICE EMPLOYEES (SEIU) 73 ","Jun 30, 2023",,,"PUBLIC"
"ILLINOIS, STATE OF (SECRETARY OF STATE OFFICE)",4293,"IL","SERVICE EMPLOYEES (SEIU) 73 ","Jun 30, 2023",,,"PUBLIC"
"ILLINOIS, UNIVERSITY OF (CHAMPAIGN-URBANA-CLERICAL & ADMIN)",3346,"IL CHAMPAIGN"," (AFSCME) 3700","Aug 25, 2007","611310","2000","PUBLIC"
"ILLINOIS, UNIVERSITY OF (CLERICAL NON ACADEMIC)",3333,"IL CHICAGO","SERVICE EMPLOYEES (SEIU) 73","Aug 31, 2006","611310","950","PUBLIC"
"ILLINOIS, UNIVERSITY OF, THE BOARD OF TRUSTEES",3530,"ILLINOIS","LABORERS  (LIUNA) 703","Aug 26, 2017","923110",,"PUBLIC"
"ILLINOIS, UNIVERSITY OF, THE BOARD OF TRUSTEES (NON ACADEMIC EMPLOYEES)",3223,"IL","SERVICE EMPLOYEES (SEIU) 73","Oct 1, 2005","922120","7850","PUBLIC"
"IMAGEWORKS MANUFACTURING, INC.",2539,"IL","CHEMICAL PRODUCTION 30","Mar 31, 2022","323111","10","PRIVATE"
"INDEPENDENCE, CITY OF (MAINTENANCE / CLERICAL)",4482,"MO","ELECTRICAL WORKERS IBEW AFL-CIO (IBEW) 53 ","Jun 30, 2027",,,"PUBLIC"
"INDEPENDENT (GENERAL BLDG)",1250,"NY ERIE CO PERRYSBURG, GOWANDA","LABORERS  (LIUNA) 210","Jun 30, 2007","23731","1800","PRIVATE"
"INDEPENDENT (HVY-HWY)",1246,"NY","LABORERS  (LIUNA) 210","Mar 31, 2013","23731","1800","PRIVATE"
"INDEPENDENT (HVY-HWY)",1247,"NY ERIE CO.","LABORERS  (LIUNA) 210","Mar 31, 2005","23731","1800","PRIVATE"
"INDEPENDENT BUILDING AGREEMENT (WAS BCA)",1364,"NY ROCK-WSTC-PN"," (UBC) RC, 11,964","Apr 30, 2004","23622","3200","PRIVATE"
"INDEPENDENT BUILDING CONTRACTORS",2055,"KY","PLASTERERS AND CEMENT MASONS AFL-CIO (OPCM) 692","May 31, 2015","238140","1730","PRIVATE"
"INDEPENDENT CONTRACTOR",1137,"NY NEW YORK","IRON WORKERS AFL-CIO (BSOIW) 46 METALLIC LATHERS' UNION","Jun 30, 2005","23819","1200","PRIVATE"
"INDEPENDENT CONTRACTORS",1199,"MD DC VA","ENGINEERS, OPERATING, AFL-CIO (IUOE) 77","Apr 30, 2005","23622","1250","PRIVATE"
"INDEPENDENT CONTRACTORS",1849,"IN","PLASTERERS AND CEMENT MASONS AFL-CIO (OPCM) 692","Mar 31, 2017","238140","1730","PRIVATE"
"INDEPENDENT CONTRACTORS",1883,"IN","PLASTERERS AND CEMENT MASONS AFL-CIO (OPCM) 692","Mar 31, 2017","238140","1730","PRIVATE"
"INDEPENDENT CONTRACTORS",1884,"KY, IN","PLASTERERS AND CEMENT MASONS AFL-CIO (OPCM) 692","May 31, 2010","238140","1730","PRIVATE"
"INDEPENDENT CONTRACTORS",1898,"NY","CARPENTERS IND (CJA) 85","Mar 31, 2013","23731","1057","PRIVATE"
"INDEPENDENT CONTRACTORS - AREA 694 - LOUISVILLE",2054,"KY","PLASTERERS AND CEMENT MASONS AFL-CIO (OPCM) 692","May 31, 2020","238140","1730","PRIVATE"
"INDEPENDENT CONTRACTORS LATHING AND PLASTERING",1850,"IN"," (-) -","Mar 31, 2017",,,"PRIVATE"
"INDEPENDENT CONTRACTORS OF 23 COUNTIES IN WESTERN NY",997,"NY LOCKPORT","CARPENTERS IND (CJA) 23","Jun 30, 2004","2361","3800","PRIVATE"
"INDEPENDENT GENERAL CONTRACTORS OF SO FL",1175,"FL SOUTH"," (CJA) SO. FL RC","Mar 31, 2006","23622","3500","PRIVATE"
"INDEPENDENT HEAVY & HIGHWAY AGREEMENT",994,"NY ROCHESTER","CARPENTERS IND (CJA) 85","Mar 31, 2010","23731","1300","PRIVATE"
"INDEPENDENT HEAVY & HIGHWAY AGREEMENT",995,"NY ROCHESTER","CARPENTERS IND (CJA) 85","Mar 31, 2006","23731","1300","PRIVATE"
"INDEPENDENT HEAVY, HIGHWAY, UTILITY AND/OR RAILROAD CONSTRUCTION",2384,"PA","LABORERS  (LIUNA) 158","Apr 30, 2020",,,"PRIVATE"
"INDEPENDENT HIGHWAY, RAILROAD & HEAVY CEMENT MASON CONTRACTORS ( METRO AREA AGREEMENT)",1085,"MN, ND, WI","PLASTERERS AND CEMENT MASONS AFL-CIO (OPCM) 633","Apr 30, 2008",,,"PRIVATE"
"INDEPENDENT PLASTERING CONTRACTORS (ROCHESTER AREA)",1909,"NY ROCHESTER","PLASTERERS AND CEMENT MASONS AFL-CIO (OPCM) 633","May 31, 2013","238140","1376","PRIVATE"
"INDEPENDENT PRODUCERS (BASIC TV FILM AGREEMENT)",778,"NATIONAL"," (AFM) -","Feb 15, 2005","238140",,"PRIVATE"
"INDEPENDENT PRODUCERS (BASIC TV FILM AGREEMENT)",846,"NATIONAL"," (AFM) -","Feb 15, 2005","238140",,"PRIVATE"
"INDEPENDENT SCHOOL DISTRICT 196",3143,"ROSEMONT, MN"," (AFM) ","Jun 30, 2005",,,"PUBLIC"
"INDEPENDENT SCHOOL DISTRICT 535, SCHOOL BOARD OF",2883,"MN"," (NEA, AFT) ","Jun 30, 2005",,,"PUBLIC"
"INDEPENDENT TUNNEL AGREEMENT",996,"NY ROCHESTER"," (UBC) 85","Mar 31, 2006","23731","1300","PRIVATE"
"INDEPENDENTS (ROAD & HVY CONSTRUCTION)",979,"NY NASS & SUFF","LABORERS  (LIUNA) 1298","May 31, 2007","23731","1800","PRIVATE"
"INDIANA BUILDING DIVISION ICA, INC.",920,"IN TERRE HAUTE","ENGINEERS, OPERATING, AFL-CIO (IUOE) 841","Mar 31, 2011","23731","1000","PRIVATE"
"INDIANA BUILDING SEWER WATERLINE AND UTILITY",1895,"IN"," (-) -","Jan 1, 1800","23731","1000","PRIVATE"
"INDIANA CONSTRUCTORS INC (HVY-HWY)",1670,"IN","LABORERS  (LIUNA) 57 INDIANA","Mar 31, 2009","23731","10000","PRIVATE"
"INDIANA CONSTRUCTORS INC (HWY-HVY-RR)",914,"IN","ENGINEERS, OPERATING, AFL-CIO (IUOE) 181","Mar 31, 2009","23731","2800","PRIVATE"
"INDIANA CONVENTION CENTER/LUCAS OIL STADIUM",4356,"IN","TEAMSTERS (IBT) 135 ","Dec 31, 2026",,,"PRIVATE"
"INDIANA STATE (UNITS 1-3 AND 10)",3408,"IN"," (UAW/AFT) LOCAL 9212","Jun 30, 2007","921190","15400","PUBLIC"
"INDIANA UNIVERSITY (SERVICE, MAINT & FOOD SVC)",2837,"IN BLOOMINGTON"," (AFSCME) 832","Jun 30, 2006","611310","1300","PUBLIC"
"INDIANA UNIVERSITY (SUPPORT STAFF)",2838,"IN BLOOMINGTON"," (CWA) 4730","Jun 30, 2004","611310","1600","PUBLIC"
"INDIANAPOLIS BD OF SCHOOLS COMM (OPERATIONS)",2987,"IN INDIANAPOLIS"," (AFSCME) 661","Dec 31, 2005","611110","1000","PUBLIC"
"INDIANAPOLIS BD OF SCHOOLS COMM (TEACHERS)",3159,"IN INDIANAPOLIS"," (NEA) IEA","Aug 31, 2005","611110","3100","PUBLIC"
"INDIANAPOLIS PLANT CARRIER CORPORATION",253,"IN","STEELWORKERS, AFL-CIO (USW) 07 1999 S","May 2, 2011","333415","1100","PRIVATE"
"INDIANAPOLIS PLANT CARRIER CORPORATION (UNITED TECHNOLOGIES)",252,"IN INDIANAPOLIS","STEELWORKERS, AFL-CIO (USW) 07 1999 S","May 1, 2005","333415","1100","PRIVATE"
"INDIANAPOLIS, CITY OF (POLICE)",2973,"IN INDIANAPOLIS"," (FOP-I) 86","Dec 31, 2005","922120","1532","PUBLIC"
"INDUSTRIAL AND ENVIRONMENTAL CLEANING SERVICES (HOERR CONSTRUCTION, INC.)",1124,"IL","GREAT PLAINS LABORERS DISTRICT COUNCIL ","Dec 31, 2022",,,"PRIVATE"
"INDUSTRIAL AND ENVIRONMENTAL CLEANING SERVICES (HUNTER HYDRO-VAC, INC.)",1123,"IL","TEAMSTERS (IBT) 627","Dec 31, 2022","562998","6","PRIVATE"
"INDUSTRIAL CNTRCRS & BLDRS ASSOCIATION & CALUMET BLDRS ASSOCIATION",1571,"IN","LABORERS  (LIUNA) 41/LABORERS  (LIUNA) 81","May 31, 2005","23621","1400","PRIVATE"
"INDUSTRIAL EMPLOYERS & DISTRIBUTORS ASSOCIATION",543,"CA","LONGSHORE AND WAREHOUSE UNION (ILWU) 17/LONGSHORE AND WAREHOUSE UNION (ILWU) 6","May 31, 2010","424480","1100","PRIVATE"
"INDUSTRIAL EMPLOYERS & DISTRIBUTORS ASSOCIATION",544,"CA NORTHERN","LONGSHORE AND WAREHOUSE UNION (ILWU) 17/LONGSHORE AND WAREHOUSE UNION (ILWU) 6","May 31, 2007","424480","1100","PRIVATE"
"INDUSTRIAL FIRST, INC.",1121,"OH","TEAMSTERS (IBT) 436","Dec 31, 2023",,,"PRIVATE"
"INDUSTRIAL RUBBER APPLICATORS, INC.",3899,"MN","STEELWORKERS, AFL-CIO (USW) /STEELWORKERS, AFL-CIO (USW) 3 M ","Apr 30, 2023",,,"PRIVATE"
"INLAND NORTHWEST AGC",2469,"WA"," (CJA) RC PACIFIC NORTHWEST","May 31, 2019",,,"PRIVATE"
"INSTITUTE FOR PUBLIC AFFAIRS",2183,"DC"," (WBNG) 32035","Sep 13, 2017",,,"PRIVATE"
"INSTITUTE OF SENIOR LIVING OF FLORIDA DBA REGENTS PARK OF WINTER PARK/REGENTS PARK OF WINTER PARK",3882,"FL","FOOD AND COMMERCIAL WKRS (UFCW) 1625 ","Jun 30, 2023",,,"PRIVATE"
"INSULATION CONTRACTORS ASSOCIATION OF NEW ENGLAND",4546,"MA","INSULATORS AFL-CIO (HFIA) 6 ","May 31, 2027",,"568","PRIVATE"
"INSULATION CONTRACTORS ASSOCIATION OF NEW ENGLAND",4441,"MA","INSULATORS AFL-CIO (HFIA) 6 ","Aug 31, 2027",,,"PRIVATE"
"INSULATION CONTRACTORS ASSOCIATION OF NORTHERN WISCONSIN",1496,"WI","INSULATORS AFL-CIO (HFIA) 127 ","May 31, 2020",,,"PRIVATE"
"INTEGRATED DEFENSE SYSTEMS & BOEING COMMERCIAL AIRPLANE",318,"CA"," (IAM) -","Oct 23, 2005","23819",,"PRIVATE"
"INTEGRATED POWER SERVICES PORTLAND, OREGON SERVICE CENTER",2357,"OR"," (MTD) PORTLAND AND VICINITY","Sep 30, 2017",,,"PRIVATE"
"INTER-CON SECURITY SYSTEM, INC.",2063,"WA","GOVERNMENT SECURITY OFFICERS, IND (UGSOA) 355","Jan 31, 2018","561612","1000","PRIVATE"
"INTERIOR FINISH CONTRACTORS ASSOCIATION OF DELAWARE VALLEY",926,"PA EASTERN"," (CJA) METRO RC PHILADELPHIA","Apr 30, 2009","23835","4000","PRIVATE"
"INTERNAL REVENUE SERVICE",3561,"DC"," (NTEU) ","Oct 1, 2019",,,"PUBLIC"
"INTERNAL REVENUE SERVICE",3562,"DC"," (NTEU) ","Oct 1, 2021",,,"PUBLIC"
"INTERNATIONAL AUTOMOTIVE COMPONENTS",1956,"OH HURON","AUTO WORKERS AFL-CIO (UAW) 913","Jan 30, 2013","813319","1000","PRIVATE"
"INTERNATIONAL BROTHERHOOD OF BOILERMAKERS LOCAL LODGE 13",892,"PA","OFFICE AND PROFESSIONAL EMPLS AFL-CIO (OPEIU) 32","Jun 30, 2021",,,"PRIVATE"
"INTERNATIONAL BROTHERHOOD OF BOILERMAKERS LOCAL LODGE 13",4652,"PA","OFFICE AND PROFESSIONAL EMPLS AFL-CIO (OPEIU) 32 ","Jun 30, 2027",,,"PRIVATE"
"INTERNATIONAL BROTHERHOOD OF ELECTRICAL WORKERS (IBEW LU 357)",2534,"NV","OFFICE AND PROFESSIONAL EMPLS AFL-CIO (OPEIU) 537","Mar 31, 2023",,,"PRIVATE"
"INTERNATIONAL BROTHERHOOD OF ELECTRICAL WORKERS (IBEW) LOCAL 2032",4660,"NY","STEELWORKERS, AFL-CIO (USW) 4 420 A ","Feb 28, 2021",,,"PRIVATE"
"INTERNATIONAL BROTHERHOOD OF ELECTRICAL WORKERS (IBEW) LOCAL 441",4614,"CA","OFFICE AND PROFESSIONAL EMPLS AFL-CIO (OPEIU) 537 ","Oct 31, 2029",,,"PRIVATE"
"INTERNATIONAL BROTHERHOOD OF ELECTRICAL WORKERS JOINT APPRENTICESHIP & TRAINING LOCAL 313",830,"DE","OFFICE AND PROFESSIONAL EMPLS AFL-CIO (OPEIU) 32","Dec 31, 2022",,,"PRIVATE"
"INTERNATIONAL BROTHERHOOD OF ELECTRICAL WORKERS LOCAL 313",831,"DE","OFFICE AND PROFESSIONAL EMPLS AFL-CIO (OPEIU) 32","Dec 31, 2020",,,"PRIVATE"
"INTERNATIONAL BROTHERHOOD OF ELECTRICAL WORKERS LOCAL 98",828,"PA","OFFICE AND PROFESSIONAL EMPLS AFL-CIO (OPEIU) 32","May 31, 2021",,,"PRIVATE"
"INTERNATIONAL PAPER (MOA)",889,"ME BUCKSPORT","ELECTRICAL WORKERS IBEW AFL-CIO (IBEW) 1777/MACHINISTS AFL-CIO (IAM) 1821/STEELWORKERS, AFL-CIO (USW) 04 261","Jul 31, 2007","322121","1000","PRIVATE"
"INTERNATIONAL PAPER (WAS CHAMPION INTERNATIONAL CORP.)",139,"AL COURTLAND","PACE, AFL-CIO (PACE) 05 161","Jun 14, 2008","322121","1100","PRIVATE"
"INTERNATIONAL PAPER CO.",114,"AR PINE BLUFF","ELECTRICAL WORKERS IBEW AFL-CIO (IBEW) 2033","Aug 31, 2004","322121","1100","PRIVATE"
"INTERNATIONAL PAPER CO.",115,"SC MS AL TX LA GA NY FL VA NC"," (USW) -","Sep 30, 2014","322121","1100","PRIVATE"
"INTERNATIONAL PAPER COMPANY (RIEGELWOOD MILL)",138,"NC"," (PACE) 2-738","Sep 9, 2006",,,"PRIVATE"
"INTERNATIONAL PAPER COMPANY (RIVERDALE MILL)",4350,"AL","STEELWORKERS, AFL-CIO (USW) 09 1441 /STEELWORKERS, AFL-CIO (USW) 09 1444 ","Nov 5, 2027","322120","514","PRIVATE"
"INTERURBAN TRANSIT PARTNERSHIP",2513,"MI"," (ATU) 836","Dec 10, 2020",,,"PRIVATE"
"IOWA FEDERATION OF LABOR, AFL-CIO",4012,"IA","COMMUNICATIONS WORKERS AFL-CIO (CWA) ","Dec 31, 2021",,"1","PRIVATE"
"IOWA STATE (GENERAL UNIT)",2794,"IA","STATE COUNTY AND MUNI EMPLS AFL-CIO (AFSCME) 61","Jun 30, 2007","921190","20400","PUBLIC"
"IOWA STATE (PROFESS SOC SVCS & SCIENCE)",30,"IA"," (UE) IUP 893","Jun 30, 2007","624","2200","PRIVATE"
"IOWA STATE BOARD OF REGENTS (HEALTH CARE)",2889,"IA","SERVICE EMPLOYEES (SEIU) 199 SEIU LOCAL 199","Jun 30, 2007","611310","1938","PUBLIC"
"IRON WORKER EMPLOYEE COUNCIL",1384,"CA & NV","ELECTRICAL WORKERS IBEW AFL-CIO (IBEW) 229","Jun 30, 2017","23819",,"PRIVATE"
"IRON WORKER EMPLOYERS, CA & A PORTION OF NV",106,"CA & NV"," (BSOIW) -","Jun 30, 2007","23819",,"PRIVATE"
"IRON WORKER EMPLOYERS, CA & A PORTION OF NV",107,"CA, NV","IRON WORKERS AFL-CIO (BSOIW) 416/IRON WORKERS AFL-CIO (BSOIW) 433","Jun 30, 2007",,,"PRIVATE"
"IRONWORKER EMPLOYERS ASSOCIATION OF WESTERN PA",1385,"PA PITTSBURGH","IRON WORKERS AFL-CIO (BSOIW) 3","May 31, 2006","23819","1400","PRIVATE"
"IRVINE UNIFIED SCHOOL DISTRICT (TEACHERS)",2698,"CA IRVINE"," (AFT) ITA","Jun 30, 2007","611110","1000","PUBLIC"
"ISSAQUAH,  CITY OF  (LAW ENFORCEMENT OFFICERS)",3941,"WA","ISSAQUAH POLICE OFFICERS ASSOCIATION ","Dec 31, 2024",,,"PUBLIC"
"ISSAQUAH, CITY OF",3770,"WA","ISSAQUAH POLICE SUPPORT SERVICES ASSOCIATION ","Dec 30, 2020",,,"PUBLIC"
"ISSAQUAH, CITY OF (ADMINISTRATIVE)",3775,"WA","ISSAQUAH ADMINISTRATIVE STAFF ASSOCIATION (AFSCME) ","Dec 31, 2022",,,"PUBLIC"
"ISSAQUAH, CITY OF (CLERICAL)",3939,"WA","PUBLIC, PROFESSIONAL, & OFFICE-CLERICAL EMPLOYEES AND DRIVERS 763/TEAMSTERS (IBT) 763 ","Dec 31, 2022",,,"PUBLIC"
"ISSAQUAH, CITY OF (COMMANDERS)",3940,"WA","TEAMSTERS (IBT) 117 ","Dec 31, 2022",,,"PUBLIC"
"ISSAQUAH, CITY OF (POLICE SERGEANTS)",4771,"WA","TEAMSTERS (IBT) 117 ","Dec 31, 2022",,,"PUBLIC"
"ITHACA HEALTH ALLIANCE, INC.",2272,"NY"," (SEIU) ROCHESTER REGION","Mar 1, 2018",,,"PRIVATE"
"IUOE BUILDING AGREEMENT, INDIANA JURISDICTION",918,"IN TERRE HAUTE","ENGINEERS, OPERATING, AFL-CIO (IUOE) 841","Apr 1, 2009","23622","1000","PRIVATE"
"IUOE INDEPENDENT 2002 (HVY)",1469,"NJ, SE NY","ENGINEERS, OPERATING, AFL-CIO (IUOE) 825","Jun 30, 2005","23731","6325","PRIVATE"
"IUOE MASTER AGREEMENT (BLDG-HVY-HWY-ENGRG)",1514,"CO DENVER","ENGINEERS, OPERATING, AFL-CIO (IUOE) 9","Apr 30, 2004","23731","1000","PRIVATE"
"J & J WORLDWIDE SERVICES",1969,"TEXAS","ENGINEERS, OPERATING, AFL-CIO (IUOE) 351","Oct 31, 2013",,,"PRIVATE"
"J & J WORLDWIDE SERVICES - WILLIAM BEAUMONT ARMY MEDICAL CENTER",1968,"TX AUSTIN","ENGINEERS, OPERATING, AFL-CIO (IUOE) 351","Sep 30, 2014","23731","2452","PRIVATE"
"J.D. STREETT AND COMPANY, INC. (PARK PLANT)",2566,"MO","AUTOMOTIVE, PETROLEUM, ALLIED INDUSTRIES, AND AIRLINE EMP. 618","Jun 30, 2022","325998","6","PRIVATE"
"J.D. STREETT AND COMPANY, INC. (RIVERPLANT)",2565,"MO","AUTOMOTIVE, PETROLEUM, ALLIED INDUSTRIES, AND AIRLINE EMP. 618","Jun 30, 2022","324191","7","PRIVATE"
"J.N. EXHIBIT CONST. INC.",2402,"IL"," (CJA) RC CHICAGO","May 31, 2020",,,"PRIVATE"
"J.R. SIMPLOT CO.",76,"ID CALDWELL","TEAMSTERS (IBT) 670","Apr 30, 2007","311211","1400","PRIVATE"
"J.R. SIMPLOT COMPANY",4408,"OR","TEAMSTERS (IBT) 670","Jun 30, 2024",,"460","PRIVATE"
"JACKSON GEAR COMPANY",2071,"PA","COMMUNICATIONS WORKERS AFL-CIO (CWA) 88643","Jan 15, 2016","23821",,"PRIVATE"
"JACKSON HEALTH SYSTEM (MIAMI-DADE COUNTY PUBLIC HEALTH TRUST)",4712,"FL","AMERICAN FEDERATION OF STATE, COUNTY AND MUNICIPAL EMPLOYEES (AFSCME) 1363","Sep 30, 2023",,,"PUBLIC"
"JACKSON HEALTH SYSTEM (MIAMI-DADE COUNTY PUBLIC HEALTH TRUST) - HOUSESAFF / RESIDENTS",4716,"FL","COMMITTEE OF INTERNS AND RESIDENTS (CIR) ","Sep 30, 2023",,,"PUBLIC"
"JACKSONVILLE BEACH, THE CITY OF (FIRE DEPARTMENT)",2876,"FL JACKSONVILLE"," (IAFF) 122","Sep 30, 2005","922160","1000","PUBLIC"
"JACKSONVILLE BEACH, THE CITY OF (PUBLIC EMPLOYEES)",3554,"FL JACKSONVILLE BEACH","LABORERS  (LIUNA) 630","Sep 30, 2016","922120",,"PUBLIC"
"JACKSONVILLE, THE CITY OF (MUNICIPAL UNIT)",2870,"FL JACKSONVILLE","STATE COUNTY AND MUNI EMPLS AFL-CIO (AFSCME) 79 FLORIDA PUBLIC EMPLOYEES","Sep 30, 2007","921190","2000","PUBLIC"
"JACKSONVILLE, THE CITY OF (POLICE OFFICERS)",2867,"FL JACKSONVILLE"," (FOP-I) 30-MAY","Sep 30, 2005","922120","1300","PUBLIC"
"JACOBS TECHNOLOGY INC.- ATOM GROUP AND SIERRA LOBO, INC. (NASA AMES OPERATIONS)",3911,"CA","ELECTRICAL WORKERS IBEW AFL-CIO (IBEW) 1245 /ENGINEERS, OPERATING, AFL-CIO (IUOE) 3 /MACHINISTS AFL-CIO (IAM) 1414 ","Aug 31, 2023",,,"PRIVATE"
"JAMAICA HOSPITAL MEDICAL CENTER",884,"NY"," (CIR/SEIU) ","Dec 31, 2019",,,"PRIVATE"
"JAMES F. KEMP, INC",2147,"PA","STEELWORKERS, AFL-CIO (USW) 10 5852 S","May 11, 2008","238220",,"PRIVATE"
"JANUS YOUTH PROGRAM",3776,"OR","STATE COUNTY AND MUNI EMPLS AFL-CIO (AFSCME) 75 OREGON","Oct 30, 2021","523991",,"PRIVATE"
"JANUS YOUTH PROGRAM (STREET / PORCH LIGHTS)",3778,"OR","STATE COUNTY AND MUNI EMPLS AFL-CIO (AFSCME) 75 OREGON","Sep 30, 2022",,,"PRIVATE"
"JBS",85,"KY","FOOD AND COMMERCIAL WKRS (UFCW) 227","Jun 30, 2014","311611","1100","PRIVATE"
"JBS",2015,"CO GREELEY","FOOD AND COMMERCIAL WKRS (UFCW) 7 R","Sep 29, 2013","445110","2000","PRIVATE"
"JBS",2016,"CO GREELEY","FOOD AND COMMERCIAL WKRS (UFCW) 7 R","Sep 29, 2013","445110","2000","PRIVATE"
"JEFFERSON COUNTY PUBLIC HOSPITAL DISTRICT 2 DBA JEFFERSON HEALTHCARE (RN UNIT)",4751,"WA","FOOD AND COMMERCIAL WKRS (UFCW) 3000 ","Oct 31, 2024",,,"PUBLIC"
"JEFFERSON COUNTY, PUBLIC SCHOOLS DISTRICT, BOARD OF EDUCATION (TEACHERS)",3273,"KY LOUISVILLE"," (NEA) JCAESP","Jun 30, 2004","611110","2500","PUBLIC"
"JEFFERSON COUNTY, PUBLIC SCHOOLS DISTRICT,BOARD OF EDUCATION (TEACHERS)",3255,"KY LOUISVILLE"," (NEA) ","Sep 1, 2004","611110","5800","PUBLIC"
"JEFFERSON COUNTY, SCHOOL DISTRICT (CLASSIFIED SCHOOL EMPLOYEES)",3407,"CO JEFF COUNTY"," (CSEA) ","Dec 31, 2004","611110","4000","PUBLIC"
"JEFFERSON COUNTY, SCHOOL DISTRICT R-1 (BOARD OF EDUCATION)",3208,"CO JEFF COUNTY"," (NEA/JCEA) ","Aug 31, 2007","611110","5000","PUBLIC"
"JEFFERSON COUNTY, SCHOOL DISTRICT R-1 (BOARD OF EDUCATION)",3209,"CO JEFF COUNTY"," (NEA/JCEA) ","Aug 31, 2015","611110","5000","PUBLIC"
"JEFFERSON COUNTY, SCHOOL DISTRICT R-1 (PARAPROFESSIONAL)",3200,"CO JEFF COUNTY"," (JCAP (I)) ","Aug 31, 2008","611110","1500","PUBLIC"
"JEFFERSON COUNTY, THE FISCAL COURT OF",2890,"KY JEFFERSON CT"," (AFSCME) 2629","Jun 30, 2006","921190","1000","PUBLIC"
"JEFFERSON PARISH, BOARD OF EDUCATION (TEACHERS)",3347,"LA HARVEY"," (AFT) JFT 1559","Jun 30, 2004","611110","3700","PUBLIC"
"JEFFERSON SMURFIT CORP.",125,"OH PA IN NY OK","UPIU/PACE 68,69,285,375,5","Jun 19, 2009","322211","1300","PRIVATE"
"JERUSALEM, TOWN OF",3951,"NY","TEAMSTERS (IBT) 118 ","Dec 31, 2024",,,"PUBLIC"
"JEWEL FOOD STORES (MEAT, DELI, AND SEAFOOD)",617,"IL CHICAGO","FOOD AND COMMERCIAL WKRS (UFCW) 1546","Mar 2, 2009","445110","4100","PRIVATE"
"JEWEL FOOD STORES N. IL & LAKE & PORTER CNTY IN",618,"IL IN","FOOD AND COMMERCIAL WKRS (UFCW) 881","Jan 24, 2010","445110","21000","PRIVATE"
"JEWEL FOOD STORES N. IL & LAKE & PORTER CNTY IN",619,"IL IN","FOOD AND COMMERCIAL WKRS (UFCW) 881","Oct 2, 2005","445110","21000","PRIVATE"
"JEWEL FOOD STORES, INC.",2218,"IL","FOOD AND COMMERCIAL WKRS (UFCW) 1546","Aug 25, 2018",,,"PRIVATE"
"JEWISH CURRENTS",4832,"NY","WRITERS GUILD EAST AFL-CIO (WGAE) ","Mar 15, 2028",,,"PRIVATE"
"JIM THORPE BOROUGH",4205,"PA","TEAMSTERS (IBT) 773 ","Dec 31, 2024","921120","10","PUBLIC"
"JOBS WITH JUSTICE EDUCATION FUND",2193,"DC"," (WBNG) -","Dec 31, 2016",,,"PRIVATE"
"JOHN BOOS AND COMPANY",4407,"IL","CARPENTERS IND (CJA) 243 /MID-AMERICA CARPENTERS REGIONAL COUNCIL ","Apr 30, 2028","321999","175","PRIVATE"
"JOHN DUFFY FUEL COMPANY",2571,"NJ","TEAMSTERS (IBT) 560","May 31, 2022","454310","2","PRIVATE"
"JOHN F. KENNEDY CENTER FOR THE PERFORMING ARTS",2284,"DC","STAGE AND PICTURE OPERATORS AFL-CIO (IATSE) 868 B","Oct 12, 2020",,,"PRIVATE"
"JOHN MORRELL & CO.",50,"SD SIOUX FALLS","FOOD AND COMMERCIAL WKRS (UFCW) 304 A","Apr 27, 2007","311611","2800","PRIVATE"
"JOHNS HOPKINS BAYVIEW MEDICAL CENTER, INC.",4749,"MD","STATE COUNTY AND MUNI EMPLS AFL-CIO (AFSCME) 3 MARYLAND STATE & UNIVERSITY EMPLOYEES/STATE COUNTY AND MUNI EMPLS AFL-CIO (AFSCME) 3374 JOHN'S HOPKINS BAY VIEW  MEDICAL CT","Oct 31, 2026",,,"PRIVATE"
"JOHNS HOPKINS HOSPITAL (SERV & MAINT)",849,"MD BALTIMORE","SERVICE EMPLOYEES (SEIU) 1199 DISTRICT 1199E-DC","Dec 1, 2006","62211","1600","PRIVATE"
"JOHNSON AND TOWERS, INC.",848,"NJ","OFFICE AND PROFESSIONAL EMPLS AFL-CIO (OPEIU) 32","Apr 11, 2022",,,"PRIVATE"
"JOHNSON CONTROLS (NOW KSL)",1474,"NM","PLUMBERS AFL-CIO (PPF) 412","Sep 30, 2005","238220","1500","PRIVATE"
"JOHNSON CONTROLS, INC.",1475,"IL, NM, OH, MI, WI"," (CWA) -","Feb 6, 2012","334210","1000","PRIVATE"
"JOINERS OF AMERICA",2037,"IA","CARPENTERS IND (CJA) 106","Apr 30, 2014","23731","1076","PRIVATE"
"JOINT AREA CARTAGE AGMT (MCLAC)",395,"IL CHICAGO","TEAMSTERS (IBT) 705","Mar 31, 2008","484121","1000","PRIVATE"
"JOINT AREA CARTAGE AGMT (TMI, RCI, & ITLRA)",394,"IL CHICAGO","TEAMSTERS (IBT) 705","Mar 31, 2008","484121","1000","PRIVATE"
"JOLIET TOWNSHIP HIGH SCHOOL (DISTRICT 204)",4065,"IL","SERVICE EMPLOYEES (SEIU) 1 ","Jun 30, 2027",,,"PUBLIC"
"JONES LANG LASALLE",3858,"IL","ENGINEERS, OPERATING, AFL-CIO (IUOE) 399 ","Jun 30, 2026",,,"PRIVATE"
"JORDAN SCHOOL DISTRICT (CLASSIFIED EMPLOYEES)",3338,"UT SANDY"," (JCEA-I) ","Jun 30, 2004","611110","1650","PUBLIC"
"JORDAN SCHOOL DISTRICT (CLASSIFIED EMPLOYEES)",3339,"UT SANDY"," (JCEA-I) ","Jun 30, 2010","611110","1650","PUBLIC"
"JORDAN SCHOOL DISTRICT (TEACHERS)",2803,"UT SANDY"," (NEA/JEA) ","Jun 30, 2005","611110","3500","PUBLIC"
"JORDAN-ELBRIDGE CENTRAL SCHOOL DISTRICT (JECSD)",4031,"NY","SERVICE EMPLOYEES (SEIU) 200 UNITED","Jun 30, 2019","611110","49","PUBLIC"
"JOSEPH T. RYERSON & SON, INC. (COON RAPIDS, MN BRANCH WAREHOUSE)",4102,"MN","TEAMSTERS (IBT) 120 ","May 31, 2026",,,"PRIVATE"
"JOSEPH T. RYERSON & SON, INC. (LIVERMORE BRANCH WAREHOUSE)",4100,"CA","TEAMSTERS (IBT) 70 LOCAL 70","Apr 30, 2026",,,"PRIVATE"
"JOSEPH T. RYERSON & SON, INC. (SPOKANE BRANCH WAREHOUSE)",4101,"WA","TEAMSTERS (IBT) 690 ","Apr 30, 2026",,,"PRIVATE"
"JPATS LOGISTICS SERVICES, LLC (JLS)",2554,"FL","MACHINISTS AFL-CIO (IAM) 2777","May 15, 2022",,,"PRIVATE"
"JURISDICTIONAL OPERATORS OF PARKING FACILITIES",752,"CA SAN FRAN","TEAMSTERS (IBT) 665","Nov 30, 2008","81293","1200","PRIVATE"
"JUSTICE, VILLAGE OF (PUBLIC WORKS)",4298,"IL","SERVICE EMPLOYEES (SEIU) 73 ","Aug 31, 2025",,,"PUBLIC"
"JV VENTURES DBA AUNTIE ANNE'S PRETZELS",2345,"NV"," (CWU) 226","May 31, 2021",,,"PRIVATE"
"KAISER FOUNDATION HOSPITAL & HEALTH PLAN INC.",891,"HI HONOLULU","UNITE HERE 5","Jun 30, 2009","62211","1300","PRIVATE"
"KAISER FOUNDATION HOSPITALS & HEALTH PLAN OF NW",879,"OR WA","SERVICE EMPLOYEES (SEIU) 49","Sep 30, 2006","62211","2300","PRIVATE"
"KAISER FOUNDATION HOSPITALS SO. CA",2031,"CA SOUTHERN","SERVICE EMPLOYEES (SEIU) 535","Jan 31, 2012","62211","1000","PRIVATE"
"KAISER FOUNDATION HOSPITALS SO. CA (CLKS & AIDES)",978,"CA SAN BERNARDINO","STEELWORKERS, AFL-CIO (USW) 12 7600 S","Oct 1, 2005","62211","2900","PRIVATE"
"KAISER PERMANENTE",779,"CA NORTHERN","SERVICE EMPLOYEES (SEIU) 250 HEALTH CARE WORKERS UNION","Sep 30, 2005","62211","14000","PRIVATE"
"KAISER PERMANENTE",795,"CA NORTHERN"," (CNA) ","Aug 31, 2006","62211","8300","PRIVATE"
"KAISER PERMANENTE (LPN'S & TECHNICIANS)",860,"CO DENVER","SERVICE EMPLOYEES (SEIU) 105 LOCAL 105","Apr 30, 2006","621491","1300","PRIVATE"
"KAISER PERMANENTE (RNS) (SO. CA REGION)",893,"CA","AFSCME/NUHHCE -","Sep 30, 2010","62211","6000","PRIVATE"
"KAISER-HILL COMPANY LLC",23,"CO","STEELWORKERS, AFL-CIO (USW) 12 8031 S","Jan 15, 2007",,,"PRIVATE"
"KANE COUNTY SIXTEENTH JUDICIAL CIRCUIT (COURT SERVICES)",3924,"IL","TEAMSTERS (IBT) 330 ","Nov 30, 2025","922110","109","PUBLIC"
"KANSAS CITY PUBLIC SCHOOLS",3643,"MO","SERVICE EMPLOYEES (SEIU) 1 FIREMEN & OILERS","Dec 31, 2022",,,"PUBLIC"
"KANSAS CITY SCHOOL DISTRICT (TEACHERS)",2639,"MO KANSAS CITY"," (AFT) 691","Jun 30, 2002","611110","2300","PUBLIC"
"KANSAS CITY SYMPHONY",3535,"MO KANSAS CITY"," (AFM) ","Jun 30, 2017","611610",,"PUBLIC"
"KANSAS CITY, BOARD OF EDUCATION, UNIFIED SCHOOL DISTRICT #500 (TEACHERS)",3371,"KS KANSAS CITY"," (NEA) NEAKC","Jul 31, 2007","611110","1650","PUBLIC"
"KANSAS STATE UNIVERSITY (MAINTENANCE AND SERVICE)",2720,"KS MANHATTAN"," (KAPE-I) ","Sep 9, 1999","611310","950","PUBLIC"
"KANSAS, MISSOURI , THE CITY OF (MUNICIPAL UNIT)",3383,"MO KANSAS CITY"," (AFSCME) 500","Apr 30, 2003","921190","2000","PUBLIC"
"KANSAS, STATE OF, BOARD OF EDUCATION OF UNIFIED SCHOOL DISTRICT 512",3279,"KS"," (NEA) DIST NO. 512","Jun 30, 2010","611110","1200","PUBLIC"
"KANSAS, STATE OF, BOARD OF EDUCATION OF UNIFIED SCHOOL DISTRICT 512",3280,"KS"," (NEA) DIST NO. 512","Jun 30, 2013","611110","1200","PUBLIC"
"KANSAS, STATE OF, BOARD OF EDUCATION OF UNIFIED SCHOOL DISTRICT 512",3281,"KS"," (NEA) DIST NO. 512","Jun 30, 2011","611110","1200","PUBLIC"
"KAUFMAN DIRECT MAIL",4377,"WA","MACHINISTS AFL-CIO (IAM) W 24 DISTRICT LODGE W-24","Mar 1, 2028",,,"PRIVATE"
"KB ENTERPRISES",4447,"MT","STEELWORKERS, AFL-CIO (USW) /STEELWORKERS, AFL-CIO (USW) 11 491 ","Jun 1, 2020","423330","6","PRIVATE"
"KELLER CONSTRUCTION/SOUTHERN ILLINOIS BUILDERS ASSOCIATION",4427,"IL","PLASTERERS AND CEMENT MASONS AFL-CIO (OPCM) 90 ","Jul 31, 2028",,,"PRIVATE"
"KELLOGG CO.",42,"OH CINCINNATI"," (BCTW) 253","Apr 30, 2006","311821","3300","PRIVATE"
"KELLOGG CO.",57,"MI NE TN PA"," (BCTW) 3,50,252,374","Sep 27, 2009","31123","3800","PRIVATE"
"KELLY-SPRINGFIELD TIRE CO.",175,"NC"," (USW) -","Jul 22, 2006","31123",,"PRIVATE"
"KEMPER LAKES BUSINESS CENTER (GROUND SUPPORT SERVICES)",3846,"IL","ENGINEERS, OPERATING, AFL-CIO (IUOE) 399 ","Jun 30, 2026",,,"PRIVATE"
"KENDALL CONSTRUCTION, INC.",4434,"KS","CARPENTERS IND (CJA) 1445 /CARPENTERS IND (CJA) MID-AMERICA CARPENTERS REGIONAL COUNCIL","Apr 30, 2028",,,"PRIVATE"
"KENNECOTT UTAH COPPER CORP",1082,"UT SALT LAKE C"," (5 UNIONS) 14 LOCALS","Sep 30, 2009","212234","1700","PRIVATE"
"KENNEDY TANK & MANUFAC. CO. INC.",1836,"IN INDIANAPOLIS","BOILERMAKERS AFL-CIO (BBF) 374","Apr 30, 2011","238390","1000","PRIVATE"
"KENOSHA UNIFIED SCHOOL DISTRICT NO. 1",3312,"WI KENOSHA"," (NEA) KEA","Jun 30, 2005","611110","1200","PUBLIC"
"KENOSHA UNIFIED SCHOOL DISTRICT NO. 1",3313,"WI"," (NEA) DIST 1","Jun 30, 2013","611110","1200","PUBLIC"
"KENOSHA UNIFIED SCHOOL DISTRICT NO. 1",3314,"WI"," (NEA) DIST 1","Jun 30, 2009","611110","1200","PUBLIC"
"KENT COUNTY, (GENERAL UNIT)",3026,"MI GRAND RAPIDS","AUTO WORKERS AFL-CIO (UAW) 2600","Dec 31, 2003","921190","1200","PUBLIC"
"KENT STATE UNIVERSITY (FACULTY)",3096,"OH KENT"," (AAUP-I) KENT CHAPTER","Sep 16, 2004","611310","1000","PUBLIC"
"KENTUCKY BUILDING AGREEMENT",910,"KY","ENGINEERS, OPERATING, AFL-CIO (IUOE) 181 ","May 31, 2006","23731","2800","PRIVATE"
"KENTUCKY EDUCATION ASSOCIATION BOARD OF DIRECTORS/KENTUCKY EDUCATION ASSOCIATION, A KENTUCKY CORPORATION",4361,"KY","KENTUCKY EDUCATION ASSOCIATION STAFF ORGANIZATION ","Aug 31, 2024",,"32","PRIVATE"
"KENTUCKY HEAVY-HIGHWAY",909,"KY","ENGINEERS, OPERATING, AFL-CIO (IUOE) 181","Dec 31, 2008","23731","2800","PRIVATE"
"KERN COUNTY (GENERAL UNIT)",3063,"CA KERN COUNTY","SERVICE EMPLOYEES (SEIU) 700","Jun 30, 2007","921190","5000","PUBLIC"
"KERN HIGH SCHOOL DISTRICT (CERTIFICATED EMPLOYEES)",2678,"CA KERN"," (NEA) KHFA","Jun 30, 2003","611110","1500","PUBLIC"
"KERN, INYO & MONO COUNTIES SHEET METAL & AC CONTR",1387,"CA BAKERSFIELD"," (SMW) 108","Jun 30, 2003","23822","2200","PRIVATE"
"KEWAUNEE FABRICATIONS, LLC",2465,"WI","BOILERMAKERS AFL-CIO (BBF) 487","May 1, 2022",,,"PRIVATE"
"KEY MARKET",2205,"CA","FOOD AND COMMERCIAL WKRS (UFCW) 101","Oct 8, 2011",,,"PRIVATE"
"KEYSPAN CORPORATION",502,"NY LONG ISLAND","ELECTRICAL WORKERS IBEW AFL-CIO (IBEW) 1049","Feb 13, 2004","221122","2000","PRIVATE"
"KEYSPAN ENERGY",484,"NY","TRANSPORT WORKERS AFL-CIO (TWU) 101 UTILITY DIVISION","Oct 15, 2005","221210","1350","PRIVATE"
"KEYSTONE BLDG CONTRACTORS ASSOCIATION",1265,"PA WESTERN","LABORERS  (LIUNA) 419/LABORERS  (LIUNA) 824/LABORERS  (LIUNA) 910","Jun 30, 2005","23622","1500","PRIVATE"
"KEYSTONE BLDG CONTRACTORS ASSOCIATION (21 COUNTIES)",1395,"PA HARRISBURG","ENGINEERS, OPERATING, AFL-CIO (IUOE) 66","Jun 30, 2005","23622","5000","PRIVATE"
"KEYSTONE CONTRACTORS ASSOCIATION",1055,"PA"," (OPCMIA) 526","May 31, 2005",,,"PRIVATE"
"KEYSTONE CONTRACTORS' ASSOCIATION",1631,"PA CENTRAL"," (CJA) GRTR PA RC","May 31, 2007","23621","4000","PRIVATE"
"KEYSTONE STEEL & WIRE (DIV.OF KEYSTONE CONSOLID.)",197,"IL PEORIA"," (ISWA) ","May 2, 2006","331222","1200","PRIVATE"
"KHM DELFINA, LLC DBA LE MERIDIEN DELFINA HOTEL (SANTA MONICA)",3879,"CA","UNITE HERE  (UNITHE) 11 ","Jun 30, 2023",,,"PRIVATE"
"KIESSLING TRANSIT, INCE (MWRTA FACILITY)",2519,"MA","TRANSIT UNION AFL-CIO (ATU) 22","Jun 30, 2019",,,"PRIVATE"
"KIMBERLY-CLARK CORP.",134,"WA"," (UPPW) 143, 644","May 31, 2005",,,"PRIVATE"
"KIMBERLY-CLARK CORP.",135,"PA CHESTER","STEELWORKERS, AFL-CIO (USW) 10 488","Apr 1, 2015","322121","1000","PRIVATE"
"KIMBERLY-CLARK CORP.",136,"PA CHESTER","STEELWORKERS, AFL-CIO (USW) 10 448","Apr 1, 2018","322121","1000","PRIVATE"
"KIMBERLY-CLARK CORP.",137,"PA CHESTER"," (PACE) 448","Mar 31, 2010","322121","1000","PRIVATE"
"KIMBERLY-CLARK CORP. (LAKEVIEW/ BADGER GLOBE MILL)",120,"WI NEENAH","UPIU/PACE 482","May 31, 2005","322121","1200","PRIVATE"
"KING AEROSPACE, INC. - LIFE CYCLE CONTRACT SUPPORT (LCCS)",4528,"MULTIPLE","MACHINISTS AFL-CIO (IAM) 1027 /MACHINISTS AFL-CIO (IAM) 2427 /MACHINISTS AFL-CIO (IAM) 776 /MACHINISTS AFL-CIO (IAM) DL 2020 THE GREATER MID ATLANTIC DISTRICT LODGE","Jul 31, 2027",,,"PRIVATE"
"KING BROADCASTING COMPANY (KING TV)",4678,"WA","ELECTRICAL WORKERS IBEW AFL-CIO (IBEW) 46 ","Jul 19, 2023",,,"PRIVATE"
"KING COUNTY - DEPARTMENT OF ASSESSMENTS",4215,"WA","PUBLIC, PROFESSIONAL, & OFFICE-CLERICAL EMPLOYEES AND DRIVERS 763","Dec 31, 2020",,,"PUBLIC"
"KING COUNTY - FIRE PROTECTION DISTRICT 10 (SUPPORT STAFF)",4688,"WA","INTERNATIONAL ASSOCIATION OF FIREFIGHTERS (IAFF) 1762","Dec 31, 2024",,,"PUBLIC"
"KING COUNTY - PUBLIC HEALTH DEPARTMENT OF ADULT & JUVENILE DETENTION (STAFF NURSES)",4199,"WA","WASHINGTON STATE NURSES ASSOCIATION ","Dec 31, 2022",,,"PUBLIC"
"KING COUNTY MASTER AGREEMENT",723,"WA","SERVICE EMPLOYEES (SEIU) 6","Jun 30, 2008",,,"PRIVATE"
"KING COUNTY, METRO TRANSIT (OPERATIONS & MAINTENANCE)",3406,"WA SEATTLE","TRANSIT UNION AFL-CIO (ATU) 587","Oct 31, 2007","485111","2500","PUBLIC"
"KING KULLEN FOOD STORES INC.",570,"NY","FOOD AND COMMERCIAL WKRS (UFCW) 1500 UFCW UNION LOCAL 1500","Jun 20, 2002","445110","3000","PRIVATE"
"KING KULLEN GROCERY CO. INC.",569,"NY","FOOD AND COMMERCIAL WKRS (UFCW) 1500 UFCW UNION LOCAL 1500","Dec 30, 2017","445110","3000","PRIVATE"
"KING KULLEN GROCERY CO. INC.",1970,"NY","FOOD AND COMMERCIAL WKRS (UFCW) 1500 UFCW UNION LOCAL 1500","Jun 26, 2010","445110","3000","PRIVATE"
"KING KULLEN PHARMACY, INC.",1779,"NY","FOOD AND COMMERCIAL WKRS (UFCW) 1500 UFCW UNION LOCAL 1500","Dec 30, 2017","445110","3000","PRIVATE"
"KING SOOPERS",2200,"CO","FOOD AND COMMERCIAL WKRS (UFCW) 7 R","Sep 14, 2013",,,"PRIVATE"
"KING SOOPERS INC, DIV OF DILLON COS. (GROC CLERKS)",671,"CO DENVER","FOOD AND COMMERCIAL WKRS (UFCW) 7 R","Sep 11, 2004","445110","7500","PRIVATE"
"KING SOOPERS INC, DIV OF DILLON COS. (MEAT DEPTS)",677,"CO DENVER","FOOD AND COMMERCIAL WKRS (UFCW) 7 R","Sep 12, 2015","445110","2500","PRIVATE"
"KING SOOPERS INC, DIV OF DILLON COS. (MEAT DEPTS)",678,"CO DENVER","FOOD AND COMMERCIAL WKRS (UFCW) 7 R","Sep 11, 2004","445110","2500","PRIVATE"
"KING SOOPERS INC. (MEAT PLANT)",2017,"CO DENVER METRO","FOOD AND COMMERCIAL WKRS (UFCW) 7 R","Sep 14, 2013","445110","2000","PRIVATE"
"KING SOOPERS INC. (STORE 86 RETAIL CLERKS)",2018,"CO BROOMFIELD","FOOD AND COMMERCIAL WKRS (UFCW) 7 R","Sep 14, 2013","445110","2000","PRIVATE"
"KING SOOPERS/CITY MARKET",2199,"CO","FOOD AND COMMERCIAL WKRS (UFCW) 7 R","Feb 23, 2019",,,"PRIVATE"
"KINGS AIRE, INC",1971,"","ENGINEERS, OPERATING, AFL-CIO (IUOE) 351","Dec 31, 2014",,,"PRIVATE"
"KINGS SUPER MARKETS, INC.",601,"NJ","FOOD AND COMMERCIAL WKRS (UFCW) 1245","Nov 19, 2005","445110","2000","PRIVATE"
"KIRO-TV, INC.  / COX MEDIA GROUP",4679,"WA","ELECTRICAL WORKERS IBEW AFL-CIO (IBEW) 46 ","Jun 30, 2024",,,"PRIVATE"
"KITSAP, THE COUNTY OF (ROAD AND ER&R DIVISION)",3514,"WASHINGTON","ENGINEERS, OPERATING, AFL-CIO (IUOE) 302/ENGINEERS, OPERATING, AFL-CIO (IUOE) 589","Dec 31, 2016","611110","1000","PUBLIC"
"KITTCOM COMMUNICATIONS CENTER",3906,"WA","TEAMSTERS (IBT) 760 ","Dec 31, 2022",,,"PRIVATE"
"KITTITAS COUNTY COMMISSIONERS (APPRAISERS)",4759,"WA","STATE COUNTY AND MUNI EMPLS AFL-CIO (AFSCME) 2 CSEA - METROPOLITAN REGION","Dec 31, 2024",,,"PUBLIC"
"KITTITAS COUNTY COMMISSIONERS (COURTHOUSE)",4760,"WA","STATE COUNTY AND MUNI EMPLS AFL-CIO (AFSCME) 2 CSEA - METROPOLITAN REGION","Dec 31, 2024",,,"PUBLIC"
"KITTITAS COUNTY COMMISSIONERS (PROBATION)",4758,"WA","TEAMSTERS (IBT) 760 ","Dec 31, 2024",,,"PUBLIC"
"KITTITAS COUNTY COMMISSIONERS (ROAD)",4761,"WA","STATE COUNTY AND MUNI EMPLS AFL-CIO (AFSCME) 2 CSEA - METROPOLITAN REGION","Dec 31, 2024",,,"PUBLIC"
"KLAMATH IRRIGATION DISTRICT",4415,"OR","ENGINEERS, OPERATING, AFL-CIO (IUOE) 701 ","Jan 1, 2027",,,"PUBLIC"
"KNAPPEN MILLING COMPANY",2548,"MI"," (BCTGMI) 3-G","Mar 6, 2022",,,"PRIVATE"
"KNIGHT PROTECTIVE SERVICES, INC",1766,"MI","GOVERNMENT SECURITY OFFICERS, IND (UGSOA) 206","Feb 29, 2012","561612","1000","PRIVATE"
"KNOX COLLEGE",4167,"IL","SERVICE EMPLOYEES (SEIU) 73 ","Aug 31, 2024",,,"PUBLIC"
"KNOX COUNTY, BOARD OF EDUCATION (TEACHERS)",3139,"TN KNOXVILLE"," (NEA) KCEA","Jun 30, 2001","611110","3200","PUBLIC"
"KNUDSEN CONSTRUCTION INC. MILLWORK DIVISION",2404,"IL"," (CJA) RC CHICAGO","May 31, 2019",,,"PRIVATE"
"KOCH FOODS OF GADSDEN, LLC.",3987,"AL","RETAIL WHOLESALE, DC, UFCW (RWDSU) 506 ","May 28, 2022",,,"PRIVATE"
"KOCH REFRIGERATION AND AIR CONDITIONING, INC.",1127,"OH"," (OPEIU) 75","Dec 31, 2022","238290","6","PRIVATE"
"KOHLER CO.",214,"WI KOHLER","AUTO WORKERS AFL-CIO (UAW) 833","Oct 1, 2007","332913","3400","PRIVATE"
"KOKEN MANUFACTURING COMPANY, INC.",4039,"MO","ELECTRICAL WORKERS IBEW AFL-CIO (IBEW) 1 /MACHINISTS AFL-CIO (IAM) 9 /STEELWORKERS, AFL-CIO (USW) 11 25 U ","Sep 12, 2017",,,"PRIVATE"
"KOKEN MANUFACTURING COMPANY, INC.",4038,"MO","ELECTRICAL WORKERS IBEW AFL-CIO (IBEW) 1 /MACHINISTS AFL-CIO (IAM) 9 /STEELWORKERS, AFL-CIO (USW) 11 25 U ","Sep 12, 2020",,,"PRIVATE"
"KRAFT FOODS CORP., OSCAR MAYER FOODS DIV",44,"IA","FOOD AND COMMERCIAL WKRS (UFCW) 431","Jul 25, 2010","311611","1700","PRIVATE"
"KRAFT FOODS CORP., OSCAR MAYER FOODS DIV",46,"IA DAVENPORT","FOOD AND COMMERCIAL WKRS (UFCW) 431","Apr 9, 2006","311611","1700","PRIVATE"
"KRAFT FOODS GLOBAL INC.",45,"IA","FOOD AND COMMERCIAL WKRS (UFCW) 431","Jul 20, 2014","311611","1700","PRIVATE"
"KRAFT FOODS INC.",47,"WI","FOOD AND COMMERCIAL WKRS (UFCW) 538","Dec 10, 2009",,,"PRIVATE"
"KRAFT FOODS, INC. (WAS NABISCO BRANDS)",58,"IL CHICAGO"," (BCTGM) 300","Jan 31, 2009","311821","1100","PRIVATE"
"KROGER",2203,"OH","FOOD AND COMMERCIAL WKRS (UFCW) 75","Jun 16, 2018",,,"PRIVATE"
"KROGER (METRO GROCERY DIVISION)",2216,"MI","FOOD AND COMMERCIAL WKRS (UFCW) 876","Mar 25, 2017",,,"PRIVATE"
"KROGER CO.",623,"TX DALLAS METRO","FOOD AND COMMERCIAL WKRS (UFCW) 1000","Dec 7, 2002","445110","6000","PRIVATE"
"KROGER CO. (ATLANTA DIVISION)",2217,"GA","FOOD AND COMMERCIAL WKRS (UFCW) 1996","Mar 15, 2014",,,"PRIVATE"
"KROGER CO. (CLERKS) (MOA)",545,"IL PEORIA","FOOD AND COMMERCIAL WKRS (UFCW) 536","Sep 30, 2009","445110","1400","PRIVATE"
"KROGER CO. (COLUMBUS MARKETING AREA)",621,"PA OH WV","FOOD AND COMMERCIAL WKRS (UFCW) 23","Nov 6, 2004","445110","1200","PRIVATE"
"KROGER CO. (FOOD)",622,"OH CENT & SW","FOOD AND COMMERCIAL WKRS (UFCW) 591 C","Nov 5, 2005","445110","8000","PRIVATE"
"KROGER CO. (FRONT-END/GROCERY/PRODUCE)",625,"GA AL","FOOD AND COMMERCIAL WKRS (UFCW) 1996","May 14, 2005","445110","7600","PRIVATE"
"KROGER CO. CHARLESTON (MID-ATLANTIC)",620,"WV CHARLESTON","FOOD AND COMMERCIAL WKRS (UFCW) 347","Oct 11, 2003","445110","4500","PRIVATE"
"KROGER CO., THE (FRONT-END/GROCERY/PRODUCE)",4864,"GA","FOOD AND COMMERCIAL WKRS (UFCW) 1996 ","Mar 22, 2025",,,"PRIVATE"
"KROGER COMPANY",654,"MI","FOOD AND COMMERCIAL WKRS (UFCW) 876","Jun 5, 2004","445110","8500","PRIVATE"
"KROGER COMPANY (DRUG/G.M.)",568,"GA ATLANTA","FOOD AND COMMERCIAL WKRS (UFCW) 1996","May 7, 2005","445110","900","PRIVATE"
"KROGER COMPANY (GROCERY)",562,"OH NORTHWEST","FOOD AND COMMERCIAL WKRS (UFCW) 911","Apr 7, 2007","445110","2400","PRIVATE"
"KROGER COMPANY (MEAT DIVISION)",653,"MI","FOOD AND COMMERCIAL WKRS (UFCW) 876","Jun 15, 2013","445110","8500","PRIVATE"
"KROGER DELTA DIVISION",2213,"TN","FOOD AND COMMERCIAL WKRS (UFCW) 1529","Feb 24, 2019",,,"PRIVATE"
"KROGER FOOD STORES",634,"OH CINCINNATI/DAYTON","FOOD AND COMMERCIAL WKRS (UFCW) 1099","Oct 9, 2010","445110","8000","PRIVATE"
"KROGER FOOD STORES",700,"GA","FOOD AND COMMERCIAL WKRS (UFCW) 1996","Sep 12, 2009","445110","2350","PRIVATE"
"KROGER FOOD STORES (CINCINNATI STORES)",633,"IN KY OH","FOOD AND COMMERCIAL WKRS (UFCW) 1099","Oct 9, 2004","445110","8000","PRIVATE"
"KROGER FOOD STORES (CLERKS)",646,"TX HOUSTON","FOOD AND COMMERCIAL WKRS (UFCW) 455","Apr 3, 2004","445110","11500","PRIVATE"
"KROGER FOOD STORES (DELI/MEAT/SEAFOOD)",699,"GA AL SC","FOOD AND COMMERCIAL WKRS (UFCW) 1996","May 14, 2005","445110","2350","PRIVATE"
"KROGER LIMITED PARTNERSHIP",2211,"IN","FOOD AND COMMERCIAL WKRS (UFCW) 700","May 12, 2016",,,"PRIVATE"
"KROGER LIMITED PARTNERSHIP (CLERKS)",578,"TN MO MS AR KY","FOOD AND COMMERCIAL WKRS (UFCW) 1529","Oct 6, 2007","445110","5200","PRIVATE"
"KROGER LIMITED PARTNERSHIP I",670,"AL KY TN","FOOD AND COMMERCIAL WKRS (UFCW) 1995","May 15, 2004","445110","9200","PRIVATE"
"KROGER LIMITED PARTNERSHIP I (CLERKS)",546,"IL PEORIA","FOOD AND COMMERCIAL WKRS (UFCW) 536","Aug 31, 2004","445110","1400","PRIVATE"
"KROGER LIMITED PARTNERSHIP I (GROCERY)",659,"AR LITTLE ROCK","FOOD AND COMMERCIAL WKRS (UFCW) 2008","Jun 24, 2006","445110","2100","PRIVATE"
"KROGER LIMITED PARTNERSHIP I (INDIANAPOLIS CLERKS)",624,"IN INDIANAPOLIS","FOOD AND COMMERCIAL WKRS (UFCW) 700","Nov 1, 2003","445110","4000","PRIVATE"
"KROGER LIMITED PARTNERSHIP I (MEAT AND DELI)",577,"TN MEMPHIS","FOOD AND COMMERCIAL WKRS (UFCW) 1529","Oct 6, 2007","445110","1150","PRIVATE"
"KROGER LIMITED PARTNERSHIP I (MID-ATLANTIC)",683,"VA WV TN","FOOD AND COMMERCIAL WKRS (UFCW) 400","Mar 26, 2005","445110","3700","PRIVATE"
"KROGER LIMITED PARTNERSHIP, I LOUISVILLE DIV.",651,"KY LOUISVILLE","FOOD AND COMMERCIAL WKRS (UFCW) 227","Apr 10, 2004","445110","10000","PRIVATE"
"KROGER TEXAS LP",2209,"TX","FOOD AND COMMERCIAL WKRS (UFCW) 1000","Jun 3, 2017",,,"PRIVATE"
"KROGER TEXAS LP",2214,"TX","FOOD AND COMMERCIAL WKRS (UFCW) 455","Apr 9, 2016",,,"PRIVATE"
"KROGER TEXAS LP",2215,"TX, LA","FOOD AND COMMERCIAL WKRS (UFCW) 455","Apr 11, 2020",,,"PRIVATE"
"KT CONSULTING, INC (LANGLEY AFB)",4325,"SC","MACHINISTS AFL-CIO (IAM) 1859 /MACHINISTS AFL-CIO (IAM) DL 2020 THE GREATER MID ATLANTIC DISTRICT LODGE","Oct 31, 2026",,,"PRIVATE"
"KT CONSULTING, INC (MOUNTAIN HOME AFB)",4324,"AZ","MACHINISTS AFL-CIO (IAM) 2006 GRAND TETON LOCAL LODGE 2006","Nov 30, 2026",,,"PRIVATE"
"KUEHNE CHEMICAL COMPANY, INC",4379,"DE","STEELWORKERS, AFL-CIO (USW) 04 13788 S ","Mar 31, 2024","325180","39","PRIVATE"
"KYLE VANDERMEY LOGGING",4595,"MN","ENGINEERS, OPERATING, AFL-CIO (IUOE) 49 ","Dec 31, 2024",,,"PRIVATE"
"KYW-TV & WPSG-TV",2171,"PA PHILADELPHIA","STAGE AND PICTURE OPERATORS AFL-CIO (IATSE) 804","Jul 15, 2018","515120",,"PRIVATE"
"L A RESOURCES INC.",992,"TX BEAUMONT","PLUMBERS AFL-CIO (PPF) 195","Aug 31, 2004","23822","1000","PRIVATE"
"L.L. BROOKS ENTERPRISES, INC. (WHITEMAN  AFB, MISSOURI)",2564,"MO","STAGE AND PICTURE OPERATORS AFL-CIO (IATSE) 780","May 31, 2020","561990","18","PRIVATE"
"L&L FLOORCOVERING, INC.",4537,"IL","CARPENTERS IND (CJA) MID-AMERICA CARPENTERS REGIONAL COUNCIL","May 31, 2027","238330","19","PRIVATE"
"L3/UNIDYNE",3978,"CA","MACHINISTS AFL-CIO (IAM) 389 ","Feb 14, 2024",,"45","PRIVATE"
"LABOR INSTITUTE INC., THE",3678,"NY"," (USW) 4-406","Oct 31, 2021","611710","5","PRIVATE"
"LABOR RELATIONS DIV. OF CONSTRN. INDUSTRIES OF MASSACHUSETTS INC.",1256,"MA"," (LIUNA) ","May 30, 2008",,,"PRIVATE"
"LABORERS' DISTRICT COUNCIL CONSTRUCTION INDUSTRY PENSION FUND",821,"PA","OFFICE AND PROFESSIONAL EMPLS AFL-CIO (OPEIU) 32","Dec 31, 2020",,,"PRIVATE"
"LACLEDE GAS CO.",488,"MO ST LOUIS"," (PACE) LU 5-6","Jul 31, 2008","221210","1150","PRIVATE"
"LACLEDE GAS COMPANY",2239,"MO"," (PAICEWIU) 5-194","Jul 31, 2004",,,"PRIVATE"
"LAHSER HILLS CARE CENTRE",3738,"MI","SERVICE EMPLOYEES (SEIU) SEIU HEALTHCARE MICHIGAN","Dec 15, 2024",,,"PRIVATE"
"LAKE BLUFF, VILLAGE OF (PUBLIC WORKS)",4467,"IL","ENGINEERS, OPERATING, AFL-CIO (IUOE) 150 ","Apr 30, 2026",,,"PUBLIC"
"LAKE IN THE HILLS VILLAGE (PUBLIC WORKS)",4080,"IL","SERVICE EMPLOYEES (SEIU) 73 ","Dec 31, 2022","924110","31","PUBLIC"
"LAKE STEVENS, CITY OF (PUBLIC WORKS)",4135,"WA","TEAMSTERS (IBT) 763 ","Dec 31, 2022",,,"PUBLIC"
"LAKE UNION DRYDOCK COMPANY",2358,"WA"," (MTD) PUGET SOUNDS","Jul 30, 2018",,,"PRIVATE"
"LAKE UNION DRYLOCK COMPANY",1819,"WA"," (MTD) PACIFIC COAST DC-PUGET SOUND","Jun 30, 2012","238390","1400","PRIVATE"
"LAKE UNION DRYLOCK COMPANY",1820,"WA"," (MTD) PACIFIC COAST DC- PUGET SOUND","Jul 1, 2009","238390","1400","PRIVATE"
"LAKE WASHINGTON SCHOOL DISTRICT 414, (TEACHERS)",2641,"WA LAKE WASH"," (NEA/LWEA) LWEA","Aug 31, 2005","611110","1382","PUBLIC"
"LAKIN GENERAL",4440,"IL","CHEMICAL AND PRODUCTION WORKERS 30","May 31, 2027",,"9","PRIVATE"
"LAND-O-SUN DAIRIES/PET DAIRY PRODUCTS",52,"GA KY NC SC TN","TEAMSTERS (IBT) 22/TEAMSTERS (IBT) 509/TEAMSTERS (IBT) 549/TEAMSTERS (IBT) 592/TEAMSTERS (IBT) 61/TEAMSTERS (IBT) 822","Sep 30, 2009","311514","1000","PRIVATE"
"LANDSCAPE AND EROSION CONTROL CONTRACTORS",2493,"MN","LABORERS  (LIUNA) 0 MINNESOTA-NORTH DAKOTA","Apr 30, 2020",,,"PRIVATE"
"LANSING SCHOOL DISTRICT, BOARD OF EDUCATION, (TEACHERS)",3205,"MI LANSING"," (NEA/LSEA) LSEA","Jul 31, 2006","611110","1400","PUBLIC"
"LARGO, CITY OF",4897,"FL","COMMUNICATIONS WORKERS AFL-CIO (CWA) ","Sep 30, 2025",,,"PUBLIC"
"LAS VEGAS , NEVADA, METROPOLITAN POLICE DEPARTMENT",2960,"NV LAS VEGAS"," (IUPA) LVPPA 23","Jun 30, 2005","922120","1200","PUBLIC"
"LAS VEGAS HOTEL & CASINO",1989,"NV"," (HERE) 226","May 31, 2012","72112","1900","PRIVATE"
"LAS VEGAS, CITY OF",4874,"NV","LAS VEGAS CITY EMPLOYEES' ASSOCIATION, INC. ","Jun 30, 2024",,,"PUBLIC"
"LAS VEGAS, NEVADA - THE CITY OF",2887,"NV"," (LVCEA) CH 288","Jun 17, 2006","922120",,"PUBLIC"
"LATHING & PLASTERING CONTRACTORS ASSOC.",1852,"MN","PLASTERERS AND CEMENT MASONS AFL-CIO (OPCM) 633","Apr 30, 2017","238140","1730","PRIVATE"
"LATHING & PLASTERING CONTRACTORS ASSOC. OF GARY, IN INC.",1875,"IN","PLASTERERS AND CEMENT MASONS AFL-CIO (OPCM) 692","Jun 30, 2015","238140","1730","PRIVATE"
"LATHING & PLASTERING CONTRACTORS ASSOC. OF GARY, IN INC.",1876,"IN","PLASTERERS AND CEMENT MASONS AFL-CIO (OPCM) 692","Jun 30, 2012","238140","1730","PRIVATE"
"LATHING & PLASTERING CONTRACTORS ASSOC. OF HAMMOND, IN INC.",1867,"IN","PLASTERERS AND CEMENT MASONS AFL-CIO (OPCM) 692","Jun 30, 2015","238140","1730","PRIVATE"
"LATHING & PLASTERING CONTRACTORS ASSOC. OF HAMMOND, IN INC.",1868,"IN","PLASTERERS AND CEMENT MASONS AFL-CIO (OPCM) 692","Jun 30, 2012","238140","1730","PRIVATE"
"LEAGUE OF VOLUNTARY HOSPITALS & HOMES",780,"NY"," (SEIU) 1199","Sep 30, 2011","62211","38000","PRIVATE"
"LEAGUE OF VOLUNTARY HOSPITALS & HOMES",781,"NY"," (SEIU) 1199","Sep 30, 2018","62211","38000","PRIVATE"
"LEAGUE OF VOLUNTARY HOSPITALS & HOMES",782,"NY NEW YORK"," (NHHSEU) 1199","Apr 30, 2005","62211","38000","PRIVATE"
"LEAGUE OF VOLUNTARY HOSPITALS & HOMES OF NEW YORK",4645,"NY","SERVICE EMPLOYEES (SEIU) 1199 SEIU UNITED HEALTH CARE WORKERS EAST","Sep 30, 2024",,,"PRIVATE"
"LEARJET INC.",309,"KS","MACHINISTS AFL-CIO (IAM) 639/MACHINISTS AFL-CIO (IAM) 70","Oct 5, 2009","336412","1462","PRIVATE"
"LEARJET INC.",310,"KS WICHITA","MACHINISTS AFL-CIO (IAM) 70","Oct 4, 2004","336412","1462","PRIVATE"
"LEAVENWORTH, CITY OF",4591,"WA","TEAMSTERS (IBT) 760 ","Dec 31, 2024",,,"PUBLIC"
"LEE COUNTY, SCHOOL BOARD (TEACHERS)",3318,"FL FT MYERS"," (NEA) SPALC","Jun 30, 2006","611110","3250","PUBLIC"
"LEGACY MECHANICAL & ENERGY SERVICES",4634,"CA","ENGINEERS, OPERATING, AFL-CIO (IUOE) 39 ","Oct 31, 2029",,,"PRIVATE"
"LEGAL AID OF WEST VIRGINIA",1498,"VA","APPALACHIAN LEGAL SERVICES ","Dec 31, 2023",,,"PRIVATE"
"LEGAL AID SOCIETY OF PUERTO RICO, INC. (SOCIEDAD PARA ASISTENCIA LEGAL - SPANISH / ESPAÑOL VERSION)",3931,"PR","FOOD AND COMMERCIAL WKRS (UFCW) 481 FED AMERICANA DE EMPLEADOS PUBLICOS","Jun 30, 2017",,,"PRIVATE"
"LEGAL SERVICES NYC",2030,"NY","AUTO WORKERS AFL-CIO (UAW) 2320 LEGAL SERVICES WORKERS","Jun 30, 2012","61131","4283","PRIVATE"
"LEGGETT & PLATT (CARPET UNDERLAY)",3808,"IL","UNITED STEELWORKERS (USW) 9777-51","Oct 31, 2022",,,"PRIVATE"
"LEGGETT & PLATT, INC. (FLOORING DIVISION)",3815,"MO","TEAMSTERS (IBT) 600 ","Jan 31, 2023",,,"PRIVATE"
"LEHIGH CEMENT COMPANY LLC",2462,"IA","BOILERMAKERS AFL-CIO (BBF) 106 D CEMENT WORKERS","Oct 5, 2020",,,"PRIVATE"
"LENA, VILLAGE OF (POLICE DEPARTMENT)",4378,"IL","TEAMSTERS (IBT) 722 ","Apr 30, 2024",,,"PUBLIC"
"LENAWEE COUNTY BOARD OF COMMISSIONERS/LENAWEE COUNTY SHERIFF (NON SUPERVISORY UNIT)",4754,"MI","POLICE OFFICERS ASSOCIATION OF MICHIGAN ","Dec 31, 2023",,,"PUBLIC"
"LEO TECH",3831,"AZ","INTERNATIONAL ASSOCIATION OF MACHINISTS & AEROSPACE WORKERS 2949 2949","Mar 6, 2026","336413","10","PRIVATE"
"LEON COUNTY, SCHOOL BOARD (TEACHERS)",3334,"FL TALLAHASSEE"," (NEA) LCTA","Sep 30, 2006","611110","2100","PUBLIC"
"LEON COUNTY, SCHOOL BOARD (TEACHERS)",3335,"FL TALLAHASSEE"," (NEA) LCTA","Sep 30, 2007","611110","2100","PUBLIC"
"LEVI STRAUSS AND CO.",103,"NATIONAL","UNITE HERE -","Nov 30, 2006","315211","6200","PRIVATE"
"LEVY PREMIUM FOODSERVICE PARTNERSHIP",2306,"NV"," (CWU) 226","Aug 31, 2022",,,"PRIVATE"
"LEWELLEN & BEST DISPLAYS",2403,"IL"," (CJA) RC CHICAGO","May 31, 2020",,,"PRIVATE"
"LEWIS TRANSPORTATION BENEFIT AREA DBA TWIN TRANSIT",4651,"WA","TEAMSTERS (IBT) 252 ","Dec 31, 2024",,,"PRIVATE"
"LGARPA CORP, THE",3733,"PA","SERVICE EMPLOYEES (SEIU) SEIU HEALTHCARE PENNSYLVANIA","Sep 30, 2020",,,"PRIVATE"
"LIBERTY LAKE, CITY OF (POLICE DEPARTMENT)",4200,"WA","TEAMSTERS (IBT) 690 ","Dec 31, 2022",,,"PUBLIC"
"LIBERTY PATTERN COMPANY, INC.",4437,"IA","MACHINISTS AFL-CIO (IAM) 1191 /MACHINISTS AFL-CIO (IAM) 6 ","Nov 9, 2024",,,"PRIVATE"
"LIBERTY PULTRUSION WEST MIFFLIN PLAN",2074,"PA","COMMUNICATIONS WORKERS AFL-CIO (CWA) 88643","Oct 1, 2015","23821","1000","PRIVATE"
"LIEBERMAN SKILLED NURSING FACILITY, LLC DBA WARREN BARR LIEBERMAN",4085,"IL","SERVICE EMPLOYEES (SEIU) 73 ","Apr 30, 2025",,,"PRIVATE"
"LIGHTING & ELECTRICAL MAINTENANCE ASSOCIATION",1516,"NY NEW YORK","ELECTRICAL WORKERS IBEW AFL-CIO (IBEW) 3","Jun 30, 2005","23821","1300","PRIVATE"
"LIGHTING MANUFACTURERS GROUP (PROD, ELECTR)",270,"NY NJ","ELECTRICAL WORKERS IBEW AFL-CIO (IBEW) 3","Jun 30, 2004","335121","1100","PRIVATE"
"LIGHTING MANUFACTURERS GROUP (PRODUCTION, ELECTRICAL)",269,"NY NJ","ELECTRICAL WORKERS IBEW AFL-CIO (IBEW) 3","Jun 30, 2010","335121","1100","PRIVATE"
"LIGHTNING EXPRESS DELIVERY SERVICE INC.",2528,"NY","ELECTRICAL WORKERS IBEW AFL-CIO (IBEW) 363","Apr 30, 2022","484110","22","PRIVATE"
"LIGONIER TOWNSHIP - WATER DEPT.",3922,"PA","AUTO WORKERS AFL-CIO (UAW) 204 ","Jun 30, 2023",,,"PUBLIC"
"LIMOUSINES OF SOUTH FLORIDA, INC.",4488,"FL","TEAMSTERS (IBT) 769 ","Jan 1, 2019","485119","172","PRIVATE"
"LINCOLN CITY, LLC",2029,"NY","SERVICE EMPLOYEES (SEIU) 503","Sep 30, 2011","485111","51527","PRIVATE"
"LINCOLN PARK ZOOLOGICAL SOCIETY",4154,"IL","SERVICE EMPLOYEES (SEIU) 73 ","Mar 31, 2026",,,"PUBLIC"
"LINCOLN PARK, CITY OF (CROSSING GUARDS)",4125,"MI","STATE COUNTY AND MUNI EMPLS AFL-CIO (AFSCME) 628 CSEA - DELHI TECHNICAL COLLEGE","Jun 30, 2018",,,"PUBLIC"
"LINCOLN PARK, CITY OF (FIRE)",4126,"MI","FIRE FIGHTERS 1292/FIRE FIGHTERS AFL-CIO (IAFF) ","Jun 30, 2016",,,"PUBLIC"
"LINCOLN PARK, CITY OF (GOVERNMENT EMPLOYEES)",4127,"MI","GOVERNMENT EMPLOYEES LABOR COUNCIL (GELC) ","Jun 30, 2019",,,"PUBLIC"
"LINCOLN PARK, CITY OF (POLICE)",4128,"MI","NATIONAL FRATERNAL ORDER OF THE POLICE (NFOP) LINCOLN PARK LC","Jun 30, 2021",,,"PUBLIC"
"LINCOLN, BOARD OF EDUCATION (TEACHERS)",3120,"NE LINCOLN"," (NEA) LEA","Aug 31, 2004","611110","2400","PUBLIC"
"LINCOLN, CITY OF (FIRE AND RESCUE)",4124,"NE","FIRE FIGHTERS AFL-CIO (IAFF) /LINCOLN FIREFIGHTERS ASSOCIATION 644","Aug 31, 2023",,,"PUBLIC"
"LINCOLN, CITY OF (POLICE)",4284,"NE","LINCOLN POLICE UNION ","Aug 31, 2025",,,"PUBLIC"
"LINCOLN, CITY OF (PROFESSIONAL AND ADMINISTRATIVE)",3827,"CA","INTERNATIONAL UNION OF OPERATING ENGINEERS (IUOE) 39","Mar 31, 2023",,,"PUBLIC"
"LINCOLNWOOD REHABILITATION & HEALTHCARE CENTER",3841,"RI","NEW ENGLAND HEALTH CARE EMPLOYEES UNION SEIU 1199NE /SERVICE EMPLOYEES (SEIU) 1199 NEW ENGLAND HEALTH CARE EMPL UNION","Mar 31, 2023","623110",,"PRIVATE"
"LINTECH GLOBAL, INC. (MARSHALL SPACE FLIGHT CENTER)",4243,"MI","ELECTRICAL WORKERS IBEW AFL-CIO (IBEW) 558 ","Dec 31, 2025",,,"PRIVATE"
"LINWOOD, CITY OF (BLUE COLLAR)",4138,"NJ","TEAMSTERS (IBT) 331 ","Dec 31, 2022",,,"PUBLIC"
"LITHOGRAPHIC INDUSTRIES, INC.",2590,"IL"," (GCC/IBT) 4-458M","Apr 30, 2022","323111","3","PRIVATE"
"LITTLE BLUE VALLEY SEWER",3892,"MO","TEAMSTERS (IBT) 41 ","Sep 30, 2023",,,"PRIVATE"
"LITTLE ROCK, SCHOOL DISTRICT, BOARD OF DIRECTORS",3299,"AR LITTLE ROCK"," (NEA) LRCTA","Jul 1, 2005","611110","2000","PUBLIC"
"LITTLE VALLEY, VILLAGE OF",3928,"NY","TEAMSTERS (IBT) 264 ","Dec 31, 2023","921110","11","PUBLIC"
"LITTLE VALLEY, VILLAGE OF",4149,"NY","TEAMSTERS (IBT) 264 ","Dec 31, 2011",,,"PUBLIC"
"LIVE NATION WORLDWIDE, INC.",1128,"MI","STAGE AND PICTURE OPERATORS AFL-CIO (IATSE) 38","May 31, 2021",,,"PRIVATE"
"LIVONIA, PUBLIC SCHOOL, SCHOOL DISTRICT (TEACHERS & PROFESSORS)",3340,"MI LIVONIA"," (NEA) LEA","Aug 15, 2003","611110","1050","PUBLIC"
"LM RMS (MOORESTOWN & SYRACUSE OPERATIONS)/LOCKHEED MARTIN",4817,"NY","COMMUNICATIONS WORKERS AFL-CIO (CWA) 301 IUE-CWA LOCAL 301","Jun 28, 2029",,"375","PRIVATE"
"LOBLAW COMPANIES LIMITED",4260,"MB","FOOD AND COMMERCIAL WKRS (UFCW) ","Sep 28, 2023",,,"PRIVATE"
"LOCAL 26 EDUCATIONAL DEVELOPMENT TRUST",4891,"WA","OFFICE AND PROFESSIONAL EMPLS AFL-CIO (OPEIU) 8 ","Dec 31, 2025",,,"PRIVATE"
"LOCKHEED MARTIN (MARITIME,SPACE,MISSILES&FIRE CONTROL)",12,"CO FL MD","AUTO WORKERS AFL-CIO (UAW) 738/AUTO WORKERS AFL-CIO (UAW) 766/AUTO WORKERS AFL-CIO (UAW) 788","Nov 1, 2007","336411","1050","PRIVATE"
"LOCKHEED MARTIN (MISSION SYSTEMS AND TRAINING SERVICES, INC.)",2093,"AR"," (-) ","Dec 31, 2018","336411","1000","PRIVATE"
"LOCKHEED MARTIN (MISSION SYSTEMS AND TRAINING SERVICES, INC.)",2094,"AR"," (LRAITSP) ","Mar 4, 2018","336411","1000","PRIVATE"
"LOCKHEED MARTIN (NAVAL ELECTRONICS & SURVEILLANCE) KAPL",381,"NY NJ IN","COMMUNICATIONS WORKERS AFL-CIO (CWA) 301 IUE-CWA LOCAL 301","Jul 30, 2006","334511","1350","PRIVATE"
"LOCKHEED MARTIN AERONAUTICAL SYSTEMS",323,"GA MARIETTA","MACHINISTS AFL-CIO (IAM) 709","Mar 1, 2005","336411","4100","PRIVATE"
"LOCKHEED MARTIN AERONAUTICS COMPANY",321,"TX FT WORTH","MACHINISTS AFL-CIO (IAM) 776","Apr 6, 2006","336411","4400","PRIVATE"
"LOCKHEED MARTIN AERONAUTICS COMPANY",322,"CA PALMDALE","MACHINISTS AFL-CIO (IAM) 725","Mar 1, 2008","336411","1300","PRIVATE"
"LOCKHEED MARTIN INFORMATION SYSTEMS AND GLOBAL SOLUTIONS - AFSS",2419,"ME"," (IAM) ","Apr 26, 2020",,,"PRIVATE"
"LOCKHEED MARTIN SPACE SYSTEMS CO,MISSILES & SPACE OPS",11,"CA FL"," (IAM) 7 LOCALS","Mar 1, 2005","336414","1650","PRIVATE"
"LODI UNIFIED SCHOOL DISTRICT (TEACHERS)",3226,"CA LODI"," (NEA) LEA","Jun 30, 2004","611110","1200","PUBLIC"
"LODI, CITY OF (ELECTRIC UTILITY UNIT)",4439,"CA","ELECTRICAL WORKERS IBEW AFL-CIO (IBEW) 1245 ","Dec 31, 2024",,,"PUBLIC"
"LOEWS BOSTON HOTEL",4493,"MA","UNITE HERE  (UNITHE) 26 ","Aug 31, 2022",,,"PRIVATE"
"LOGISTICS SERVICES INC.",1941,"MI","AUTO WORKERS AFL-CIO (UAW) 659","Jun 1, 2009","336111","3163","PRIVATE"
"LOHR DISTRIBUTING COMPANY (DRAFT SERVICE DEPARTMENT)",3909,"MO","PLUMBERS AFL-CIO (PPF) 562 ","Sep 30, 2023",,,"PRIVATE"
"LONE STAR STEEL CO.",199,"TX LONE STAR","STEELWORKERS, AFL-CIO (USW) 12 4134 S","May 31, 2005","331111","1250","PRIVATE"
"LONG BEACH, THE CITY OF (ADMINISTRATIVE)",3165,"CA LONG BEACH","SEIU/CSEA CHPT 2","Oct 1, 2004","611110","1900","PUBLIC"
"LONG BEACH, THE CITY OF (MACHINISTS & AEROSPACE WORKERS)",3368,"CA LONG BEACH"," (IAM) LODGE 1930","Oct 1, 2004","921190","4000","PUBLIC"
"LONG BRANCH SEWERAGE AUTHORITY",4360,"NJ","OFFICE AND PROFESSIONAL EMPLS AFL-CIO (OPEIU) 32 ","Dec 31, 2026",,,"PUBLIC"
"LONG ISLAND COMMUNITY HOSPITAL",4198,"NY","SERVICE EMPLOYEES (SEIU) 1199 NEW ENGLAND HEALTH CARE EMPL UNION","Dec 31, 2022","622110","610","PRIVATE"
"LONGVIEW FIBRE CO.",123,"WA LONGVIEW"," (WPPW) -","May 31, 2006","322112","1500","PRIVATE"
"LORILLARD TOBACCO COMPANY",86,"NC GREENSBORO"," (BCTW) 317T","Mar 1, 2006","312221","1155","PRIVATE"
"LOS ANGELES ARENA COMPANY, LLC. AND L.A. LIVE THEATRE, LLC.",2595,"CA","STAGE AND PICTURE OPERATORS AFL-CIO (IATSE) 857 TREASURES AND TICKET SELLERS","Aug 31, 2023",,,"PRIVATE"
"LOS ANGELES COMMUNITY COLLEGE DISTRICT (FACULTY)",3304,"CA LOS ANGELES","TEACHERS AFL-CIO (AFT) 1521","Jun 30, 2005","611210","3000","PUBLIC"
"LOS ANGELES COMMUNITY COLLEGE DISTRICT (FACULTY)",3305,"CA LOS ANGELES","TEACHERS AFL-CIO (AFT) 1521","Jun 30, 2008","611210","3000","PUBLIC"
"LOS ANGELES UNIFIED SCHOOL DISTRICT (OFFICE -TECHNICAL & BUSINESS SERVICES)",3136,"CA LOS ANGELES","SERVICE EMPLOYEES (SEIU) 500","Jun 30, 2005","611110","4500","PUBLIC"
"LOS ANGELES UNIFIED SCHOOL DISTRICT (SKILLED CRAFT- UNIT E)",3460,"CA LOS ANGELES"," (LACBCTC) ","Jun 30, 2005","611110","1250","PUBLIC"
"LOS ANGELES, THE CITY OF , DEPARTMENT OF WATER & POWER (CLERICAL UNIT)",2955,"CA LOS ANGELES"," (IBEW) 18","Sep 30, 2005","221310","1245","PUBLIC"
"LOS ANGELES, THE CITY OF , DEPARTMENT OF WATER & POWER (OPERATING, MAINTENANCE AND SERVICE UNIT)",2957,"CA LOS ANGELES"," (IBEW) 18","Sep 30, 2005","221310","3800","PUBLIC"
"LOS ANGELES, THE CITY OF (ADMINISTRATIVE UNIT)",2982,"CA LOS ANGELES"," (EAA) ","Jun 30, 2004","921190","1450","PUBLIC"
"LOS ANGELES, THE CITY OF (BUILDING TRADES)",2937,"CA LOS ANGELES"," (LABCTC) ","Aug 31, 2004","921190","1000","PUBLIC"
"LOS ANGELES, THE CITY OF (CLERICAL & SUPPORT SERVICES ) MOU NO. 3",2944,"CA","ACEA, AFSCME 3090","Jun 30, 2012",,,"PUBLIC"
"LOS ANGELES, THE CITY OF (CLERICAL & SUPPORT SERVICES)",2942,"CA LOS ANGELES"," (AFSCME) 3090","Jun 30, 2007","921190","4300","PUBLIC"
"LOS ANGELES, THE CITY OF (CLERICAL & SUPPORT SERVICES)",2943,"CA LOS ANGELES"," (AFSCME) 3090","Jun 30, 2004","921190","4300","PUBLIC"
"LOS ANGELES, THE CITY OF (EQUIPMENT OPERATORS & LABORERS)",2946,"CA LOS ANGELES"," (SEIU) 347","Jun 30, 2007","921190","3300","PUBLIC"
"LOS ANGELES, THE CITY OF (FIRE DEPARTMENT)",2941,"CA LOS ANGELES"," (IAFF) 112","Jun 30, 2006","922160","3000","PUBLIC"
"LOS ANGELES, THE CITY OF (PROFESSIONAL ENGINEERING & SCIENTIFIC UNIT)",3010,"CA LOS ANGELES"," (EAA-I) ","Jun 30, 2004","921190","1500","PUBLIC"
"LOS ANGELES, THE CITY OF (SAFETY & SECURITY)",2936,"CA LOS ANGELES"," (SEIU) 347","Jun 30, 2007","921190","1200","PUBLIC"
"LOS ANGELES, THE CITY OF (SERVICE AND CRAFTS)",2945,"CA LOS ANGELES"," (SEIU) 347","Jun 30, 2007","921190","1206","PUBLIC"
"LOS ANGELES, THE CITY OF (TECHNICAL UNIT)",2940,"CA LOS ANGELES"," (EAA-I) ","Jun 30, 2004","921190","1150","PUBLIC"
"LOS ANGELES, THE COUNTY OF , METROPOLITAN TRANSPORTATION AUTHORITY (BUS & TRAIN OPERATORS)",3385,"CA LOS ANGELES"," (UTU) ","Jun 30, 2006","485111","4200","PUBLIC"
"LOS ANGELES, THE COUNTY OF , METROPOLITAN TRANSPORTATION AUTHORITY (NON-OPERATING EMPLOYEES)",3386,"CA LOS ANGELES","TRANSIT UNION AFL-CIO (ATU) 1277","Jun 30, 2006","485111","2000","PUBLIC"
"LOS ANGELES, THE COUNTY OF (FIREFIGHTERS-UNIT 601)",3009,"CA LOS ANGELES"," (IAFF) ","Dec 31, 2007","922160","1950","PUBLIC"
"LOS ANGELES, THE COUNTY OF (INTERNS & RESIDENT PHYSICIANS)",3057,"CA"," (SEIU) -","Sep 30, 2006",,,"PUBLIC"
"LOS ANGELES, THE COUNTY OF (MOU DEPUTY PROBATION OFFICERS -UNIT 701)",2999,"CA LOS ANGELES"," (AFSCME) 685","Jan 31, 2003","922150","2650","PUBLIC"
"LOS ANGELES, THE COUNTY OF (PEACE OFFICERS-UNIT 611)",3032,"CA LOS ANGELES"," (ALADS-I) ","Jan 31, 2009","922120","2650","PUBLIC"
"LOS ANGELES, THE COUNTY OF (PEACE OFFICERS-UNIT 611)",3033,"CA LOS ANGELES"," (ALADS-I) ","Jan 31, 2008","922120","6750","PUBLIC"
"LOS ANGELES, THE COUNTY OF (SUPERVISORY PEACE OFFICERS-UNIT 612)",3034,"CA LOS ANGELES","IUPA/PPOA PPOA","Jan 31, 2009","922120","6750","PUBLIC"
"LOS ANGELES,THE COUNTY OF (MOU DEPUTY PROBATION OFFICERS -UNIT 701)",2998,"CA LOS ANGELES"," (AFSCME) 685","Jan 31, 2009","922150","1250","PUBLIC"
"LOS RIOS CALIFORNIA COMMUNITY COLLEGE DISTRICT (FACULTY)",2635,"CA SACRAMENTO","AFT/LRFCT 2279","Jun 30, 2005","611210","1950","PUBLIC"
"LOTUS NURSING AND REHABILITATION CENTER (RIO PINAR OPCO LLC)",4422,"FL","SERVICE EMPLOYEES (SEIU) 1199 SEIU UNITED HEALTH CARE WORKERS EAST","Jun 30, 2027",,,"PRIVATE"
"LOWELL, THE CITY SCHOOL COMMITTEE OF (TEACHERS)",3401,"MA LOWELL"," (AFT) UTL 495","Jun 30, 2004","611110","1200","PUBLIC"
"LOWER MORELAND TOWNSHIP SCHOOL DISTRICT",10,"PA","SERVICE EMPLOYEES (SEIU) 32 B ","Jun 30, 2025",,,"PUBLIC"
"LTV STEEL CO & LTV STEEL TABULAR PRODUCTS CO",201,"OH IL"," (USW) -","Aug 1, 2004","331111","9000","PRIVATE"
"LUBRIZOL CORPORATION, THE",2553,"NJ","TEAMSTERS (IBT) 560","May 31, 2022","325199","8","PRIVATE"
"LUCENT TECHNOLOGIES (COLUMBUS WORKS)",1502,"OH","ELECTRICAL WORKERS IBEW AFL-CIO (IBEW) 1612","May 31, 2003",,,"PRIVATE"
"LUCENT TECHNOLOGIES (INSTALLATION)",941,"NATIONAL"," (CWA) VARIOUS","May 26, 2012","33421","2592","PRIVATE"
"LUCENT TECHNOLOGIES OPTOELECTRONICS CENTER",1135,"NJ","ELECTRICAL WORKERS IBEW AFL-CIO (IBEW) 1522/ELECTRICAL WORKERS IBEW AFL-CIO (IBEW) 1560","May 31, 2003",,"310","PRIVATE"
"LUFKIN INDUSTRIES, INC.",251,"TX LUFKIN"," (AFL-CIO) -","Oct 2, 2005","333132","850","PRIVATE"
"LUMBER INDUSTRY AGREEMENT",540,"NY GREATER","TEAMSTERS (IBT) 282","Jun 30, 2008","44419","3700","PRIVATE"
"LYNNWOOD, CITY OF",4216,"WA","PUBLIC, PROFESSIONAL, & OFFICE-CLERICAL EMPLOYEES AND DRIVERS 763","Dec 31, 2021",,,"PUBLIC"
"LYON PORTABLE PLANTS",2576,"MI","ENGINEERS, OPERATING, AFL-CIO (IUOE) 324","May 31, 2022",,,"PRIVATE"
"LYONS, TOWN OF",4474,"NY","TEAMSTERS (IBT) 118 ","Dec 31, 2026",,,"PUBLIC"
"LYONS, VILLAGE OF (PUBLIC WORKS)",4302,"IL","SERVICE EMPLOYEES (SEIU) 73 ","Dec 31, 2029",,,"PUBLIC"
"M CUBED TECHNOLOGIES, INC.",2256,"DE","TEAMSTERS (IBT) 326 GENERAL TEAMSTERS","Jan 17, 2021",,,"PRIVATE"
"M.B. CONSULTANTS, LTD",1770,"NY","JOURNEYMEN AND ALLIED TRADES IND (IUJAT) 726 SERVICE PROFESSIONALS UNION","Feb 26, 2012","561720","1845","PRIVATE"
"M&H VALVE CO",4096,"AL","STEELWORKERS, AFL-CIO (USW) 324 M ","Oct 21, 2023",,,"PRIVATE"
"M&J WILKOW PROPERTIES, INC.",4376,"PA","ENGINEERS, OPERATING, AFL-CIO (IUOE) 95 95A ","Feb 28, 2027","531390","1","PRIVATE"
"M7 AEROSPACE",2099,"MD","MACHINISTS AFL-CIO (IAM) 142","Aug 30, 2017",,,"PRIVATE"
"MACK TRUCKS INC.",351,"GA MD PA SC"," (UAW) 6 LOCALS","Oct 1, 2004","336120","3700","PRIVATE"
"MACLELLAN INTEGRATED SERVICES",4261,"KY","AUTO WORKERS AFL-CIO (UAW) ","Mar 25, 2027",,,"PRIVATE"
"MACY'S - INNOVATIVE FACILITIES SERVICES, INC.",2043,"","SERVICE EMPLOYEES (SEIU) 1877","Apr 30, 2012",,,"PRIVATE"
"MACY'S CALIFORNIA DEPARTMENT STORES",586,"CA SAN FRAN","FOOD AND COMMERCIAL WKRS (UFCW) 101","May 31, 2008","452110","2000","PRIVATE"
"MACY'S NORTHEAST INC. (MOA)",590,"NY NEW YORK","UFCW/RWDSU 1-S","Feb 1, 2006","452110","4000","PRIVATE"
"MACY'S, INC. (UNION SQUARE STORE)",4784,"CA","FOOD AND COMMERCIAL WKRS (UFCW) 5 ","May 31, 2025",,,"PRIVATE"
"MAD RIVER BREWING COMPANY, INC.",2540,"CA","MACHINISTS AFL-CIO (IAM) W 98 WOODWORKERS","Mar 31, 2020","312120","8","PRIVATE"
"MADISON METROPOLITAN SCHOOL DISTRICT (PROFRESSIONAL)",3211,"WI MADISON"," (NEA/MTI) MTI","Jun 30, 2005","611110","2824","PUBLIC"
"MAGMA COOPER COMPANY",1090,"AZ"," (USW) -","Jul 1, 2007","62211",,"PRIVATE"
"MAGNUM CARBIDE, LLC.",1361,"PA","MACHINISTS AFL-CIO (IAM) 2530","Dec 31, 2022",,"11","PRIVATE"
"MAHOMET-SEYMOUR BOARD OF EDUCATION SCHOOL DISTRICT #3",4222,"IL","MAHOMET-SEYMOUR EDUCATION ASSOCIATION, IEA-NEA ","Jun 30, 2026",,,"PUBLIC"
"MAIMONIDES MEDICAL CENTER",1912,"NY"," (NYSA) -","Jan 1, 2011","62211","1000","PRIVATE"
"MAIMONIDES MEDICAL CENTER",1913,"NY"," (SEIU) HEALTHCARE","Oct 31, 2010","62211","1650","PRIVATE"
"MAINE, STATE OF (ADMINISTRATIVE SERVICES)",2740,"ME"," (SEIU) MSEA 1989","Jun 30, 2007","921190","2800","PUBLIC"
"MAINE, STATE OF (INSTITUTIONAL SERVICES UNIT)",2708,"ME","STATE COUNTY AND MUNI EMPLS AFL-CIO (AFSCME) 93 AFSCME","Jun 30, 2007","622210","1150","PUBLIC"
"MAINE, STATE OF (LAW ENFORCEMENT)",3569,"ME"," (SEIU) 1989","Jun 30, 2001",,,"PUBLIC"
"MAINE, STATE OF (OPERATIONS, MAINTENANCE, & SUPPORT SERVICES)",2738,"ME"," (SEIU) MSEA 1989","Jun 29, 2005","921190","2100","PUBLIC"
"MAINE, STATE OF (OPERATIONS, MAINTENANCE, & SUPPORT SERVICES)",2739,"ME"," (SEIU) 1989","Jun 30, 2009","921190","2100","PUBLIC"
"MAINE, STATE OF (PROFESSIONAL & TECH SERVICES)",2741,"ME"," (SEIU) MSEA 1989","Jun 30, 2007","921190","3350","PUBLIC"
"MAINE, STATE OF (SUPERVISORY SERVICES)",2709,"ME"," (SEIU) MSEA 1989","Jun 30, 2007","921190","1300","PUBLIC"
"MAINE, UNIVERSITY OF (FACULTY)",2722,"ME BANGOR"," (NEA/MEA) ","Jun 30, 2005","611310","1250","PUBLIC"
"MAINE, UNIVERSITY OF (LAB & TECH)",3458,"ME BANGOR"," (NEA/COLT) ","Jun 30, 2005","611310","1050","PUBLIC"
"MAINE, UNIVERSITY OF (PROFESSIONALS & ADMIN UNIT)",2669,"ME BANGOR","MEA/UMPSA ","Jun 30, 2005","611310","1000","PUBLIC"
"MAINTENANCE CONTRACTORS",812,"CA","SERVICE EMPLOYEES (SEIU) 1877","Apr 30, 2012",,,"PRIVATE"
"MAINTENANCE CONTRACTORS AGREEMENT",818,"CA LOS ANGELES","SERVICE EMPLOYEES (SEIU) 1877","Apr 30, 2008","56172","8500","PRIVATE"
"MAINTENANCE CONTRACTORS OF NEW ENGL (BLDG)",809,"MA BOSTON","SERVICE EMPLOYEES (SEIU) 254","Jan 1, 1800","56172","8500","PRIVATE"
"MAINTENANCE CONTRACTORS OF NEW ENGL (BLDG)",810,"MA","SERVICE EMPLOYEES (SEIU) 615","Sep 30, 2012","56172","8500","PRIVATE"
"MAINTENANCE CONTRACTORS ORANGE COUNTY",811,"CA LOS ANGELES","SERVICE EMPLOYEES (SEIU) 1877","Apr 30, 2008","56172","3000","PRIVATE"
"MAINTHIA TECHNOLOGIES, INC.",4607,"OH","ELECTRICAL WORKERS IBEW AFL-CIO (IBEW) 245 ","Sep 30, 2027",,,"PRIVATE"
"MAINTHIA TECHNOLOGIES, INC. (NASA GLENN RESEARCH FACILITY)/PAE APPLIED TECHNOLOGIES, LLC (AN AMENTUM SERVICES, INC. COMPANY)",4499,"OH","MACHINISTS AFL-CIO (IAM) 439 /MACHINISTS AFL-CIO (IAM) 54 ","Sep 30, 2027","561210","59","PRIVATE"
"MAITA BODY SHOP",1336,"CA","MACHINISTS AFL-CIO (IAM) 2182","Aug 1, 2022",,,"PRIVATE"
"MAJOR LEAGUE BASEBALL TEAMS",856,"NATIONAL"," (MLBPA) -","Dec 19, 2006","711211","1050","PRIVATE"
"MALCO PRODUCTS, INC.",2114,"OH BARBETON"," (MEIU) -","Oct 31, 2017","813930",,"PRIVATE"
"MAN-DELL FOOD STORES, INC.",1780,"NY","FOOD AND COMMERCIAL WKRS (UFCW) 1500 UFCW UNION LOCAL 1500","May 28, 2016","445110","1500","PRIVATE"
"MAN-DELL FOOD STORES. INC.",2375,"NY","FOOD AND COMMERCIAL WKRS (UFCW) 1500 UFCW UNION LOCAL 1500","Aug 26, 2017",,,"PRIVATE"
"MANATEE COUNTY & MANATEE SCHOOL, BOARD OF EDUCATION (FACULTY)",3326,"FL BRADENTON"," (AFT/MEA) ","Jul 31, 2004","611110","1900","PUBLIC"
"MANATEE COUNTY BOARD OF EDUCATION (PARAPROFESSIONALS)",3191,"FL"," (AFT/MEA) 3821","Jul 30, 2010","611110","100","PUBLIC"
"MANATEE, COUNTY OF, BOARD OF EDUCATION",3189,"FL"," (AFT/MEA) ","Jun 30, 2010","611110","1100","PUBLIC"
"MANATEE, COUNTY OF, BOARD OF EDUCATION (FACULTY)",3325,"FL"," (AFSCME) 1584","Jan 1, 1800","611110","1100","PUBLIC"
"MANATEE, COUNTY OF, BOARD OF EDUCATION (PARAPROFESSIONALS)",3190,"FL BRADENTON"," (AFT/MEA) 3821","Jan 1, 1800","611110","1100","PUBLIC"
"MANCHESTER BOARD OF SCHOOL COMMITTEE (TEACHERS)",3213,"NH MANCHESTER"," (NEA/MEA) MEA","Jun 30, 2004","611110","1200","PUBLIC"
"MANOR OF KENOSHA, LLC, THE",4016,"WI","WORKERS UNITED, SEIU (WU) 122 ","Aug 8, 2022","623110","80","PRIVATE"
"MANOR TOOL AND MFG., CO.",3953,"IL","CHEMICAL AND PRODUCTION WORKERS 30","Jun 30, 2026","332119","17","PRIVATE"
"MANSUETO VENTURES, LLC",4900,"NY","WRITERS GUILD EAST AFL-CIO (WGAE) ","Dec 31, 2024",,,"PRIVATE"
"MANUFACTURERS WOODWORKERS ASSOCIATION. OF NY",116,"NY NEW YORK"," (CJA) DC OF NYC","Jun 30, 2002","337122","1100","PRIVATE"
"MAPAL, INC.",4358,"MI","AUTO WORKERS AFL-CIO (UAW) 375 ST CLAIR","Oct 31, 2028","333515","45","PRIVATE"
"MARBLEHEAD, TOWN OF",4401,"MA","MARBLEHEAD MUNICIPAL EMPLOYEES UNION 1776","Jun 30, 2024",,,"PUBLIC"
"MARCEGAGLIA, USA, INC.",2119,"PA MCKEESPORT","USPFRMAEA 5852-22","Sep 30, 2017","331210",,"PRIVATE"
"MARE ISLAND DRY DOCK, LLC",4579,"CA","MACHINISTS AFL-CIO (IAM) 4 ","Oct 31, 2027",,,"PRIVATE"
"MARIN COUNTY OF, (UNITS 1-5 & 16)",2989,"CA SAN RAFAEL"," (SEIU) MAPE 949","Jun 30, 2007","921190","1500","PUBLIC"
"MARIN, COUNTY OF",4644,"CA","STAGE AND PICTURE OPERATORS AFL-CIO (IATSE) 16 ","Jun 30, 2024",,,"PUBLIC"
"MARION COUNTY FLORIDA, THE DISTRICT SCHOOL BOARD",3137,"FL OCALA"," (NEA) ","Jun 30, 2007","611110","1850","PUBLIC"
"MARKEY MACHINERY COMPANY",2359,"WA","BOILERMAKERS AFL-CIO (BBF) 104","Oct 1, 2017",,,"PRIVATE"
"MARKLE MANUFACTURING COMPANY OF SAN ANTONIO",4339,"TX","COMMUNICATIONS WORKERS AFL-CIO (CWA) 86780 IUE - CWA","Sep 15, 2026","332312","18","PRIVATE"
"MARSH PLATING CORPORATION",2076,"MI","STEELWORKERS, AFL-CIO (USW) 2 513","Feb 1, 2015","238140","1000","PRIVATE"
"MARTIN COUNTY SCHOOL BOARD (TEACHERS)",2636,"FL"," (AFT/MCEA) CH 447","Jun 30, 2005","611110","1000","PUBLIC"
"MARTIN MARIETTA MATERIALS, INC.",4032,"WV","ENGINEERS, OPERATING, AFL-CIO (IUOE) 132 ","Jan 31, 2022",,,"PRIVATE"
"MARYLAND HEAVY & HIGHWAY CONTRACTORS ASSOCIATION",1418,"MD BALTIMORE","ENGINEERS, OPERATING, AFL-CIO (IUOE) 37","Mar 31, 2005","23731","1450","PRIVATE"
"MARYLAND, STATE OF (LAW ENFORCEMENT-UNIT 1)",2991,"MD"," (SLEOLA-1) ","Jun 30, 2005",,,"PUBLIC"
"MARYLAND, UNIVERSITY OF (POLICE OFFICER) SPANISH / ESPAÑOL VERSION",4731,"MD","STATE COUNTY AND MUNI EMPLS AFL-CIO (AFSCME) 3 MARYLAND STATE & UNIVERSITY EMPLOYEES","Jun 30, 2027",,,"PUBLIC"
"MASON CONTRACTOR ASSOCIATION OF ST. LOUIS",4145,"MO","BRICKLAYERS AFL-CIO (BAC) 1 ","May 31, 2019",,,"PRIVATE"
"MASON CONTRACTOR ASSOCIATION OF ST. LOUIS",4835,"MO","BRICKLAYERS AFL-CIO (BAC) 1 ","May 31, 2027",,,"PRIVATE"
"MASON CONTRACTORS ASSOCIATION OF CLEVELAND",1528,"OH CLEVELAND","BRICKLAYERS AFL-CIO (BAC) 5 CLEVELAND OHIO","Apr 30, 2005","23814","1500","PRIVATE"
"MASON CONTRACTORS ASSOCIATION OF GREATER CHICAGO",1194,"IL","BRICKLAYERS AFL-CIO (BAC) 14/BRICKLAYERS AFL-CIO (BAC) 20/BRICKLAYERS AFL-CIO (BAC) 21/BRICKLAYERS AFL-CIO (BAC) 27/BRICKLAYERS AFL-CIO (BAC) 56/BRICKLAYERS AFL-CIO (BAC) 74","May 31, 2004",,,"PRIVATE"
"MASON CONTRACTORS ASSOCIATION OF HAWAII",4494,"HI","LABORERS  (LIUNA) 368 ","Aug 31, 2024",,,"PRIVATE"
"MASON CONTRACTORS ASSOCIATION OF MA",1488,"MA BOSTON"," (BAC) 3","Jul 31, 2007","23814","2500","PRIVATE"
"MASON CONTRACTORS ASSOCIATION OF SAINT LOUIS",2268,"MO"," (IBB) 1","May 31, 2021",,,"PRIVATE"
"MASON CONTRACTORS ASSOCIATION OF SOUTHEAST MISSOURI",1503,"MO","BRICKLAYERS / B.A.C. ADMINISTRATIVE DISTRICT AFL-CIO","May 31, 2023",,,"PRIVATE"
"MASON CONTRACTORS ASSOCIATION OF SOUTHEAST MISSOURI",1997,"MO","BRICKLAYERS AFL-CIO (BAC) 23","May 31, 2013","23814","1000","PRIVATE"
"MASON CONTRACTORS ASSOCIATION OF SOUTHEAST MISSOURI",1998,"MI"," (BAC) DC EASTERN MISSOURI","May 31, 2018",,,"PRIVATE"
"MASON CONTRACTORS ASSOCIATION OF SOUTHEAST MISSOURI",2234,"MO"," (BAC) ","May 31, 2018",,,"PRIVATE"
"MASON CONTRACTORS ASSOCIATION OF SOUTHEAST MISSOURI",4146,"MO","BRICKLAYERS AFL-CIO (BAC) ADMIN DISTRICT COUNCIL OF EASTERN MISSOURI","Jun 4, 2030",,,"PRIVATE"
"MASON CONTRACTORS ASSOCIATION OF ST. LOUIS",1444,"MO ST LOUIS","LABORERS  (LIUNA) 110/LABORERS  (LIUNA) 42/LABORERS  (LIUNA) 660","Feb 28, 2005","23814","1500","PRIVATE"
"MASON CONTRACTORS ASSOCIATION OF ST. LOUIS",1445,"MO","LABORERS  (LIUNA) 110/LABORERS  (LIUNA) 42/LABORERS  (LIUNA) 660","Feb 28, 2010","23814","1500","PRIVATE"
"MASON CONTRACTORS ASSOCIATION OF ST. LOUIS",1504,"MO","BRICKLAYERS / B.A.C. ADMINISTRATIVE DISTRICT 1","May 31, 2029",,,"PRIVATE"
"MASON CONTRACTORS ASSOCIATION OF ST. LOUIS",2297,"MO"," (BAC) DC","May 31, 2021",,,"PRIVATE"
"MASON CONTRACTORS ASSOCIATION. OF ST. LOUIS",987,"MO ST LOUIS","BRICKLAYERS AFL-CIO (BAC) 1","May 31, 2006","23814","1100","PRIVATE"
"MASON CONTRACTORS ASSOCIATION. OF ST. LOUIS",2127,"MO ST LOUIS"," (BAC) -","May 31, 2021","238140",,"PRIVATE"
"MASON CONTRACTORS EXCHANGE OF SO CA (BRCK TNDRS)",1345,"CA SOUTHERN","LABORERS  (LIUNA) 0 GEORGIA-SOUTH CAROLINA","Aug 31, 2006","23814","1200","PRIVATE"
"MASON CONTRACTORS EXCHANGE OF SO. CA",1346,"CA SOUTHERN","BRICKLAYERS AFL-CIO (BAC) 4 BRICKLAYERS & ALLIED CRAFTWORKERS","Apr 30, 2004","23814","1100","PRIVATE"
"MASON TENDERS MASTER INDEPENDENT AGREEMENT",1604,"NY NEW YORK","LABORERS  (LIUNA) 78/LABORERS  (LIUNA) 79","Jun 30, 2005","23622","4000","PRIVATE"
"MASONITE CORPORATION, VANDALIA OHIO FACILITY",3832,"OH","CARPENTERS IND (CJA) 2031 INDUSTRIAL LOCAL 2031","Mar 31, 2026",,,"PRIVATE"
"MASONRY CONT ASSOC OF SPOKANE, INC.",2133,"IDAHO, WA","LABORERS  (LIUNA) 238/LABORERS  (LIUNA) 348","May 31, 2015","238140",,"PRIVATE"
"MASS ELECTRIC CONSTRUCTION CO.",1097,"CA","ELECTRICAL WORKERS IBEW AFL-CIO (IBEW) 11","Jun 30, 2015","23821","5500","PRIVATE"
"MASS ELECTRIC CONSTRUCTION CO.",1098,"CA","ELECTRICAL WORKERS IBEW AFL-CIO (IBEW) 11","Jun 30, 2015","23821","5500","PRIVATE"
"MASS ELECTRIC CONSTRUCTION COMPANY (RAILROAD SIGNAL MAINTENANCE)",1510,"MA"," (IBEW) ","Nov 30, 2003",,,"PRIVATE"
"MASS TRANSIT ADMINISTRATION OF MARYLAND (OPERATING & MAINTANENCE)",3393,"MD"," (ATU) 1300","Jun 30, 2005",,,"PUBLIC"
"MASSACHUSETTS BAY TRANSPORTATION AUTHORITY (GENERAL UNIT)",3418,"MA BOSTON"," (ATU) 589","Jun 30, 2006","485111","4000","PUBLIC"
"MASSACHUSETTS COMMUNITY COLLEGE COUNCIL, THE BOARD OF HIGHER EDUCATION (FACULTY & PROF)",2654,"MA"," (NEA/MTA) ","Jun 30, 2006","611210","2200","PUBLIC"
"MASSACHUSETTS ELECTRIC COMPANY/NEW ENGLAND POWER COMPANY/NEW ENGLAND POWER SERVICE COMPANY/GRANITE STATE ELECTRIC COMPANY",2248,"MA","ELECTRICAL WORKERS IBEW AFL-CIO (IBEW) 326/ELECTRICAL WORKERS IBEW AFL-CIO (IBEW) 486","May 11, 2003",,,"PRIVATE"
"MASSACHUSETTS, BOARD OF HIGHER EDUCATION (DGCE FACULTY)",2658,"MA"," (NEA/MTA) ","Aug 31, 2006","611310","3000","PUBLIC"
"MASSACHUSETTS, COMMONWEALTH OF",3493,"MA","AFCME/SEIU LOCALS 8 & 10","Dec 31, 2011","62211","11489","PUBLIC"
"MASSACHUSETTS, COMMONWEALTH OF",3494,"MA","AFCME/SEIU LOCALS 8 & 10","Dec 31, 2011","62211","11489","PUBLIC"
"MASSACHUSETTS, COMMONWEALTH OF",3495,"MA","SERVICE EMPLOYEES (SEIU) 509","Dec 31, 2013","62211","11489","PUBLIC"
"MASSACHUSETTS, COMMONWEALTH OF",3496,"MA","SERVICE EMPLOYEES (SEIU) 509","Dec 31, 2013","62211","11489","PUBLIC"
"MASSACHUSETTS, COMMONWEALTH OF (ADMIN & CLERK-UNIT 1)",31,"MA"," (NAGE) R1-290, R1-291, R1-292","Jun 30, 2006","921190","9000","PRIVATE"
"MASSACHUSETTS, COMMONWEALTH OF (CARE PROFESSIONAL UNIT 7)",2679,"MA"," (ANA/MNA) ","Jun 30, 2003","622","3400","PUBLIC"
"MASSACHUSETTS, COMMONWEALTH OF (ENGINEERS & SCIENTIST)",2616,"MA"," (MOSES- I) ","Jun 30, 2006","921190","2800","PUBLIC"
"MASSACHUSETTS, COMMONWEALTH OF (PROFESSIONAL-UNIT 6)",32,"MA"," (NAGE) R1-207, R1-282","Jun 30, 2006","921190","5000","PRIVATE"
"MASSACHUSETTS, COMMONWEALTH OF (TROOPERS, SERGEANTS-UNIT 5A)",2798,"MA BOSTON"," (SPAM) ","Dec 31, 2002","922120","2000","PUBLIC"
"MASSACHUSETTS, COMMONWEALTH OF (UNIT 1 EMPLOYEES)",4642,"MA","GOVERNMENT EMPLS NAGE SEIU AFL-CIO (NAGE) /GOVERNMENT EMPLS NAGE SEIU AFL-CIO (NAGE) R-292","Jun 30, 2027",,,"PUBLIC"
"MASSACHUSETTS, COMMONWEALTH OF (UNIT 6 EMPLOYEES)",4647,"MA","GOVERNMENT EMPLS NAGE SEIU AFL-CIO (NAGE) /GOVERNMENT EMPLS NAGE SEIU AFL-CIO (NAGE) R1-207/GOVERNMENT EMPLS NAGE SEIU AFL-CIO (NAGE) R1-282","Jun 30, 2023",,,"PUBLIC"
"MASSACHUSETTS, COMMONWEALTH OF (UNIT 8 & 10)",28,"MA BOSTON","SEIU,AFSCME ","Jun 30, 2004","921190","20000","PRIVATE"
"MASSACHUSETTS, COMMONWEALTH OF (UNITS 8)",2717,"MA BOSTON","SERVICE EMPLOYEES (SEIU) 254/SERVICE EMPLOYEES (SEIU) 509/STATE COUNTY AND MUNI EMPLS AFL-CIO (AFSCME) 93 AFSCME","Jun 30, 2004","921190","6800","PUBLIC"
"MASSACHUSETTS, THE BOARD OF HIGHER EDUCATION, REGIONAL COMMUNITY COLLEGES (TEACHERS)",2655,"MA"," (NEA/MTA) ","May 31, 2008","611210","3000","PUBLIC"
"MASSACHUSETTS, UNIVERSITY OF (PROFESSIONAL STAFF)",2779,"MA AMHERST","SERVICE EMPLOYEES (SEIU) 509","Jun 30, 2004","611310","2000","PUBLIC"
"MASSACHUSETTS, UNIVERSITY OF, BOARD OF TRUSTEES (ADMIN. PROFESSIONALS)",2649,"MA","SERVICE EMPLOYEES (SEIU) 509","Jun 30, 2004","611310","1800","PUBLIC"
"MASSACHUSETTS, UNIVERSITY OF, BOARD OF TRUSTEES (FACULTY)",3451,"MA"," (NEA/MTA) USA/MTA","Jun 30, 2004","611310","1000","PUBLIC"
"MASSACHUSETTS, UNIVERSITY OF, BOARD OF TRUSTEES (TEACHERS)",2648,"MA"," (NEA) 1776","Jun 30, 2004","611310","1000","PUBLIC"
"MASTER BUILDERS ASSOCIATION OF W. PA",1218,"PA WESTERN"," (CJA) W.PA RDC","May 31, 2005","23622","5000","PRIVATE"
"MASTER BUILDERS ASSOCIATION OF W. PA",1281,"PA WESTERN","LABORERS  (LIUNA) 0 WESTERN PENNSYLVANIA","May 31, 2005","23622","4500","PRIVATE"
"MASTER BUILDERS ASSOCIATION OF W. PA",1396,"PA WESTERN","ENGINEERS, OPERATING, AFL-CIO (IUOE) 66","May 31, 2005","23622","6500","PRIVATE"
"MATSON NAVIGATION COMPANY, INC.",3763,"HI","SEAFARERS AFL-CIO (SIUNA) ATLANTIC GULF LAKES & INLAND WATERS","Jun 30, 2026",,,"PRIVATE"
"MAXON LIFT CORPORATION",4590,"CA","TEAMSTERS (IBT) 630 ","Dec 31, 2024",,,"PRIVATE"
"MAY COMPANY D/B/A FILENE'S",587,"NEW ENGLAND","FOOD AND COMMERCIAL WKRS (UFCW) 1445","Feb 5, 2006","452110","2600","PRIVATE"
"MAYFIELD , KENTUCKY PLANT OF GENERAL TIRE, INC.",173,"KY"," (USW) -","Oct 15, 2006","452110",,"PRIVATE"
"MAYTAG GALESBURG REFRIGERATION PRODUCTS",235,"IL GALESBURG","MACHINISTS AFL-CIO (IAM) 2063","Apr 7, 2002","335224","1900","PRIVATE"
"MAYTAG HERRIN LAUNDRY PRODUCTS",265,"IL","MACHINISTS AFL-CIO (IAM) 111/MACHINISTS AFL-CIO (IAM) 554","Jun 12, 2009","335224","1200","PRIVATE"
"MAYTAG HERRIN LAUNDRY PRODUCTS",266,"IL HERRIN","MACHINISTS AFL-CIO (IAM) 554","Jun 12, 2009","335224","1200","PRIVATE"
"MAYTAG HERRIN LAUNDRY PRODUCTS",268,"IL HERRIN"," (IAM) LOCAL 997","Aug 1, 2008",,,"PRIVATE"
"MAYTAG NEWTON LAUNDRY",267,"IA","AUTO WORKERS AFL-CIO (UAW) 997","Jul 5, 2004","23822",,"PRIVATE"
"MAYWOOD, VILLAGE OF (FIREFIGHTERS)",4278,"IL","SERVICE EMPLOYEES (SEIU) 73 ","Apr 30, 2022",,,"PUBLIC"
"MAYWOOD, VILLAGE OF (TECHNICAL SUPPORT)",4303,"IL","SERVICE EMPLOYEES (SEIU) 73 ","Nov 30, 2022",,,"PUBLIC"
"MC2",2334,"IL"," (CRCC) ","May 31, 2020",,,"PRIVATE"
"MCA-SMACNA OF SAN ANTONIO, INC.",1908,"TX","PLUMBERS AFL-CIO (PPF) 142","Jun 30, 2010","23822","1044","PRIVATE"
"MCHENRY, COUNTY OF (CORONERS OFFICE)",4304,"IL","SERVICE EMPLOYEES (SEIU) 73 ","Nov 30, 2023",,,"PUBLIC"
"MCLAREN FLINT/MCLAREN LAPEER REGION",2273,"MI","STATE COUNTY AND MUNI EMPLS AFL-CIO (AFSCME) 25 MICHIGAN/STATE COUNTY AND MUNI EMPLS AFL-CIO (AFSCME) 2818 MCLAREN HEALTH CARE SKILLED MAINT","May 1, 2022",,,"PRIVATE"
"MCLAREN FLINT/MCLAREN LAPEER REGION/MCLAREN MEDICAL GROUP/MCLAREN HOMECARE GROUP",2275,"MI","STATE COUNTY AND MUNI EMPLS AFL-CIO (AFSCME) 25 MICHIGAN/STATE COUNTY AND MUNI EMPLS AFL-CIO (AFSCME) 2650","Sep 30, 2021",,,"PRIVATE"
"MCLAREN LAPEER REGION",2274,"MI"," (MNA) ","May 9, 2017",,,"PRIVATE"
"MCLAREN REGIONAL MEDICAL CENTER, LAPEER REGIONAL MEDICAL CENTER",3465,"MI","STATE COUNTY AND MUNI EMPLS AFL-CIO (AFSCME) 25 MICHIGAN","May 3, 2015","621491","1000","PUBLIC"
"MCNALLY JACKSON BOOKS/MCNALLY JACKSON CITY POINT LLC, DBA MCNALLY JACKSON BOOKS/MCNALLY JACKSON FAYAWAY, LLC/MCNALLY JACKSON GOODS FOR THE STUDY, LLC/MCNALLY JACKSON PRINTS AND GOODS, LLC/MCNALLY JACKSON SEAPORT, LLC/MCNALLY ROBINSON BOOKSELLERS, LLC",4646,"NY","FOOD AND COMMERCIAL WKRS (UFCW) /RETAIL WHOLESALE, DC, UFCW (RWDSU) ","Jan 31, 2025",,,"PRIVATE"
"MEA BENEFITS TRUST",2336,"ME"," (MEA) ","Aug 31, 2018",,,"PRIVATE"
"MEAD CORP., FINE PAPER DIVISION",121,"OH CHILLICOTHE","UPIU/PACE 731","Aug 1, 2005","322121","1300","PRIVATE"
"MEADOW VIEW NURSING AND RESPIRATORY CARE CENTER",2226,"NJ"," (IUOE) DC 1","Apr 1, 2021",,,"PRIVATE"
"MEADWESTVACO CORP., RUMFORD MILL/MEAD PAPERS",122,"ME RUMFORD","UPIU/PACE 900","Jun 30, 2007","322121","1100","PRIVATE"
"MEAT TRADE INSTITUTE",49,"NY NJ","FOOD AND COMMERCIAL WKRS (UFCW) 342 050","May 9, 2003","311611","2000","PRIVATE"
"MECHANICAL CONTRACTORS & MASTER PLUMBERS ASSOCIATIONS",1459,"CA SAN FRAN","PLUMBERS AFL-CIO (PPF) 38","Jun 30, 2007","23822","1800","PRIVATE"
"MECHANICAL CONTRACTORS ASSOCIATION",693,"NV LAS VEGAS","PLUMBERS AFL-CIO (PPF) 525","Jun 1, 2006","23822","1000","PRIVATE"
"MECHANICAL CONTRACTORS ASSOCIATION (AREA AGMT)",1398,"IL IN","PLUMBERS AFL-CIO (PPF) 597","Jun 1, 2006","23822","6500","PRIVATE"
"MECHANICAL CONTRACTORS ASSOCIATION (EAST CENTRAL OHIO)",4828,"OH","PLUMBERS AFL-CIO (PPF) 94 ","Apr 30, 2027",,,"PRIVATE"
"MECHANICAL CONTRACTORS ASSOCIATION (INDUSTR AGMT)",1448,"IL IN","PLUMBERS AFL-CIO (PPF) 597","Jun 1, 2006","23822","4500","PRIVATE"
"MECHANICAL CONTRACTORS ASSOCIATION (PLMB & PIPEFIT)",1291,"WA TACOMA","PLUMBERS AFL-CIO (PPF) 26 WESTERN WASHINGTON","May 31, 2006","23822","2600","PRIVATE"
"MECHANICAL CONTRACTORS ASSOCIATION METRO WASHINGTON (STMFITTRS)",1500,"DC WASHINGTON","PLUMBERS AFL-CIO (PPF) 602","Jul 31, 2004","23822","1800","PRIVATE"
"MECHANICAL CONTRACTORS ASSOCIATION OF CHICAGO",3961,"AL","PLUMBERS AFL-CIO (PPF) 91 ","Aug 31, 2026",,,"PRIVATE"
"MECHANICAL CONTRACTORS ASSOCIATION OF CLEVELAND (PIPFTTRS)",1529,"OH CLEVELAND","PLUMBERS AFL-CIO (PPF) 120","Apr 30, 2004","23822","1200","PRIVATE"
"MECHANICAL CONTRACTORS ASSOCIATION OF CT",1455,"CT","PLUMBERS AFL-CIO (PPF) 777","Jul 31, 2006","23822","3000","PRIVATE"
"MECHANICAL CONTRACTORS ASSOCIATION OF E. MO.",1626,"MO EASTERN","PLUMBERS AFL-CIO (PPF) 562","Jun 30, 2010","23822","2200","PRIVATE"
"MECHANICAL CONTRACTORS ASSOCIATION OF E. PA",1545,"PA PHILADELPHIA","PLUMBERS AFL-CIO (PPF) 690","Apr 30, 2009","23822","1000","PRIVATE"
"MECHANICAL CONTRACTORS ASSOCIATION OF E. PA",1547,"PA PHILADELPHIA","PLUMBERS AFL-CIO (PPF) 690","Apr 30, 2009","23822","1500","PRIVATE"
"MECHANICAL CONTRACTORS ASSOCIATION OF E. PA (CONSTRUCTION)",1548,"PA PHILADELPHIA","PLUMBERS AFL-CIO (PPF) 420","Apr 30, 2008","23822","2000","PRIVATE"
"MECHANICAL CONTRACTORS ASSOCIATION OF E. PA (JOBBING PLMBRS)",1541,"PA PHILADELPHIA","PLUMBERS AFL-CIO (PPF) 690","Apr 30, 2005","23822","1000","PRIVATE"
"MECHANICAL CONTRACTORS ASSOCIATION OF E. PA (JOBBING PLUMBERS)",1540,"PA","PLUMBERS AFL-CIO (PPF) 690","Apr 30, 2009","23822","1000","PRIVATE"
"MECHANICAL CONTRACTORS ASSOCIATION OF E. PA (PHILLY PLMBRS)",1546,"PA PHILADELPHIA","PLUMBERS AFL-CIO (PPF) 690","Apr 30, 2005","23822","1500","PRIVATE"
"MECHANICAL CONTRACTORS ASSOCIATION OF E. PA (READING PLMBRS)",1544,"PA READING","PLUMBERS AFL-CIO (PPF) 690","Apr 30, 2005","23822","1000","PRIVATE"
"MECHANICAL CONTRACTORS ASSOCIATION OF E. PA (RSDNTL PLMBRS)",1543,"PA PHILADELPHIA","PLUMBERS AFL-CIO (PPF) 690","Apr 30, 2003","23822","1000","PRIVATE"
"MECHANICAL CONTRACTORS ASSOCIATION OF GEORGIA",1711,"GA","PLUMBERS AFL-CIO (PPF) 72","Jul 31, 2004","23822","1500","PRIVATE"
"MECHANICAL CONTRACTORS ASSOCIATION OF HOUSTON (PIPEFITTRS)",1717,"TX HOUSTON","PLUMBERS AFL-CIO (PPF) 211","Mar 31, 2008","23822","1200","PRIVATE"
"MECHANICAL CONTRACTORS ASSOCIATION OF KANSAS CITY",3878,"KS","PLUMBERS & GAS FITTERS 8/PLUMBERS AFL-CIO (PPF) 441 /PLUMBERS AFL-CIO (PPF) 8 ","May 31, 2029",,,"PRIVATE"
"MECHANICAL CONTRACTORS ASSOCIATION OF KANSAS CITY",3880,"KS","PLUMBERS AFL-CIO (PPF) 533 ","May 31, 2029",,,"PRIVATE"
"MECHANICAL CONTRACTORS ASSOCIATION OF LOUISIANA",1633,"LA NEW ORLEANS","PLUMBERS AFL-CIO (PPF) 60","May 31, 2006","23822","1500","PRIVATE"
"MECHANICAL CONTRACTORS ASSOCIATION OF METRO WASHINGTON (PLUMBERS)",1519,"DC WASHINGTON","PLUMBERS AFL-CIO (PPF) 5","Jul 31, 2004","23822","1000","PRIVATE"
"MECHANICAL CONTRACTORS ASSOCIATION OF NEW JERSEY, INC,",4826,"NJ","PLUMBERS AFL-CIO (PPF) 274 ","Apr 30, 2029",,,"PRIVATE"
"MECHANICAL CONTRACTORS ASSOCIATION OF NEW JERSEY, INC.",2395,"NJ","PLUMBERS AFL-CIO (PPF) 9","Jun 30, 2020",,,"PRIVATE"
"MECHANICAL CONTRACTORS ASSOCIATION OF NM",1477,"NM ALBUQUERQUE","PLUMBERS AFL-CIO (PPF) 412","Mar 31, 2006","23822","1575","PRIVATE"
"MECHANICAL CONTRACTORS ASSOCIATION OF NORTHWESTERN OHIO",1478,"OH TOLEDO","PLUMBERS AFL-CIO (PPF) 50","Jun 29, 2008","23822","960","PRIVATE"
"MECHANICAL CONTRACTORS ASSOCIATION OF NY",1483,"NY","PLUMBERS AFL-CIO (PPF) 638","Jun 30, 2017","23822","3300","PRIVATE"
"MECHANICAL CONTRACTORS ASSOCIATION OF NY",1485,"NY","PLUMBERS AFL-CIO (PPF) 638","Jul 1, 2011","23822","3300","PRIVATE"
"MECHANICAL CONTRACTORS ASSOCIATION OF NY (STEAMFITTERS)",1484,"NY NEW YORK","PLUMBERS AFL-CIO (PPF) 638","Jun 30, 2005","23822","3300","PRIVATE"
"MECHANICAL CONTRACTORS ASSOCIATION OF SO. IN",1091,"IN EVANSVILLE","PLUMBERS AFL-CIO (PPF) 136","Mar 31, 2007","23822","1000","PRIVATE"
"MECHANICAL CONTRACTORS ASSOCIATION OF W. PA",1751,"PA WESTERN","PLUMBERS AFL-CIO (PPF) 449 STEAMFITTERS LOCAL #449","May 31, 2005","23822","1050","PRIVATE"
"MECHANICAL CONTRACTORS ASSOCIATION OF W. WA (BLDG TRADES)",1037,"WA WESTERN","PLUMBERS AFL-CIO (PPF) 32","May 31, 2005","23822","1000","PRIVATE"
"MECHANICAL CONTRACTORS COUNCIL OF CENTRAL CA",1494,"CA CENTRAL","PLUMBERS AFL-CIO (PPF) 36 PIPE TRADES","Sep 30, 2006","23822","1200","PRIVATE"
"MECHANICAL CONTRACTORS COUNCIL OF CENTRAL CALIFORNIA",4616,"CA","PLUMBERS AFL-CIO (PPF) 36 PIPE TRADES","Sep 30, 2028",,,"PRIVATE"
"MEGGITT AIRCRAFT BRAKING SYSTEMS CORPORATION",2166,"OH AKRON","AUTO WORKERS AFL-CIO (UAW) 856","Jul 31, 2018","336413",,"PRIVATE"
"MEIJER FOOD MKT (TOLEDO STORES 115-118)",548,"OH TOLEDO","FOOD AND COMMERCIAL WKRS (UFCW) 911","Apr 1, 2007","445110","1050","PRIVATE"
"MEIJER GREAT LAKES LTD PARTNERSHIP - DISTRIBUTION CENTERS",593,"MI","FOOD AND COMMERCIAL WKRS (UFCW) 951","Sep 8, 2007","445110","2000","PRIVATE"
"MEIJER GREAT LAKES LTD PARTNERSHIP - RETAIL CONTRACT",652,"MI","FOOD AND COMMERCIAL WKRS (UFCW) 951","Sep 8, 2007","445110","34000","PRIVATE"
"MEIJER STORES (# 101, 102, 103,106,107, 112)",635,"OH","FOOD AND COMMERCIAL WKRS (UFCW) 1099","Apr 25, 2009","445110","2500","PRIVATE"
"MEIJER STORES (# 148, 150, 151, 157, 159)",636,"OH CINCINNATI","FOOD AND COMMERCIAL WKRS (UFCW) 1099","Oct 8, 2005","445110","2500","PRIVATE"
"MEIJER STORES (# 58, 59, 60, 62, 104, 114, 143, 181, 212)",686,"OH COLUMBUS","FOOD AND COMMERCIAL WKRS (UFCW) 1059","May 6, 2006","445110","2000","PRIVATE"
"MELBOURNE, CITY OF",3548,"FL MEBOURNE"," (LIUNA) 678","Sep 30, 2016","488190",,"PUBLIC"
"MELGAR FACILITY MAINTENANCE, LLC (U.S. DEPARTMENT OF EDUCATION)",4136,"DC","SERVICE EMPLOYEES (SEIU) 32 BJ MOTOR VEHICLE INSPECTORS DIVISION","Dec 31, 2025",,,"PRIVATE"
"MELGAR FACILITY MAINTENANCE, LLC. (MARY SWITZER BUILDING)",3843,"DC","SERVICE EMPLOYEES INTERNATIONAL UNION 32BJ ","Dec 31, 2025",,,"PRIVATE"
"MELWOOD & EGGLESTON ENTERPRISES, LLC",3900,"MD","ENGINEERS, OPERATING, AFL-CIO (IUOE) 99 ","Jul 31, 2023",,,"PRIVATE"
"MEMPHIS CITY SCHOOLS (BLUE COLLAR)",3158,"TN MEMPHIS","STATE COUNTY AND MUNI EMPLS AFL-CIO (AFSCME) 1733 MEMPHIS PUBLIC EMPLOYEES UNION","Oct 31, 2007","611110","1800","PUBLIC"
"MEMPHIS CITY SCHOOLS (TEACHERS)",3259,"TN MEMPHIS"," (NEA/MEA) MEA","Jun 30, 2006","611110","7000","PUBLIC"
"MEMPHIS LIGHT, GAS & WATER DIV (NONSUPERVISORS)",2897,"TN MEMPHIS","ELECTRICAL WORKERS IBEW AFL-CIO (IBEW) 1288","Jan 1, 2005","221210","1600","PUBLIC"
"MEMPHIS, CITY OF (POLICE)",2820,"TN MEMPHIS","STATE COUNTY AND MUNI EMPLS AFL-CIO (AFSCME) 1733 MEMPHIS PUBLIC EMPLOYEES UNION","Jun 20, 2004","921190","1200","PUBLIC"
"MEMPHIS, CITY OF (POLICE)",3234,"TN MEMPHIS"," (IUPA) ","Jun 30, 2006","922120","1200","PUBLIC"
"MEMPHIS, THE CITY OF (FIREFIGHTERS)",3235,"TN MEMPHIS"," (IAFF) 1784","Jun 30, 2006","922160","1400","PUBLIC"
"MENARD COUNTY (HIGHWAY - MAINT.)",4187,"IL","TEAMSTERS (IBT) 916 ","Nov 30, 2022",,,"PUBLIC"
"MENARD ELECTRIC COOPERATIVE",4521,"IL","ELECTRICAL WORKERS IBEW AFL-CIO (IBEW) 51 ","Jul 31, 2028","221122","16","PRIVATE"
"MENDOCINO COUNTY, BOARD OF SUPERVISORS",2979,"CA MENDOCINO CT","SERVICE EMPLOYEES (SEIU) 707 SONOMA CTY PUBLIC/PRIVATE EMPLS","Mar 31, 2004","921190","1224","PUBLIC"
"MENTAL HEALTH AND PUBLIC SAFETY, MISSOURI VETERANS COMMISSION, THE DEPARTMENT OF(STATE OF MISSOURI)",2620,"MI","STATE COUNTY AND MUNI EMPLS AFL-CIO (AFSCME) 72","Jun 30, 2006",,"2600","PUBLIC"
"MERCED COUNTY CA (UNITS 4, 5, 6 & 8)",3075,"CA MERCED CNTY"," (AFSCME) 2703","Dec 31, 2003","921190","1000","PUBLIC"
"MERCK AND CO.",155,"NJ RAHWAY"," (PACE) 2-575","Apr 30, 2006","325412","1700","PRIVATE"
"MERCK AND CO.",156,"PA WEST POINT"," (PACE) 2-0086","Apr 30, 2007","325412","1600","PRIVATE"
"MERCURY MARINE",250,"WI","MACHINISTS AFL-CIO (IAM) 1947","Jun 20, 2004",,,"PRIVATE"
"MERCY COLLEGE",1925,"NY"," (UAW) 2110","Sep 30, 2010","813319","2771","PRIVATE"
"MERCY HOSPITAL OF BUFFALO (SERV, TECH & CLERICAL)",886,"NY BUFFALO"," (CWA) -","Jun 3, 2008","62211","1300","PRIVATE"
"MERCY HOSPITAL OF BUFFALO (SERVICE, TECHNICAL & CLERICAL)",885,"NY NEW YORK"," (NHHSEU) 1199","Dec 31, 2005","621610","55000","PRIVATE"
"MERCY HOSPITAL, ALLINA HOSPITALS & CLINICS",756,"MN ST PAUL"," (MNA) -","May 31, 2007","62211","1500","PRIVATE"
"MERRILLVILLE BOARD OF SCHOOL TRUSTEES/MERRILLVILLE COMMUNITY SCHOOL CORPORATION",4174,"IN","SERVICE EMPLOYEES (SEIU) 73 ","Dec 31, 2024",,,"PUBLIC"
"METAL POWDER PRODUCTS (WASHINGTON STREET DIVISION)",4317,"PA","COMMUNICATIONS WORKERS AFL-CIO (CWA) 88502 ","May 7, 2025",,,"PRIVATE"
"METCAP LIVING MANAGEMENT, INC.",2174,"MI"," (LIUNA) 183","Apr 30, 2016",,,"PRIVATE"
"METHODIST CHILDREN'S HOME SOCIETY",4002,"MI","STATE COUNTY AND MUNI EMPLS AFL-CIO (AFSCME) 824 METHODIST CHILDREN'S HOME SOCIETY","Dec 31, 2017",,,"PRIVATE"
"METHODIST MEDICAL CENTER OF OAK RIDGE (RN UNIT)",4624,"TN","SERVICE EMPLOYEES (SEIU) 205 ","Oct 10, 2027",,"242","PRIVATE"
"METHODIST MEDICAL CENTER OF OAK RIDGE (S&T UNIT)",4625,"TN","SERVICE EMPLOYEES (SEIU) 205 ","Oct 10, 2027",,"388","PRIVATE"
"METRO",4694,"OR","AMERICAN FEDERATION OF STATE COUNTY AND MUNICIPAL EMPLOYEES (AFSCME) 3580","Jun 30, 2025",,,"PUBLIC"
"METRO (PORTLAND, OREGON)",3537,"OR","LABORERS  (LIUNA) 483","Jun 30, 2018","611110",,"PUBLIC"
"METRO DETROIT PLUMBG & MECH. CONTR. ASSOCIATION (PLUMBERS)",1289,"MI DETROIT","PLUMBERS AFL-CIO (PPF) 98","May 31, 2006","23822","1400","PRIVATE"
"METRO DETROIT PLUMBING & MECHANICAL CONTRACTORS ASSOCIATION (PIPEFTTRS)",1487,"MI DETROIT","PLUMBERS AFL-CIO (PPF) 636 PIPEFITTERS LOCAL NO. 636 OF THE UA","May 31, 2006","23822","1000","PRIVATE"
"METRO EAST SANITARY DISTRICT",3819,"IL","TEAMSTERS (IBT) 50 ","Dec 31, 2026",,,"PUBLIC"
"METRO EXHIBITS",2333,"IL"," (CRCC) ","May 31, 2020",,,"PRIVATE"
"METRO HEALTH MEDICAL CENTERS (NONPROFESSIONALS)",2994,"OH CLEVELAND"," (CNCL 8) 3360, 3353","Feb 3, 2007","622","2050","PUBLIC"
"METRO/BASICS/FOOD-A-RAMA (SHOPPERS)",558,"MD BALTIMORE","FOOD AND COMMERCIAL WKRS (UFCW) 27","Jun 1, 2002","445110","1850","PRIVATE"
"METROPOLITAN AIRPORTS COMMISSION (CARPENTER, MAINTENANCE, AND CONSTRUCTION)",4069,"MN","CARPENTERS IND (CJA) NORTH CENTRAL STATES REGIONAL COUNCIL","Apr 30, 2026",,,"PRIVATE"
"METROPOLITAN AIRPORTS COMMISSION (ELECTRICAL, MAINTENANCE, AND CONSTRUCTION)",4214,"MN","ELECTRICAL WORKERS IBEW AFL-CIO (IBEW) 292 ","Apr 30, 2026",,,"PRIVATE"
"METROPOLITAN AIRPORTS COMMISSION (PAINTER, MAINTENANCE, AND CONSTRUCTION)",4067,"MN","PAINTERS AFL-CIO (PAT) 386 /PAINTERS AFL-CIO (PAT) 82 ","Apr 30, 2026",,,"PRIVATE"
"METROPOLITAN ASSOCIATION OF DOLL, STUFFED TOY & PLASTICS MFRS",383,"NY"," (IUANPW) 223","Jun 30, 2009","339931","1600","PRIVATE"
"METROPOLITAN ATLANTA RAPID TRANSIT AUTHORITY",3447,"GA ATLANTA","TRANSIT UNION AFL-CIO (ATU) 732","Jul 1, 2005","485111","2200","PUBLIC"
"METROPOLITAN BUILDERS",2495,"MN"," (LIUNA) ","Apr 30, 2019",,,"PRIVATE"
"METROPOLITAN COUNCIL/METRO TRANSIT",3442,"MN","TRANSIT UNION AFL-CIO (ATU) 1005","Jul 31, 2012","485111","2000","PUBLIC"
"METROPOLITAN COUNCIL/METRO TRANSIT (OPNS)",3441,"MN ST PAUL","TRANSIT UNION AFL-CIO (ATU) 1005","Jul 31, 2003","485111","2000","PUBLIC"
"METROPOLITAN EXPOSITION RECREATION COMMISSION",4747,"OR","STAGE AND PICTURE OPERATORS AFL-CIO (IATSE) 28 ","Jun 30, 2026",,,"PRIVATE"
"METROPOLITAN GARAGE OWNERS ASSOCIATION",788,"NY NEW YORK","TEAMSTERS (IBT) 272","Mar 5, 2009","81293","1000","PRIVATE"
"METROPOLITAN LIFE INSURANCE COMPANY",3533,"NY, NY","NEA RHODE ISLAND -","Dec 31, 2008","524928",,"PUBLIC"
"METROPOLITAN LITHOGRAPHERS ASSOCIATION",142,"NY NEW YORK","GRAPHIC COMMUNICATIONS, IBT (GCIU) 1","Jun 30, 2005","323110","1500","PRIVATE"
"METROPOLITAN LITHOGRAPHERS ASSOCIATION",3963,"NY","AMALGAMATED LITHOGRAPHERS OF AMERICA 1","Jun 30, 2009","323110",,"PRIVATE"
"METROPOLITAN NASHVILLE BOARD OF EDUCATION",3126,"TN NASHVILLE"," (NEA) MNEA","Jun 30, 2009","611110","4500","PUBLIC"
"METROPOLITAN PIER AND EXPOSITION AUTHORITY (MCCORMICK PLACE COMPLEX)",4134,"IL","ENGINEERS, OPERATING, AFL-CIO (IUOE) 399 ","Jan 14, 2023",,,"PRIVATE"
"METROPOLITAN REGIONAL COUNCIL OF PHILADELPHIA AND VICINITY",2079,"PA","CARPENTERS IND (CJA) 1073","Apr 30, 2012","2362","1000","PRIVATE"
"METROPOLITAN REGIONAL COUNCIL OF PHILLY/ DELAWARE CONTRACTORS ASSOCIATION",1093,"PA/DE","CARPENTERS IND (CJA) 626","Apr 30, 2008","2362","1100","PRIVATE"
"METROPOLITAN TRANSIT AUTHORITY OF HARRIS COUNTY (METRO)",4700,"TX","TRANSPORT WORKERS AFL-CIO (TWU) /TRANSPORT WORKERS AFL-CIO (TWU) 260 ","Jan 31, 2027",,,"PUBLIC"
"METROPOLITAN TRUCKERS ASSOCIATION, INC (MTA)",3876,"NY","TEAMSTERS (IBT) 282 ","Jun 30, 2023",,,"PRIVATE"
"METROPOLITAN TRUCKERS ASSOCIATION, INC & INDEPENDENTS",1512,"NY","TEAMSTERS (IBT) 282","Jun 30, 2009",,,"PRIVATE"
"METROPOLITAN WASHINGTON COUNCIL AFL-CIO",2184,"DC"," (WBNG) 32035","Dec 31, 2017",,,"PRIVATE"
"MG DESIGN ASSOCIATES",2332,"IL"," (CRCC) ","May 31, 2020",,,"PRIVATE"
"MIAMI - DADE COUNTY (GENERAL CLASSIFIED)",2983,"FL"," (AFSCME) 199","Sep 30, 2005","921190","11000","PUBLIC"
"MIAMI - DADE COUNTY (SUPERVISORS)",2875,"FL DADE CNTY"," (GSAF-I) 100","Sep 30, 2005","921190","1800","PUBLIC"
"MIAMI - DADE COUNTY & MIAMI-DADE FIRE RESCUE DEPARTMENT",3064,"FL"," (DCAFF) 1403","Sep 30, 2006",,,"PUBLIC"
"MIAMI - DADE COUNTY PUBLIC SCHOOLS (PUBLIC HEALTH TRUST & REGISTERED NURSES)",3094,"FL"," (SEIU) -","Sep 30, 2005",,,"PUBLIC"
"MIAMI - DADE COUNTY SCHOOL BOARD (TEACHERS)",3349,"FL"," (AFT) UTD","Jun 30, 2006","611110","21200","PUBLIC"
"MIAMI - DADE COUNTY, (PROFESSIONAL EMPLOYEES)",3491,"FL","OFFICE AND PROFESSIONAL EMPLS AFL-CIO (OPEIU) 100","Sep 30, 2011","921491","1500","PUBLIC"
"MIAMI - DADE COUNTY, FLORIDA",2874,"FL","OFFICE AND PROFESSIONAL EMPLS AFL-CIO (OPEIU) 100","Sep 30, 2005",,,"PUBLIC"
"MIAMI - DADE COUNTY, FLORIDA",3390,"FL"," (TWU) 291","Sep 30, 2005",,,"PUBLIC"
"MIAMI - DADE COUNTY, METROPOLITAN (AVIATION DEPT.)",3457,"FL DADE CNTY"," (AFSCME) 1542","Sep 30, 2005","488119","1000","PUBLIC"
"MIAMI - DADE COUNTY, THE SCHOOL BOARD OF (MAINTENANCE)",3348,"FL"," (DCSMEC-I) -","Sep 30, 2002","611110","1050","PUBLIC"
"MIAMI, CITY OF (GENERAL EMPLOYEES)",3024,"FL"," (AFSCME) 1907","Sep 30, 2004","921190","1200","PUBLIC"
"MIAMI, CITY OF, FLORIDA",3453,"FL"," (FOP) LODGE 20","Sep 30, 2005","485111","2000","PUBLIC"
"MICHIANA BUILDERS ASSOCIATION",1856,"IN","PLASTERERS AND CEMENT MASONS AFL-CIO (OPCM) 692","May 31, 2017","238140","1730","PRIVATE"
"MICHIANA BUILDERS ASSOCIATION",1857,"IN","PLASTERERS AND CEMENT MASONS AFL-CIO (OPCM) 692","May 31, 2012","238140","1730","PRIVATE"
"MICHIANA BUILDERS ASSOCIATION",2134,"IN","LABORERS  (LIUNA) 645","May 31, 2017","236117",,"PRIVATE"
"MICHIGAN CONSOLIDATED GAS CO. (NOW DTE ENERGY CO.)",469,"MI DETROIT"," (UWU) 323","Dec 2, 2004","221210","1000","PRIVATE"
"MICHIGAN CONVEYOR MFGRS ASSOCIATION & AGC DETROIT",1369,"MI DETROIT","CARPENTERS IND (CJA) 1102","May 31, 2007","23813","1300","PRIVATE"
"MICHIGAN DISTRIBUTION CONTRACTORS ASSOCIATION",1533,"MI","ENGINEERS, OPERATING, AFL-CIO (IUOE) 324","Apr 30, 2008","23712","10000","PRIVATE"
"MICHIGAN MILK PRODUCERS ASSOC. (CONSTANTINE PLANT)",3836,"MI","TEAMSTERS (IBT) 406 ","Sep 13, 2025",,,"PRIVATE"
"MICHIGAN ROAD BUILDERS ASSOCIATION.",1251,"MI","TEAMSTERS (IBT) 43","Jun 1, 2003","23731","1000","PRIVATE"
"MICHIGAN ROAD BUILDERS ASSOCIATION.",1476,"MI","LABORERS  (LIUNA) 0 MICHIGAN","Jun 1, 2006","23731","3500","PRIVATE"
"MICHIGAN ROAD BUILDERS ASSOCIATION.",1578,"MI","ENGINEERS, OPERATING, AFL-CIO (IUOE) 324","Jun 1, 2008","23731","2000","PRIVATE"
"MICHIGAN STATE UNIVERSITY",2614,"MI E LANSING"," (AFSCME) 1585 CN 25","Jul 1, 2006","611310","1000","PUBLIC"
"MICHIGAN STATE UNIVERSITY",3578,"MI"," (AFSCME) 1585","Jul 31, 2018",,,"PUBLIC"
"MICHIGAN STATE UNIVERSITY",3579,"MI"," (AFSCME) 1585","Jul 31, 2018",,,"PUBLIC"
"MICHIGAN STATE UNIVERSITY",3580,"MI","STAGE AND PICTURE OPERATORS AFL-CIO (IATSE) 274 LOCAL M274, LANSING","Aug 31, 2018",,,"PUBLIC"
"MICHIGAN STATE UNIVERSITY",3581,"MI","ENGINEERS, OPERATING, AFL-CIO (IUOE) 324","Dec 15, 2018",,,"PUBLIC"
"MICHIGAN STATE UNIVERSITY",3583,"MI"," (MSU) 999","Jun 30, 2018",,,"PUBLIC"
"MICHIGAN STATE UNIVERSITY (ADMINISTRATIVE PROFESSIONAL SUPERVISORS ASSOCIATION)",3576,"MI"," (MSUAPSA) ","Sep 30, 2019",,,"PUBLIC"
"MICHIGAN STATE UNIVERSITY (ADMINISTRATIVE PROFESSIONALS ASSOCIATION)",3575,"MI"," (MSUAPA) ","Sep 30, 2019",,,"PUBLIC"
"MICHIGAN STATE UNIVERSITY (CLERICAL-TECHNICAL UNION)",3577,"MI"," (CTU) ","Mar 31, 2019",,,"PUBLIC"
"MICHIGAN STATE UNIVERSITY (COALITION HEALTH CARE AGREEMENT)",3574,"MI"," (AFSCME) 999/1585","Dec 31, 2021",,,"PUBLIC"
"MICHIGAN STATE UNIVERSITY (GRADUATE EMPLOYEES)",2781,"MI E LANSING"," (AFT) MFT&SRP","May 15, 2008","611310","3000","PUBLIC"
"MICHIGAN STATE UNIVERSITY (GRADUATE EMPLOYEES)",3584,"MI"," (AFT) 6196","May 15, 2019",,,"PUBLIC"
"MICHIGAN STATE UNIVERSITY (NONTENURE-TRACK FACULTY)",3585,"MI"," (MSU) ","May 15, 2018",,,"PUBLIC"
"MICHIGAN STATE UNIVERSITY (POLICE OFFICER NON-SUPERVISORY)",3582,"MI"," (FOP) 141","Jun 30, 2019",,,"PUBLIC"
"MICHIGAN STATE UNIVERSITY, BOARD OF TRUSTEES (CLERICAL-TECHNICAL)",2780,"MI E LANSING"," (CTU-I) -","Mar 31, 2007","611310","1700","PUBLIC"
"MICHIGAN SUGAR CO.",62,"MI"," (BCTGM) 259G, 260G, 261G, 262G","Jul 31, 2010","311313","1100","PRIVATE"
"MICHIGAN SUGAR CO.",63,"MI"," (BCTGM) 259G, 260G, 261G, 262G","Jul 31, 2005","311313","1100","PRIVATE"
"MICHIGAN SUGAR COMPANY",64,"MICHIGAN"," (BCTGM) ","Jul 31, 2015",,,"PRIVATE"
"MICHIGAN WHEEL OPERATIONS, LLC.",4000,"MI","STEELWORKERS, AFL-CIO (USW) 421 M ","Aug 31, 2023",,,"PRIVATE"
"MICHIGAN, STATE (STATE POLICE -- SERGEANTS, TROOPERS)",2792,"MI"," (MSPTA-I) -","Sep 30, 2005","922120","1742","PUBLIC"
"MICHIGAN, STATE OF",2752,"MI"," (UAW) 6000","Dec 31, 2007","921190","19575","PUBLIC"
"MICHIGAN, STATE OF (ADMIN SUPPORT _ HR)",4680,"MI","AUTO WORKERS AFL-CIO (UAW) 6000","Dec 31, 2024",,,"PUBLIC"
"MICHIGAN, STATE OF (HUMAN SERVICES SUPPORT)",2790,"MI","SERVICE EMPLOYEES (SEIU) 31 FIREMEN & OILERS","Dec 31, 2007","624","850","PUBLIC"
"MICHIGAN, STATE OF (HUMAN SERVICES SUPPORT)",2791,"MI","SERVICE EMPLOYEES (SEIU) 517 MICHIGAN PUBLIC EMPLOYEES","Dec 31, 2010",,,"PUBLIC"
"MICHIGAN, STATE OF (LABOR & TRADES)",2746,"MI"," (MSEA) 5","Dec 31, 2007","921190","2950","PUBLIC"
"MICHIGAN, STATE OF (SAFETY & REGULATION)",3185,"MI"," (MSCA) -","Dec 31, 2007","921190","1516","PUBLIC"
"MICHIGAN, STATE OF (SAFETY & REGULATION)",3186,"MI"," (MSCA) -","Dec 31, 2010","921190","1516","PUBLIC"
"MICHIGAN, STATE OF (SCIENTIFIC & ENGINEERS)",2753,"MI"," (SEIU) MPES","Dec 31, 2007","921190","2108","PUBLIC"
"MICHIGAN, STATE OF (SCIENTIFIC AND ENGINEERS)",2754,"MICHIGAN","SERVICE EMPLOYEES (SEIU) 517 MICHIGAN PUBLIC EMPLOYEES","Dec 31, 2010",,,"PUBLIC"
"MICHIGAN, STATE OF (SECURITY)",2745,"MI"," (SEIU-MCO) -","Dec 31, 2007","922140","9950","PUBLIC"
"MICHIGAN, STATE OF (TECHNICAL UNIT)",2789,"MI"," (MPES) -","Dec 31, 2007","611310","1125","PUBLIC"
"MICHIGAN, UNIVERSITY OF (GRAD STUDENTS / TEACHERS)",2774,"MI ANN ARBOR"," (AFT) GEO 3550","Mar 1, 2008","611310","1700","PUBLIC"
"MICHIGAN, UNIVERSITY OF, MEDICAL CENTER (HOUSE OFFICERS)",2623,"MI ANN ARBOR"," (UMHOA-I) -","Oct 31, 2004","622","900","PUBLIC"
"MICHIGAN, UNIVERSITY OF, MEDICAL CENTER (NURSES)",2775,"MI ANN ARBOR"," (MNA) -","Jun 30, 2004","622","1800","PUBLIC"
"MICHIGAN, UNIVERSITY OF, MEDICAL CENTER (NURSES)",2776,"MI ANN ARBOR"," (MNA) -","Jun 30, 2014","622","1800","PUBLIC"
"MICHIGAN, UNIVERSITY OF, MEDICAL CENTER (SERVICE-MAINTENANCE)",2622,"MI ANN ARBOR"," (AFSCME) 1583 CN 25","Jul 31, 2005","611310","2500","PUBLIC"
"MICRONESIAN TELECOMMUNICATIONS CORP. DBA PTI PACIFICA, DBA IT&E",4091,"MP","ELECTRICAL WORKERS IBEW AFL-CIO (IBEW) 1357 ","Sep 30, 2023","517111","42","PRIVATE"
"MID-AMERICA REGIONAL BARGAIN ASSOCIATION",824,"IL GRUNDY CTY"," (UBC) 916","May 31, 2005","23622","30000","PRIVATE"
"MID-AMERICA REGIONAL BARGAIN ASSOCIATION",888,"IL CHICAGO","TEAMSTERS (IBT) 25","May 31, 2009","23621","1100","PRIVATE"
"MID-AMERICA REGIONAL BARGAIN ASSOCIATION",898,"IL"," (CJA) RC OF CHICAGO","May 31, 2014","23622","30000","PRIVATE"
"MID-AMERICA REGIONAL BARGAIN ASSOCIATION (COMML)",897,"IL WILL COUNTY"," (CJA) CHIC & NE IL DC","May 31, 2008","23622","30000","PRIVATE"
"MID-AMERICA REGIONAL BARGAIN ASSOCIATION (COMML)",1195,"IL COOK,LAKE,DP"," (CJA) CHIC & NE IL DC","May 31, 2008","23622","30000","PRIVATE"
"MID-AMERICA REGIONAL BARGAIN ASSOCIATION (COMML)",1339,"IL CHICAGO","PLASTERERS AND CEMENT MASONS AFL-CIO (OPCM) 502","May 31, 2006","23622","1600","PRIVATE"
"MID-AMERICA REGIONAL BARGAIN ASSOCIATION (HVY-HWY-UNDRGRND)",1666,"IL CHICAGO","ENGINEERS, OPERATING, AFL-CIO (IUOE) 150","May 31, 2007","23731","1350","PRIVATE"
"MID-AMERICA REGIONAL BARGAIN ASSOCIATION (IL BLDG AGMT)",1404,"IL CHICAGO","ENGINEERS, OPERATING, AFL-CIO (IUOE) 150","May 31, 2007","23621","1350","PRIVATE"
"MID-AMERICA REGIONAL BARGAIN ASSOCIATION-FOX VALLEY (COMML)",1719,"IL MCHENRY"," (CJA) RC OF CHICAGO","May 31, 2008","23622","30000","PRIVATE"
"MID-AMERICA REGIONAL BARGAINING ASSOCIATION",2321,"IL"," (CRCC) ","May 31, 2019",,,"PRIVATE"
"MID-AMERICA REGIONAL BARGAINING ASSOCIATION (CONSTR & GENL)",1192,"IL CHICAGO","LABORERS  (LIUNA) 0 CHICAGO","May 31, 2006","23622","16000","PRIVATE"
"MID-SOUTH ERECTORS ASSOCIATION",1724,"LA","IRON WORKERS AFL-CIO (BSOIW) 469/IRON WORKERS AFL-CIO (BSOIW) 58/IRON WORKERS AFL-CIO (BSOIW) 591/IRON WORKERS AFL-CIO (BSOIW) 623/IRON WORKERS AFL-CIO (BSOIW) 710","May 31, 2003","23819","1500","PRIVATE"
"MIDDLE SEAT, LLC.",2596,"DC"," (CWG) ","May 31, 2021",,,"PRIVATE"
"MIDDLESEX, COUNTY OF (ROADS AND PARKS)",3422,"NJ NEW BRUNSWICK"," (AFSCME) 3440","Dec 31, 2004","488490","1000","PUBLIC"
"MIDORI FOUNDATION, INC.",1347,"NY","MUSICIANS AFL-CIO (AFM) 802","Aug 15, 2019",,,"PRIVATE"
"MIDWEST ENERGY MAINTENANCE, CO. LLC",1796,"KS","BOILERMAKERS AFL-CIO (BBF) 83","Dec 31, 2011","316999","1000","PRIVATE"
"MIDWEST ENERGY, INC.",4255,"KS","COMMUNICATIONS WORKERS AFL-CIO (CWA) 7476 ","Dec 31, 2023",,,"PRIVATE"
"MIDWEST GENERATION",17,"IL","ELECTRICAL WORKERS IBEW AFL-CIO (IBEW) 15","Dec 31, 2009","212112","1000","PRIVATE"
"MIDWEST GENERATION",18,"IL CHICAGO","ELECTRICAL WORKERS IBEW AFL-CIO (IBEW) 15","Dec 31, 2005","212112","1000","PRIVATE"
"MIFFLIN COUNTY LIBRARY ASSOCIATION",4501,"PA","STEELWORKERS, AFL-CIO (USW) 10 1940 S ","Dec 31, 2024",,,"PUBLIC"
"MIKE PUSATERI EXCAVATING, INC.",2563,"OH","GENERAL TRUCK DRIVERS AND HELPERS UNION 92","May 31, 2022","238900","2","PRIVATE"
"MILLENNIUM SYSTEMS SERVICES INC.",9,"CA","MACHINISTS AFL-CIO (IAM) 947 ","Nov 30, 2027","336412","32","PRIVATE"
"MILLSBORO, TOWN OF",3567,"DE","TEAMSTERS (IBT) 326 GENERAL TEAMSTERS","Jun 30, 2019",,,"PUBLIC"
"MILLWRIGHT CONTRACTORS ASSOCIATION",3889,"OH","INDIANA/KENTUCKY/OHIO REGIONAL COUNCIL OF CARPENTERS, UNITED BROTHERHOOD OF CARPENTERS ","Apr 30, 2027",,,"PRIVATE"
"MILLWRIGHT EMPLOYERS ASSOCIATION INC.",2386,"CA"," (CJA) PACIFIC NORTHWEST REGIONAL COUNCIL","Jun 30, 2020",,,"PRIVATE"
"MILTON BRADLEY CO. DIV. OF HASBRO INC.",385,"MA SPRINGFIELD","UFCW/RWDSU 224","Feb 4, 2007","339920","1500","PRIVATE"
"MILWAUKEE, BOARD OF SCHOOL DIRECTORS (FOOD SERVICES)",3169,"WI MILWAUKEE","SERVICE EMPLOYEES (SEIU) 150","Jun 30, 2003","611110","1250","PUBLIC"
"MILWAUKEE, BOARD OF SCHOOL DIRECTORS (RECREATIONS UNIT)",3277,"WI MILWAUKEE"," (AFSCME) 1616-888J","Mar 31, 2003","611110","3300","PUBLIC"
"MILWAUKEE, BOARD OF SCHOOL DIRECTORS (TEACHERS)",3202,"WI MILWAUKEE"," (NEA) MTEA","Jun 30, 2001","611110","7100","PUBLIC"
"MILWAUKEE, CITY OF (GENERAL UNIT)",2825,"WI MILWAUKEE","STATE COUNTY AND MUNI EMPLS AFL-CIO (AFSCME) 48 MILWAUKEE WISCONSIN","Dec 31, 2002","921190","8000","PUBLIC"
"MILWAUKEE, CITY OF (POLICE)",2839,"WI MILWAUKEE"," (IUPA) 21","Dec 31, 2003","922120","1600","PUBLIC"
"MILWAUKEE, COUNTY OF (NURSES)",3065,"WI MILWAUKEE","TEACHERS AFL-CIO (AFT) 5001 NURSES & HEALTH PROS, WI FED OF","Dec 31, 2004","622","1100","PUBLIC"
"MINNEAPOLIS AUTOMOBILE DEALERS' ASSOCIATION",695,"MN MINNEAPOLIS","MACHINISTS AFL-CIO (IAM) 77","Apr 30, 2009","441110","1800","PRIVATE"
"MINNEAPOLIS AUTOMOBILE DEALERS' ASSOCIATION",696,"MN MINNEAPOLIS","TEAMSTERS (IBT) 974","Apr 15, 2006","441110","1800","PRIVATE"
"MINNEAPOLIS PARK AND RECREATION BOARD",3538,"MN","CITY EMPLOYEES 363","Dec 31, 2016",,,"PUBLIC"
"MINNEAPOLIS PUBLIC SCHOOLS (CLERICAL-TECHNICAL UNIT)",3214,"MN MINNEAPOLIS"," (AFSCME) BEE 56","Jun 30, 2004","611110","900","PUBLIC"
"MINNEAPOLIS PUBLIC SCHOOLS (EDUCATIONAL ASSISTANTS)",2993,"MN MINNEAPOLIS"," (AFT) MFEA 59","Jun 30, 2005","611110","1430","PUBLIC"
"MINNEAPOLIS-ST PAUL SVC CONTRACT CLEANERS ASSOCIATION",768,"MN MINN-ST PAUL","SERVICE EMPLOYEES (SEIU) 26","Dec 31, 2006","56172","3500","PRIVATE"
"MINNEAPOLIS, CITY OF",3549,"MN MINNEAPOLIS"," (LIUNA) 363","Dec 31, 2017","813930",,"PUBLIC"
"MINNESOTA ENVIRONMENTAL CONTRACTORS ASSOCIATION",2497,"MN","LABORERS  (LIUNA) 0 MINNESOTA-NORTH DAKOTA","Dec 31, 2019",,,"PRIVATE"
"MINNESOTA ENVIRONMENTAL CONTRACTORS ASSOCIATION (MECA)",2488,"MN","LABORERS  (LIUNA) 1091/LABORERS  (LIUNA) 1097","Dec 31, 2017",,,"PRIVATE"
"MINNESOTA HIGHWAY & HEAVY AGREEMENT",1747,"MN"," (LIUNA) ","Apr 30, 2008",,,"PRIVATE"
"MINNESOTA MANAGEMENT AND BUDGET/MINNESOTA, STATE OF (REGISTERED NURSES)",4670,"MN","MINNESOTA NURSES ASSOCIATION STAFF (UNAFF) ORGANIZATION LU 1","Jun 30, 2025",,,"PUBLIC"
"MINNESOTA MECHANICAL CONTRACTORS ASSOCIATION (PIPEFITTERS)",798,"MN MINNEAPOLIS","PLUMBERS AFL-CIO (PPF) 539","Apr 30, 2008","23822","1100","PRIVATE"
"MINNESOTA MECHANICAL CONTRACTORS ASSOCIATION (PIPEFITTERS)",799,"MN ST CLOUD","PLUMBERS AFL-CIO (PPF) 539","Apr 30, 2008","23822","1100","PRIVATE"
"MINNESOTA MECHANICAL CONTRACTORS ASSOCIATION (PLUMB & PIPEFTR)",800,"MN MANKATO","PLUMBERS AFL-CIO (PPF) 455","Apr 30, 2006","23822","1400","PRIVATE"
"MINNESOTA MECHANICAL CONTRACTORS ASSOCIATION (PLUMBERS)",793,"MN MINNEAPOLIS","PLUMBERS AFL-CIO (PPF) 15","Apr 30, 2008","23822","1200","PRIVATE"
"MINNESOTA MECHANICAL CONTRACTORS ASSOCIATION (PLUMBERS)",794,"MN ST CLOUD","PLUMBERS AFL-CIO (PPF) 15","Apr 30, 2008","23822","1200","PRIVATE"
"MINNESOTA STATE COLLEGES & UNIVERSITIES (TECHNICAL & COMMERCIAL FACULTY)",2686,"MN"," (MSCF) -","Jun 30, 2007","611210","3700","PUBLIC"
"MINNESOTA STATE COLLEGES & UNIVERSITY (FACULTY)",2687,"MN"," (IFO-I) -","Jun 30, 2007","611210","2900","PUBLIC"
"MINNESOTA STATE COLLEGES & UNIVERSITY (GENERAL SUPERVISORY UNIT)",2695,"MN"," (MMA-I) -","Jun 30, 2009","921190","3700","PUBLIC"
"MINNESOTA STATE COLLEGES AND UNIVERSITIES (TECHNICAL AND COMMERCIAL FACULTY)",3215,"MN MINNEAPOLIS"," (AFT) MFTEA 59","Jun 30, 2005","611110","4800","PUBLIC"
"MINNESOTA, STATE COLLEGE & UNIVERSITY OF BOARD OF TRUSTEE",2766,"MN"," (IBT) 320","Jun 30, 2007","611310","1400","PUBLIC"
"MINNESOTA, STATE OF (CLERICAL / TECHNICAL / MAINTENANCE)",4636,"MN","STATE COUNTY AND MUNI EMPLS AFL-CIO (AFSCME) 5 MINNESOTA","Jun 30, 2025",,,"PUBLIC"
"MINNESOTA, STATE OF (CORRECTIONS OFFICER UNIT - UNIT 8)",4637,"MN","STATE COUNTY AND MUNI EMPLS AFL-CIO (AFSCME) 5 MINNESOTA","Jun 30, 2025",,,"PUBLIC"
"MINNESOTA, STATE OF (GENERAL SUPERVISORY UNIT)",2694,"MN"," (MMA-I) -","Jun 30, 2005","921190","2800","PUBLIC"
"MINNESOTA, STATE OF (MIDDLE MANAGEMENT UNIT)",2693,"MN"," (MMA-I) -","Jun 30, 2007","921190","2800","PUBLIC"
"MINNESOTA, STATE OF (MIDDLE MANAGEMENT UNIT)",2696,"MN"," (MMA-I) -","Jun 30, 2011","921190","2800","PUBLIC"
"MINNESOTA, STATE OF (MULTIPLE DEPARTMENTS)",2626,"MN","STATE COUNTY AND MUNI EMPLS AFL-CIO (AFSCME) 6 AFSCME COUNCIL 6","Jun 30, 2007","921190","18700","PUBLIC"
"MINNESOTA, UNIVERSITY OF (BUILDING AND CONSTRUCTION TRADE)",3555,"MN"," (BTC) -","Jun 30, 2015",,,"PUBLIC"
"MINNESOTA, UNIVERSITY OF (CLERICAL & OFFICE UNIT 6)",2799,"MN","STATE COUNTY AND MUNI EMPLS AFL-CIO (AFSCME) 38 ARKANSAS STATE","Jun 30, 2005","611310","2850","PUBLIC"
"MINNESOTA, UNIVERSITY OF (CLERICAL & OFFICE UNIT)",2801,"MN","COUNCIL 5 38,003,801","Jun 30, 2011","611310","2850","PUBLIC"
"MINNESOTA, UNIVERSITY OF (CLERICAL & OFFICE UNIT)",2802,"MN","COUNCIL 5 38,003,801","Jun 30, 2009","611310","2850","PUBLIC"
"MINNESOTA, UNIVERSITY OF (CLERICAL)",2800,"MN"," (AFSCME) -","Jun 30, 2013","611310","2850","PUBLIC"
"MINNESOTA, UNIVERSITY OF (HEALTH CARE PUBLIC & LAW ENFORCEMENT)",2767,"MN"," (IBT) 320","Jun 7, 2009","611310","1400","PUBLIC"
"MINNESOTA, UNIVERSITY OF (HEALTH CARE UNIT)",2770,"MN","COUNCIL 5 3260","Jun 30, 2009","611310","1400","PUBLIC"
"MINNESOTA, UNIVERSITY OF (HEALTH CARE)",2768,"MN","COUNCIL 5 32,603,801","Jun 30, 2011","611310","2850","PUBLIC"
"MINNESOTA, UNIVERSITY OF (LAW ENFORCEMENT)",2765,"MN"," (IBT) 320","Jun 30, 2005","611310","1400","PUBLIC"
"MINNESOTA, UNIVERSITY OF (TECH-UNIT 7)",2771,"MN"," (AFSCME) 3937, 3801","Jun 30, 2005","611310","1350","PUBLIC"
"MINNESOTA, UNIVERSITY OF (TECH-UNIT 7)",2772,"MN"," (AFSCME) 3937, 3801","Jun 30, 2013","611310","1350","PUBLIC"
"MINNESOTA, UNIVERSITY OF (TECHNICAL UNIT)",2769,"MN","COUNCIL 5 39,373,801","Jun 30, 2009","611310","1350","PUBLIC"
"MINNESOTA, UNIVERSITY OF (TECHNICAL)",2773,"MN","COUNCIL 5 39,373,801","Jun 30, 2011","611310","2850","PUBLIC"
"MIRAGE CASINO-HOTEL",746,"NV LAS VEGAS","UNITE HERE 226,165","May 31, 2007","72112","2000","PRIVATE"
"MISSION FOODS",2354,"CO","FOOD AND COMMERCIAL WKRS (UFCW) 7 R","Mar 26, 2019",,,"PRIVATE"
"MISSION POINT OF HANCOCK",4564,"MI","HANCOCK EMPLOYEES CHAPTER /STATE COUNTY AND MUNI EMPLS AFL-CIO (AFSCME) 25 MICHIGAN","Dec 31, 2024",,,"PRIVATE"
"MISSOULA, COUNTY OF",3466,"MT","MACHINISTS AFL-CIO (IAM) 88","Sep 30, 2012","23731","1200","PUBLIC"
"MISSOURI GAS ENERGY, A DIVISION OF LACLEDE GAS COMPANY",1219,"MO"," (USW) MO","Jul 31, 2019",,"214","PRIVATE"
"MISSOURI NATIONAL GUARD/MISSOURI, STATE OF - ADJUTANT GENERAL",4574,"MO","ASSOCIATION OF CIVILIAN TECHNICIANS (ACT) 92 MO SHOW ME ARMY/ASSOCIATION OF CIVILIAN TECHNICIANS (ACT) 93 ST LOUIS SHOW ME AIR/ASSOCIATION OF CIVILIAN TECHNICIANS (ACT) 94 PONY  EXPRESS","Feb 23, 2025",,,"PRIVATE"
"MISSOURI RIVER BASIN",1278,"MO IA KS NE","BOILERMAKERS AFL-CIO (BBF) 83","Dec 31, 2010","23731","1400","PRIVATE"
"MISSOURI RIVER BASIN AGREEMENT",1277,"MO IA KS NE","BOILERMAKERS AFL-CIO (BBF) 83","Aug 30, 2004","23731","1400","PRIVATE"
"MISSOURI VALLEY LINE CONSTRUCTORS CHAPTER, INC.",2347,"MO","ELECTRICAL WORKERS IBEW AFL-CIO (IBEW) 1525","Aug 31, 2020",,,"PRIVATE"
"MISSOURI-IL METRO DISTRICT TRANSIT (OPERATORS & MAINTENANCE)",3445,"MO ST LOUIS","TRANSIT UNION AFL-CIO (ATU) 788","Sep 30, 2002","485111","1600","PUBLIC"
"MISSOURI-ILLINOIS METROPOLITAN DISTRICT (TRANSIT SYSTEM)",3446,"MO / IL","TRANSIT UNION AFL-CIO (ATU) 788","Jun 30, 2009","485111","1600","PUBLIC"
"MISSOURI, STATE OF (DEPT OF MENTAL HEALTH)",2619,"MO JEFFERSON","STATE COUNTY AND MUNI EMPLS AFL-CIO (AFSCME) 72","Jun 30, 2006","622210","5850","PUBLIC"
"MITCHELL MACHINE, INC",4578,"MA","RETAIL WHOLESALE, DC, UFCW (RWDSU) 566 ","Sep 30, 2025",,"7","PRIVATE"
"MITSUBISHI MOTOR MANUFACTURING OF AMERICA, INC",354,"IL","AUTO WORKERS AFL-CIO (UAW) 2488","Aug 25, 2005",,,"PRIVATE"
"MOBILIZATION FOR JUSTICE, INC.",4256,"NY","AUTO WORKERS AFL-CIO (UAW) 2320 LEGAL SERVICES WORKERS","Dec 31, 2023",,,"PRIVATE"
"MOE'S SOUTHWEST GRILL",2304,"NV"," (CWU) 226","May 31, 2021",,,"PRIVATE"
"MOHAN CONSTRUCTION",4431,"KS","CARPENTERS IND (CJA) 1445 /CARPENTERS IND (CJA) MID-AMERICA CARPENTERS REGIONAL COUNCIL","Apr 30, 2028","236220","4","PUBLIC"
"MOHAWK TRAIL REGIONAL SCHOOL COMMITTEE",3621,"MA","STEELWORKERS, AFL-CIO (USW) 04 12325 S","Aug 14, 2022","61","4","PUBLIC"
"MOLSON COORS BEVERAGE COMPANY (BREWERY WORKER)",4077,"WI","AUTO WORKERS AFL-CIO (UAW) 9 /BREWERY WORKERS, UAW (AMALGAMATED) AFL-CIO 9","Oct 11, 2025",,,"PRIVATE"
"MOLSON COORS BEVERAGE COMPANY (LAB TECH)",4076,"WI","AUTO WORKERS AFL-CIO (UAW) 9 /BREWERY WORKERS, UAW (AMALGAMATED) AFL-CIO 9","Nov 1, 2025",,,"PRIVATE"
"MONARCH ELECTRIC SERVICE COMPANY AN IPS COMPANY",2417,"OH","UNITED ELECTRICAL APPARATUS TECHNICIANS ","Oct 31, 2020",,,"PRIVATE"
"MONROE COUNTY",4409,"FL","TEAMSTERS (IBT) 769 ","Sep 30, 2024",,,"PUBLIC"
"MONROE COUNTY, NY",3050,"NY ROCHESTER"," (AFSCME) CSEA 828","Dec 31, 2003","921190","3000","PUBLIC"
"MONROE, CITY OF (LAW ENFORCEMENT OFFICERS)",4239,"WA","MONROE POLICE OFFICER'S GUILD ","Dec 31, 2025",,,"PUBLIC"
"MONROE, CITY OF (OFFICE / CLERICAL)",3945,"WA","TEAMSTERS (IBT) 763 ","Dec 31, 2026",,,"PUBLIC"
"MONROE, CITY OF (PUBLIC WORKS / PARKS)",4550,"WA","PUBLIC, PROFESSIONAL, & OFFICE-CLERICAL EMPLOYEES AND DRIVERS 763/TEAMSTERS (IBT) 763 ","Dec 31, 2026",,,"PUBLIC"
"MONROE, CITY OF (SERGEANTS / LIEUTENANTS)",4551,"WA","PUBLIC, PROFESSIONAL, & OFFICE-CLERICAL EMPLOYEES AND DRIVERS 763/TEAMSTERS (IBT) 763 ","Dec 31, 2023",,,"PUBLIC"
"MONROE, CITY OF (SUPERVISORY)",3914,"WA","TEAMSTERS (IBT) 763 ","Dec 31, 2022",,,"PUBLIC"
"MONROE, CITY OF (SUPERVISORY)",4753,"WA","PUBLIC, PROFESSIONAL, & OFFICE-CLERICAL EMPLOYEES AND DRIVERS 763/TEAMSTERS (IBT) 763 ","Dec 31, 2026",,,"PUBLIC"
"MONTANA CONTRACTORS GROUP",3602,"MT"," (CJA) RC PACFIC NORTHWEST","May 31, 2021",,,"PUBLIC"
"MONTANA UNIVERSITY SYSTEM",3536,"MT","LABORERS  (LIUNA) 1686","Jun 30, 2017","611310",,"PUBLIC"
"MONTANA, STATE OF",2797,"MT HELENA"," (MPEA-I) -","Jun 30, 2009",,,"PUBLIC"
"MONTANA, STATE OF (GENERAL UNIT)",2796,"MT HELENA"," (MPEA-I) -","Jun 30, 2007","921190","3500","PUBLIC"
"MONTANA, STATE OF AND HIGHWAY PATROL DIVISION",2795,"MT HELENA"," (MPEA-I) -","Jun 30, 2007","921190","3500","PUBLIC"
"MONTEBELLO UNIFIED SCHOOL DISTRICT",2743,"CA"," (-) -","Jun 30, 2007",,,"PUBLIC"
"MONTEFIORE MEDICAL CENTER (RNS)",837,"NY","ANA/NYSNA -","Jan 15, 2009","62211","1800","PRIVATE"
"MONTEFIORE MEDICAL CENTER (RNS)",838,"NY BRONX","ANA/NYSNA -","Jan 15, 2005","62211","1800","PRIVATE"
"MONTEREY, COUNTY OF (GENERAL UNIT-J UNIT)",3079,"CA MONTEREY","SERVICE EMPLOYEES (SEIU) 817","Jun 30, 2005","921190","2000","PUBLIC"
"MONTGOMERY COUNTY (OFFICE, TECHNICAL, SERVICE, LABOR)",4881,"MD","FOOD AND COMMERCIAL WKRS (UFCW) 1994 MONTGOMERY CO GOVT EMPLOYEES ORG","Jun 30, 2026",,,"PUBLIC"
"MONTGOMERY COUNTY BOARD OF COMMISSIONERS",3031,"OH DAYTON","STATE COUNTY AND MUNI EMPLS AFL-CIO (AFSCME) 101 DAYTON PUBLIC SERVICE UNION","Dec 31, 2006","921190","1050","PUBLIC"
"MONTGOMERY COUNTY GOVERNMENT (LABOR & TRADES)",3104,"MD ROCKVILLE","FOOD AND COMMERCIAL WKRS (UFCW) 1994 MONTGOMERY CO GOVT EMPLOYEES ORG","Jun 30, 2007","921190","1200","PUBLIC"
"MONTGOMERY COUNTY GOVERNMENT (POLICE OFFICERS)",2854,"MD ROCKVILLE"," (FOP) 35","Jun 30, 2007","92212","1034","PUBLIC"
"MONTGOMERY COUNTY, ILLINOIS, A BODY PUBLIC (MAINTENANCE & CLERICAL)",3539,"IL","LABORERS  (LIUNA) 1084","Nov 30, 2017",,,"PUBLIC"
"MONTGOMERY, COUNTY OF",3103,"MD ROCKVILLE","FOOD AND COMMERCIAL WKRS (UFCW) 1994 MONTGOMERY CO GOVT EMPLOYEES ORG","Jun 30, 2007","921190","2300","PUBLIC"
"MONTGOMERY, COUNTY OF BOARD OF EDUCATION (SUPPORTING SERVICES)",3238,"MD ROCKVILLE","MCCSSESEIU 500","Jun 30, 2005","611110","6500","PUBLIC"
"MONTGOMERY, COUNTY OF BOARD OF EDUCATION (SUPPORTING SERVICES)",3239,"MD ROCKVILLE","MCCSSESEIU 500","Jun 30, 2007","611110","6500","PUBLIC"
"MONTGOMERY, COUNTY OF BOARD OF EDUCATION (SUPPORTING SERVICES)",3240,"MD ROCKVILLE","SERVICE EMPLOYEES (SEIU) 500","Jun 30, 2014","611110","6500","PUBLIC"
"MONTGOMERY, COUNTY OF BOARD OF EDUCATION (TEACHERS)",3163,"MD ROCKVILLE"," (MCEA) -","Jun 30, 2007","611110","8000","PUBLIC"
"MOON FABRICATING CORP.",1837,"IN","BOILERMAKERS AFL-CIO (BBF) 374","Jul 17, 2017","238390","1000","PRIVATE"
"MOON FABRICATING CORP.",1838,"IN","BOILERMAKERS AFL-CIO (BBF) 374","Jul 17, 2014","238390","1000","PRIVATE"
"MOON FABRICATING CORP.",1839,"IN","BOILERMAKERS AFL-CIO (BBF) 374","Jul 17, 2011","238390","1000","PRIVATE"
"MOORE BUICK CORPORATION",3887,"CA","MACHINISTS AFL-CIO (IAM) 1101 /MACHINISTS AFL-CIO (IAM) 190 AUTOMOTIVE TRADES DISTRI","Aug 31, 2023",,,"PRIVATE"
"MOORE BUICK GMC",3791,"CA","MACHINISTS AFL-CIO (IAM) 1101 /MACHINISTS AFL-CIO (IAM) 190 AUTOMOTIVE TRADES DISTRI","Aug 31, 2023",,,"PRIVATE"
"MOORE BUICK GMC",3679,"CA","TEAMSTERS AUTOMOTIVE WORKERS 665","Sep 30, 2021","441110","3","PRIVATE"
"MORENO VALLEY UNIFIED SCHOOL DISTRICT (CERTIFICATED)",2962,"CA MORENO"," (NEA) MVEA","Jun 30, 2004","611110","1200","PUBLIC"
"MORENO VALLEY UNIFIED SCHOOL DISTRICT (CLASSIFIED)",2917,"CA MORENO"," (CSEA) CHAPTER 410","Jun 30, 2005","611110","1300","PUBLIC"
"MORTON COMMUNITY COLLEGE DISTRICT (CAMPUS CUSTODIAL & MAINTENANCE)",4152,"IL","SERVICE EMPLOYEES (SEIU) 73 ","Jun 30, 2026",,,"PUBLIC"
"MOSAIC AND TERRAZZO WORKERS",2117,"MS"," (BAC) 18","Jun 30, 2017",,,"PRIVATE"
"MOSAIC AND TERRAZZO WORKERS & FINISHERS",2415,"MO","BRICKLAYERS AFL-CIO (BAC) 18","Jun 30, 2023",,,"PRIVATE"
"MOSAIC AND TERRAZZO WORKERS & FINISHERS",4272,"MO","BRICKLAYERS AFL-CIO (BAC) ADMIN DISTRICT COUNCIL OF EASTERN MISSOURI","Jun 30, 2028",,,"PRIVATE"
"MOSES LAKE, PORT OF (MAINTENANCE, CLERICAL)",4375,"WA","TEAMSTERS (IBT) 760 ","Jun 30, 2024","531190","5","PUBLIC"
"MOSS LANDING HARBOR DISTRICT",4177,"CA","CARPENTERS IND (CJA) 46 /NORTHERN CALIFORNIA CARPENTERS ","Jun 30, 2027",,,"PUBLIC"
"MOTIF EVENTS, INC.",2331,"IL"," (CRCC) ","May 31, 2020",,,"PRIVATE"
"MOTIVATE, LLC",4729,"NY","TRANSPORT WORKERS AFL-CIO (TWU) ","Dec 31, 2026",,,"PRIVATE"
"MOTORCITY CASINO",747,"MI DETROIT"," (DCC) -","Oct 16, 2007","72112","2000","PRIVATE"
"MOTT'S LLP",2164,"PA ASPERS"," (UFCW) 220","Mar 31, 2018","339943",,"PRIVATE"
"MOUNTAIN STATES ROSEN LAMB FACILITY GREELEY, COLORADO",2504,"CO","TEAMSTERS (IBT) 455","Jan 31, 2020",,,"PRIVATE"
"MT. DIABLO UNIFIED SCHOOL DISTRICT BOARD OF EDUCATION (TEACHERS)",3249,"CA CONCORD"," (NEA) MDEA","Jun 30, 2004","611110","1750","PUBLIC"
"MT. SINAI HOSPITAL (RNS)",866,"NY NEW YORK","ANA/NYSNA -","Jan 1, 2008","62211","1800","PRIVATE"
"MUHLENBERG TOWNSHIP AUHTORITY",4586,"PA","TEAMSTERS (IBT) 429 ","Jun 30, 2025",,,"PRIVATE"
"MUKILTEO, CITY OF (OFFICE, CLERICAL, AND TECHNICAL)",3946,"WA","TEAMSTERS (IBT) 763 ","Dec 31, 2022",,,"PUBLIC"
"MULTNOMAH COUNTY",3132,"OR","COUNCIL 75 88","Jun 30, 2014","921190","2400","PUBLIC"
"MULTNOMAH COUNTY",3133,"OR","COUNCIL 75 88","Jun 30, 2011","921190","2400","PUBLIC"
"MULTNOMAH COUNTY SCHOOL DISTRICT NO. 1 (CLASSIFIED)",3196,"OR PORTLAND"," (AFT) ","Jun 30, 2002",,"3700","PUBLIC"
"MULTNOMAH SCHOOL DISTRICT NO. 1 (CLASSIFIED)",2911,"OR PORTLAND"," (AFT) PFTCE 111","Jun 30, 2005","611110","1560","PUBLIC"
"MUNROE INC.",1834,"PA","BOILERMAKERS AFL-CIO (BBF) 154","Oct 31, 2009","238390","1000","PRIVATE"
"MURPHY'S MARKET",4597,"NJ","FOOD AND COMMERCIAL WKRS (UFCW) 152 ","Jan 1, 2025",,"10","PRIVATE"
"MURRAY INC. (MOA)",296,"TN LAWRENCEBERG","AUTO WORKERS AFL-CIO (UAW) 1621","Aug 28, 2004","336991","1300","PRIVATE"
"MUSEUM OF MODERN ART",1926,"NY"," (UAW) 2110","May 20, 2010","813319","2771","PRIVATE"
"MV TRANSPORTATION, INC.",2433,"CA","TEAMSTERS (IBT) 315","Jun 30, 2009",,,"PRIVATE"
"MV TRANSPORTATION, INC.",2434,"MI","TEAMSTERS (IBT) 406","Jun 30, 2010",,,"PRIVATE"
"N.C.A, U.B.C.A, P.D.C.A, AND W.W.C.C.A (PLASTERERS)",1886,"NV","PLASTERERS AND CEMENT MASONS AFL-CIO (OPCM) 797","Jun 30, 2011","238140","2176","PRIVATE"
"N.K.S. DISTRIBUTORS, INC.",2269,"DE","TEAMSTERS (IBT) 326 GENERAL TEAMSTERS","Mar 31, 2019",,,"PRIVATE"
"NAPERVILLE COMMUNITY UNIT SCHOOL DISTRICT 203",2916,"IL NAPERVILLE"," (NEA) -","Aug 25, 2005","611110","1100","PUBLIC"
"NAPLES, TOWN OF",3912,"NY","ENGINEERS, OPERATING, AFL-CIO (IUOE) 158 ","Dec 31, 2021","921110","5","PUBLIC"
"NASHUA, BOARD OF EDUCATION (TEACHERS)",2697,"NH NASHUA"," (AFT) NTU","Aug 31, 2006","611110","1000","PUBLIC"
"NASHVILLE METROPOLITAN GOVERNMENT AND DAVIDSON COUNTY (FIREFIGHTERS",2862,"TN NASHVILLE"," (IAFF) 753","Jul 1, 2004","922160","1070","PUBLIC"
"NASHVILLE METROPOLITAN GOVERNMENT AND DAVIDSON COUNTY (GENERAL UNIT)",3029,"TN NASHVILLE"," (SEIU) 25","Jun 30, 2004","921190","3600","PUBLIC"
"NASHVILLE METROPOLITAN GOVERNMENT AND DAVIDSON COUNTY (POLICE)",2877,"TN NASHVILLE"," (FOP-I) 5","Jun 30, 2004","922120","1100","PUBLIC"
"NASSAU COUNTY BOARD OF COOPERATIVE EDUCATIONAL SERVICES (PHYSICAL OCCUPATIONAL THERAPIST)",4789,"NY","TEACHERS (AFT) 2551 - NASSAU BOCES CENTRAL/TEACHERS AFL-CIO (AFT) ","Jun 30, 2022",,,"PUBLIC"
"NASSAU COUNTY BOARD OF COOPERATIVE EDUCATIONAL SERVICES (SUBSTITUTE TEACHER)",4788,"NY","TEACHERS (AFT) 2551 - NASSAU BOCES CENTRAL/TEACHERS AFL-CIO (AFT) ","Jun 30, 2017",,,"PUBLIC"
"NASSAU-SUFFOLK HVY CONSTRUCTION & EXCAVATING & ASPHALT",1554,"NY NASSAU","TEAMSTERS (IBT) 282","Jun 30, 2005","23891","4700","PRIVATE"
"NASSAU-SUFFOLK READY-MIX CONCRETE, SAND, GRAVEL",1561,"NY NASSAU","TEAMSTERS (IBT) 282","Jun 30, 2008","32732","4700","PRIVATE"
"NASSAU, COUNTY OF (POLICE)",3042,"NY MINEOLA"," (PBA-I) ","Dec 31, 1999",,"1800","PUBLIC"
"NATIONAL ASSOCIATION OF SOCIAL WORKERS",2185,"DC"," (WBNG) 32035","Jun 30, 2017",,,"PRIVATE"
"NATIONAL BASKETBALL  ASSOCIATION (NBA)",4120,"NATIONAL","NATIONAL BASKETBALL PLAYERS ASSOCIATION ","Jun 30, 2029",,,"PRIVATE"
"NATIONAL BASKETBALL ASSOCIATION (NBA)",4119,"NATIONAL","NATIONAL BASKETBALL PLAYERS ASSOCIATION ","Jun 30, 2017",,,"PRIVATE"
"NATIONAL BEEF PACKING CO.",894,"KS","FOOD AND COMMERCIAL WKRS (UFCW) 2","Dec 16, 2012","311611","2300","PRIVATE"
"NATIONAL BEEF PACKING CO.",895,"KS LIBERAL","FOOD AND COMMERCIAL WKRS (UFCW) 2","Dec 16, 2007","311611","2300","PRIVATE"
"NATIONAL BITUMINOUS COAL WAGE AGREEMENT OF 2002",1081,"NATIONAL"," (UMWA) ","Dec 31, 2006",,,"PRIVATE"
"NATIONAL BITUMINOUS COAL WAGE AGREEMENT OF 2002",1102,"NATIONAL"," (UMWA) ","Feb 7, 2005",,,"PRIVATE"
"NATIONAL BROADCASTING CO. (NBC)",445,"NATIONAL","NABET, CWA ","Mar 31, 2006",,,"PRIVATE"
"NATIONAL CEMENT COMPANY OF ALABAMA, INC.",4369,"AL","STEELWORKERS, AFL-CIO (USW) 09 44 ","Apr 30, 2024",,,"PRIVATE"
"NATIONAL DISTRIBUTION AGREEMENT",1282,"NATIONAL"," (PPF) -","Nov 15, 2004","23712","200000","PRIVATE"
"NATIONAL ELECTRICAL CONTRACTORS ASSOCIATION",943,"GA","ELECTRICAL WORKERS IBEW AFL-CIO (IBEW) 613","Aug 31, 2013","23821","3200","PRIVATE"
"NATIONAL ELECTRICAL CONTRACTORS ASSOCIATION",944,"GA","ELECTRICAL WORKERS IBEW AFL-CIO (IBEW) 613","Aug 31, 2010","23821","3200","PRIVATE"
"NATIONAL ELECTRICAL CONTRACTORS ASSOCIATION",974,"MN","ELECTRICAL WORKERS IBEW AFL-CIO (IBEW) 292","Apr 30, 2010","23821","1800","PRIVATE"
"NATIONAL ELECTRICAL CONTRACTORS ASSOCIATION",1322,"MO ST LOUIS","ELECTRICAL WORKERS IBEW AFL-CIO (IBEW) 1","Jun 1, 2004","23821","2400","PRIVATE"
"NATIONAL ELECTRICAL CONTRACTORS ASSOCIATION",1324,"CA","ELECTRICAL WORKERS IBEW AFL-CIO (IBEW) 40/ELECTRICAL WORKERS IBEW AFL-CIO (IBEW) 441/ELECTRICAL WORKERS IBEW AFL-CIO (IBEW) 952","Nov 30, 2007","23821","1000","PRIVATE"
"NATIONAL ELECTRICAL CONTRACTORS ASSOCIATION",1403,"NATIONAL"," (IBEW) ","May 31, 2006",,,"PRIVATE"
"NATIONAL ELECTRICAL CONTRACTORS ASSOCIATION",1566,"OH CLEVELAND","ELECTRICAL WORKERS IBEW AFL-CIO (IBEW) 38","Apr 30, 2005","23821","1800","PRIVATE"
"NATIONAL ELECTRICAL CONTRACTORS ASSOCIATION (COMML)",1318,"PA DE NJ","ELECTRICAL WORKERS IBEW AFL-CIO (IBEW) 98","Apr 20, 2003","23821","2000","PRIVATE"
"NATIONAL ELECTRICAL CONTRACTORS ASSOCIATION (INSIDE CONSTR & MAINT)",1499,"MN ST PAUL","ELECTRICAL WORKERS IBEW AFL-CIO (IBEW) 110","Apr 30, 2004","23821","1200","PRIVATE"
"NATIONAL ELECTRICAL CONTRACTORS ASSOCIATION (INSIDE WIREMAN)",1078,"CA SACRAMENTO","ELECTRICAL WORKERS IBEW AFL-CIO (IBEW) 340","May 31, 2008","23821","1500","PRIVATE"
"NATIONAL ELECTRICAL CONTRACTORS ASSOCIATION (INSIDE WIREMEN)",946,"CA SAN DIEGO","ELECTRICAL WORKERS IBEW AFL-CIO (IBEW) 569","May 31, 2003","23821","1450","PRIVATE"
"NATIONAL ELECTRICAL CONTRACTORS ASSOCIATION (INSIDE WIREMEN)",1320,"CA","ELECTRICAL WORKERS IBEW AFL-CIO (IBEW) 11","Jun 15, 2011","23821","4000","PRIVATE"
"NATIONAL ELECTRICAL CONTRACTORS ASSOCIATION (INSIDE WIREMEN)",1321,"CA LA COUNTY","ELECTRICAL WORKERS IBEW AFL-CIO (IBEW) 11","Jan 30, 2006","23821","5100","PRIVATE"
"NATIONAL ELECTRICAL CONTRACTORS ASSOCIATION (INSIDE WIREMEN)",1323,"CA ORANGE CNTY","ELECTRICAL WORKERS IBEW AFL-CIO (IBEW) 441","May 31, 2005","23821","1000","PRIVATE"
"NATIONAL ELECTRICAL CONTRACTORS ASSOCIATION (INSIDE WIREMEN)",1576,"WI MILWAUKEE","ELECTRICAL WORKERS IBEW AFL-CIO (IBEW) 494","May 31, 2006","23821","1300","PRIVATE"
"NATIONAL ELECTRICAL CONTRACTORS ASSOCIATION (INSIDE WIREMEN)",1902,"FL","ELECTRICAL WORKERS IBEW AFL-CIO (IBEW) 728","Aug 31, 2010","23821","1432","PRIVATE"
"NATIONAL ELECTRICAL CONTRACTORS ASSOCIATION (INSIDE)",952,"OH CINCINNATI","ELECTRICAL WORKERS IBEW AFL-CIO (IBEW) 212","May 31, 2004","23821","1300","PRIVATE"
"NATIONAL ELECTRICAL CONTRACTORS ASSOCIATION (INSIDE)",968,"TX DALLAS","ELECTRICAL WORKERS IBEW AFL-CIO (IBEW) 20","May 31, 2004","23821","2500","PRIVATE"
"NATIONAL ELECTRICAL CONTRACTORS ASSOCIATION (INSIDE)",975,"MN MINNEAPOLIS","ELECTRICAL WORKERS IBEW AFL-CIO (IBEW) 292","Apr 30, 2003","23821","1800","PRIVATE"
"NATIONAL ELECTRICAL CONTRACTORS ASSOCIATION (INSIDE)",991,"MO KANSAS CITY","ELECTRICAL WORKERS IBEW AFL-CIO (IBEW) 124","Aug 28, 2005","23821","1200","PRIVATE"
"NATIONAL ELECTRICAL CONTRACTORS ASSOCIATION (INSIDE)",1096,"NM","ELECTRICAL WORKERS IBEW AFL-CIO (IBEW) 611","May 31, 2004","23821","1500","PRIVATE"
"NATIONAL ELECTRICAL CONTRACTORS ASSOCIATION (INSIDE)",1317,"DC WASHINGTON","ELECTRICAL WORKERS IBEW AFL-CIO (IBEW) 26","May 31, 2006","23821","3000","PRIVATE"
"NATIONAL ELECTRICAL CONTRACTORS ASSOCIATION (INSIDE)",1567,"FL SOUTH","ELECTRICAL WORKERS IBEW AFL-CIO (IBEW) 349","Aug 31, 2005","23821","1000","PRIVATE"
"NATIONAL ELECTRICAL CONTRACTORS ASSOCIATION (INSIDE)",1568,"FL","ELECTRICAL WORKERS IBEW AFL-CIO (IBEW) 349","Aug 31, 2012","23821","1000","PRIVATE"
"NATIONAL ELECTRICAL CONTRACTORS ASSOCIATION (INSIDE)",1569,"FL","ELECTRICAL WORKERS IBEW AFL-CIO (IBEW) 349","Aug 31, 2012","23821","1000","PRIVATE"
"NATIONAL ELECTRICAL CONTRACTORS ASSOCIATION (INSIDE)",1579,"CA OAKLAND","ELECTRICAL WORKERS IBEW AFL-CIO (IBEW) 595","Jul 31, 2004","23821","1000","PRIVATE"
"NATIONAL ELECTRICAL CONTRACTORS ASSOCIATION (INSIDE)",1612,"KY LOUISVILLE","ELECTRICAL WORKERS IBEW AFL-CIO (IBEW) 369","May 31, 2005","23821","1200","PRIVATE"
"NATIONAL ELECTRICAL CONTRACTORS ASSOCIATION (INSIDE)",1709,"IN INDIANAPOLIS","ELECTRICAL WORKERS IBEW AFL-CIO (IBEW) 481","May 31, 2006","23821","1400","PRIVATE"
"NATIONAL ELECTRICAL CONTRACTORS ASSOCIATION (INTELL TRANSP SYSTEMS)",1099,"CA LOS ANG CTY","ELECTRICAL WORKERS IBEW AFL-CIO (IBEW) 11","Jan 30, 2006","23821","5500","PRIVATE"
"NATIONAL ELECTRICAL CONTRACTORS ASSOCIATION (NECA) - LONG ISLAND CHAPTER",4211,"NY","ELECTRICAL WORKERS IBEW AFL-CIO (IBEW) 25 LONG ISLAND LOCAL","Apr 25, 2025",,,"PRIVATE"
"NATIONAL ELECTRICAL CONTRACTORS ASSOCIATION (NECA) - RHODE ISLAND AND SOUTHEAST MASSACHUSETTS CHAPTER",4558,"MI","ELECTRICAL WORKERS IBEW AFL-CIO (IBEW) 99 ","May 31, 2027",,,"PRIVATE"
"NATIONAL ELECTRICAL CONTRACTORS ASSOCIATION (OR- COLUMBIA CHAPTER)",1674,"OR","ELECTRICAL WORKERS IBEW AFL-CIO (IBEW) 48","Dec 31, 2009","23821","2500","PRIVATE"
"NATIONAL ELECTRICAL CONTRACTORS ASSOCIATION (RESIDENTIAL)",1074,"CA LOS ANG CTY","ELECTRICAL WORKERS IBEW AFL-CIO (IBEW) 332","Jun 30, 2006","2361","1600","PRIVATE"
"NATIONAL ELECTRICAL CONTRACTORS ASSOCIATION (ROCKY MT. CHAPTER)",1606,"CO","ELECTRICAL WORKERS IBEW AFL-CIO (IBEW) 68","May 31, 2011","23821","2100","PRIVATE"
"NATIONAL ELECTRICAL CONTRACTORS ASSOCIATION (SOUND & COMMUN- NO. CA)",951,"CA NV NORTHERN"," (IBEW) 9TH DIST-12 LOC","Nov 30, 2006","23821","1250","PRIVATE"
"NATIONAL ELECTRICAL CONTRACTORS ASSOCIATION (SOUND & COMMUN- SO. CA)",1075,"CA SOUTHERN"," (IBEW) 9TH DIST- 10 LOC","Nov 30, 2004","23821","10000","PRIVATE"
"NATIONAL ELECTRICAL CONTRACTORS ASSOCIATION ALBANY CHPTR (INSIDE)",1244,"NY ALBANY","ELECTRICAL WORKERS IBEW AFL-CIO (IBEW) 236","May 31, 2004","23821","1050","PRIVATE"
"NATIONAL ELECTRICAL CONTRACTORS ASSOCIATION AMERICAN LN BUILDERS (OUTSIDE)",981,"5 STATES & DC","AUTO WORKERS AFL-CIO (UAW) 474/ELECTRICAL WORKERS IBEW AFL-CIO (IBEW) 101/ELECTRICAL WORKERS IBEW AFL-CIO (IBEW) 245/ELECTRICAL WORKERS IBEW AFL-CIO (IBEW) 71","Sep 2, 2001","23821","4000","PRIVATE"
"NATIONAL ELECTRICAL CONTRACTORS ASSOCIATION ATLANTA CHPTR",942,"GA ATLANTA","ELECTRICAL WORKERS IBEW AFL-CIO (IBEW) 613","Aug 31, 2004","23821","3200","PRIVATE"
"NATIONAL ELECTRICAL CONTRACTORS ASSOCIATION FINGER LAKES CHPTR (CONSTRUC)",925,"NY ROCHESTER","ELECTRICAL WORKERS IBEW AFL-CIO (IBEW) 86","May 29, 2005","23821","1000","PRIVATE"
"NATIONAL ELECTRICAL CONTRACTORS ASSOCIATION FINGER LAKES CHPTR (RESID)",804,"NY ROCHESTER","ELECTRICAL WORKERS IBEW AFL-CIO (IBEW) 86","May 29, 2005","23821","1000","PRIVATE"
"NATIONAL ELECTRICAL CONTRACTORS ASSOCIATION HUDSON VALLEY (INSIDE)",1515,"NY HUDSON VLLY","ELECTRICAL WORKERS IBEW AFL-CIO (IBEW) 363","Mar 31, 2004","23821","1000","PRIVATE"
"NATIONAL ELECTRICAL CONTRACTORS ASSOCIATION MD CHPTR (INSIDE)",791,"MD BALTIMORE","ELECTRICAL WORKERS IBEW AFL-CIO (IBEW) 24","May 31, 2005","23821","1300","PRIVATE"
"NATIONAL ELECTRICAL CONTRACTORS ASSOCIATION NW LINE CONSTRUCTORS",1661,"OR WA","ELECTRICAL WORKERS IBEW AFL-CIO (IBEW) 125/ELECTRICAL WORKERS IBEW AFL-CIO (IBEW) 483/ELECTRICAL WORKERS IBEW AFL-CIO (IBEW) 659/ELECTRICAL WORKERS IBEW AFL-CIO (IBEW) 77","Jan 31, 2007","23713","1700","PRIVATE"
"NATIONAL ELECTRICAL CONTRACTORS ASSOCIATION OF PUGET SOUND (INSIDE)",1326,"WA SEATTLE","ELECTRICAL WORKERS IBEW AFL-CIO (IBEW) 46","May 31, 2004","23821","2100","PRIVATE"
"NATIONAL ELECTRICAL CONTRACTORS ASSOCIATION OF SOUTH FL (INSIDE WIREMEN)",1057,"FL","ELECTRICAL WORKERS IBEW AFL-CIO (IBEW) 728","Aug 31, 2010","23821","1250","PRIVATE"
"NATIONAL ELECTRICAL CONTRACTORS ASSOCIATION OF SOUTH FL (INSIDE WIREMEN)",1058,"FL","ELECTRICAL WORKERS IBEW AFL-CIO (IBEW) 728","Aug 31, 2005","23821","1250","PRIVATE"
"NATIONAL ELECTRICAL CONTRACTORS ASSOCIATION OR-COLUMBIA CHPTR",1672,"OR PORTLAND","ELECTRICAL WORKERS IBEW AFL-CIO (IBEW) 48","Dec 31, 2003","23821","2500","PRIVATE"
"NATIONAL ELECTRICAL CONTRACTORS ASSOCIATION OR-COLUMBIA CHPTR",1673,"OR PORTLAND","ELECTRICAL WORKERS IBEW AFL-CIO (IBEW) 48","Dec 31, 2012","23821","2500","PRIVATE"
"NATIONAL ELECTRICAL CONTRACTORS ASSOCIATION ROCKY MT CHPT",1605,"CO NE","ELECTRICAL WORKERS IBEW AFL-CIO (IBEW) 68","May 31, 2005","23821","2100","PRIVATE"
"NATIONAL ELECTRICAL CONTRACTORS ASSOCIATION SE TX CHPTR",1319,"TX HOUSTON","ELECTRICAL WORKERS IBEW AFL-CIO (IBEW) 716","Aug 31, 2004","23821","2900","PRIVATE"
"NATIONAL ELECTRICAL CONTRACTORS ASSOCIATION SO. NV (INSIDE)",954,"NV","ELECTRICAL WORKERS IBEW AFL-CIO (IBEW) 357","May 31, 2009","23821","1250","PRIVATE"
"NATIONAL ELECTRICAL CONTRACTORS ASSOCIATION SO. NV (INSIDE)",955,"NV SOUTHERN","ELECTRICAL WORKERS IBEW AFL-CIO (IBEW) 357","May 31, 2012","23821","2300","PRIVATE"
"NATIONAL ELECTRICAL CONTRACTORS ASSOCIATION SO. NV (INSIDE)",956,"NV SOUTHERN","ELECTRICAL WORKERS IBEW AFL-CIO (IBEW) 357","May 31, 2006","23821","2300","PRIVATE"
"NATIONAL ELECTRICAL CONTRACTORS ASSOCIATION WESTCHESTER-FAIRFIELD",1577,"NY WHITE PLAIN","ELECTRICAL WORKERS IBEW AFL-CIO (IBEW) 3","May 8, 2002","23821","1600","PRIVATE"
"NATIONAL ELECTRICAL CONTRACTORS ASSOCIATION WSTRN LINE CNSTRUCTRS (OUTSD)",1039,"CA NRTHRN & NV","ELECTRICAL WORKERS IBEW AFL-CIO (IBEW) 1245","May 31, 2006","23821","1600","PRIVATE"
"NATIONAL ELECTRICAL CONTRACTORS ASSOCIATION, INC. (NECA) - CONTRA COSTA CHAPTER",4563,"CA","ELECTRICAL WORKERS IBEW AFL-CIO (IBEW) 302 ","May 31, 2026",,,"PRIVATE"
"NATIONAL ELECTRICAL CONTRACTORS ASSOCIATION, INC. (NECA) - LOS ANGELES COUNTY CHAPTER",4801,"CA","ELECTRICAL WORKERS IBEW AFL-CIO (IBEW) 11 ","Jun 30, 2026",,,"PRIVATE"
"NATIONAL ELECTRICAL CONTRACTORS ASSOCIATION, INC. (NECA) - PUGET SOUND CHAPTER",4264,"WA","ELECTRICAL WORKERS IBEW AFL-CIO (IBEW) 46 ","May 31, 2024",,,"PRIVATE"
"NATIONAL ELECTRICAL CONTRACTORS ASSOCIATION, INC. (NECA) - RHODE ISLAND AND SOUTHEAST MASSACHUSETTS CHAPTER (TELE-DATA)",4561,"OR","ELECTRICAL WORKERS IBEW AFL-CIO (IBEW) 99 ","May 31, 2027",,,"PRIVATE"
"NATIONAL ELECTRICAL CONTRACTORS ASSOCIATION, INC. (NECA) - WASHINGTON D.C. CHAPTER",4834,"DC","ELECTRICAL WORKERS IBEW AFL-CIO (IBEW) 26 ","May 31, 2024",,,"PRIVATE"
"NATIONAL ELEVATOR & ESCALATOR ASSOCIATION",2430,"CANADA"," (IUOE) 122/130","Apr 30, 2011",,,"PRIVATE"
"NATIONAL ELEVATOR BARGAINING ASSOCIATION",1784,"MD"," (IUEC) -","Jul 8, 2017","236220","1000","PRIVATE"
"NATIONAL EXPRESS TRANSIT SERVICES CORPORATION",2351,"AZ","TRANSIT UNION AFL-CIO (ATU) 1433","Jun 30, 2019",,,"PRIVATE"
"NATIONAL FIRE SPRINKLER ASSOCIATION",4532,"MD","PLUMBERS AFL-CIO (PPF) 483 ","Jul 31, 2030",,,"PRIVATE"
"NATIONAL FIRE SPRINKLER ASSOCIATION, INC.",4721,"MD","PLUMBERS AFL-CIO (PPF) 669 ROAD SPRINKLER FITTERS","Mar 31, 2025",,,"PRIVATE"
"NATIONAL FOOTBALL LEAGUE MANAGEMENT COUNCIL",823,"NATIONAL","NATIONAL FOOTBALL LEAGUE PLAYERS ASSOCIATION (NFLPA) -","Mar 1, 2008","711211","1300","PRIVATE"
"NATIONAL FOOTBALL LEAGUE MANAGEMENT COUNCIL",822,"NATIONAL","NATIONAL FOOTBALL LEAGUE PLAYERS ASSOCIATION (NFLPA) -","Feb 1, 2020","711211","1300","PRIVATE"
"NATIONAL INSTITUTE OF ENVIRONMENTAL HEALTH SCIENCES",4722,"NC","GOVERNMENT EMPLOYEES AFGE AFL-CIO (AFGE) 2923 HHS","Dec 2, 2019",,,"PUBLIC"
"NATIONAL LINEN SERVICE",749,"NC CHARLOTTE","UNITE HERE -","May 5, 2005","81232","2800","PRIVATE"
"NATIONAL MASONRY CONTRACT",2135,"USA","LABORERS  (LIUNA) 0","Aug 21, 1987","238140",,"PRIVATE"
"NATIONAL MASTER AUTOMOBILE TRANSPORTERS AGREEMENT",390,"DC"," (IBT) -","May 31, 2008",,,"PRIVATE"
"NATIONAL MASTER FREIGHT AGREEMENT (MCLAC)",389,"NATIONAL"," (IBT) -","Mar 31, 2008","484121","5000","PRIVATE"
"NATIONAL MASTER FREIGHT AGREEMENT (TMI)",388,"NATIONAL"," (IBT) -","Mar 31, 2008","484121","65000","PRIVATE"
"NATIONAL MASTER UNITED PARCEL SERVICE AND METRO PHILADELPHIA LOCAL UNIONS",2266,"DE","TEAMSTERS (IBT) 326 GENERAL TEAMSTERS","Jul 31, 2018",,,"PRIVATE"
"NATIONAL ORANGE SHOW",2532,"CA","LABORERS  (LIUNA) 783 LABORERS","Mar 1, 2021",,,"PRIVATE"
"NATIONAL PNEUMATIC CONTROL SYS INSTALL & SVC",1388,"NATIONAL"," (PPF) -","Oct 30, 2003","23829","4280","PRIVATE"
"NATIONAL RAILWAY EQUIPMENT CO.",3825,"IL","INDUSTRIAL WKRS UNTD SIUNA AFL-CIO (IWU) ","Feb 15, 2027","336510","70","PRIVATE"
"NATIONAL SAMPLE CARD MFRS ASSOCIATION",147,"NY NEW YORK"," (PACE) 1-107","Nov 14, 2006","323110","1200","PRIVATE"
"NATIONAL SECURITY TECH, LLC",2131,"NV","LABORERS  (LIUNA) 872","Sep 30, 2017","237990",,"PRIVATE"
"NATIONAL SERVICE & MAINT AGMT",1390,"NATIONAL"," (PPF) -","Aug 1, 2005","23822","4280","PRIVATE"
"NATIONAL STEEL & SHIPBUILDING (IMPLEMENTED TERMS)",350,"CA SAN DIEGO","IRON WORKERS AFL-CIO (BSOIW) 627","Sep 30, 1992","336611","1800","PRIVATE"
"NATIONAL STEEL CORPORATION (GREAT LAKES DIVISION)",2238,"MI"," (USW) ","Aug 1, 2004",,,"PRIVATE"
"NATIONAL TECHNOLOGY & ENGINEERING SOLUTIONS OF SANDIA, LLC",3883,"NM","METAL TRADES DEPT AFL-CIO (MTD) ATOMIC PROJECTS & PRODUCTION WKRS","Sep 29, 2023",,,"PRIVATE"
"NATIONAL TRANSIENT DIVISION SERVICES (NTDS) - EMPLOYER NEGOTIATING COMMITTEE",4608,"MULTIPLE","BOILERMAKERS AFL-CIO (BBF) NATIONAL TRANSIENT DISTRICT LDG HENDERSONVILLE TN","Oct 31, 2027",,,"PRIVATE"
"NATIONAL TRANSIENT LODGE ARTICLES OF AGMT",1467,"NATIONAL"," (BBF) NTL","Oct 31, 2004","23822","4000","PRIVATE"
"NATIONAL UNION OF HOSPITAL AND HEALTHCARE EMPLOYEES / AFSCME DISTRICT 1199C",864,"PA","OFFICE AND PROFESSIONAL EMPLS AFL-CIO (OPEIU) 32","Sep 30, 2022",,,"PRIVATE"
"NATIONAL VISION ADMINISTRATORS, LLC",2582,"NJ","STATE COUNTY AND MUNI EMPLS AFL-CIO (AFSCME) 90 PA PUBLIC EMPLOYEES, DAUPHIN COUNTY","Aug 31, 2019",,,"PRIVATE"
"NATIONAL WOMEN'S LAW CENTER",4892,"DC","ENGINEERS, PROF AND TECH, AFL-CIO (PTE) 70 ","Oct 7, 2025",,,"PRIVATE"
"NATIONWIDE JANITORIAL SERVICES, INC.",3854,"MO","TEAMSTERS (IBT) 662 ","Jun 30, 2026",,,"PRIVATE"
"NATIVE ENERGY & TECHNOLOGY, INC.",4626,"TX","ENGINEERS, OPERATING, AFL-CIO (IUOE) 351 ","Dec 31, 2024",,,"PRIVATE"
"NAV-LVH, LLC (WESTGATE LAS VEGAS RESORT & CASINO)",2546,"NV","CULINARY WORKERS UNION/BARTENDERS UNION 226/165","May 31, 2023",,,"PRIVATE"
"NBC MERCHANTS EVANSVILLE",592,"IN EVANSVILLE","UNITE HERE 399","May 31, 2005","452110","1300","PRIVATE"
"NBC UNIVERSAL MEDIA, LLC",2173,"PA BALA CYNWYD","STAGE AND PICTURE OPERATORS AFL-CIO (IATSE) 804","May 31, 2014","443142",,"PRIVATE"
"NEBRASKA, STATE OF (MULTIPLE UNITS)",34,"NE LINCOLN"," (AFSCME) NAPE 61","Jun 30, 2007","921190","10000","PRIVATE"
"NECA - AMERICAN LINE BUILDERS CHAPTER",4027,"OH","ELECTRICAL WORKERS IBEW AFL-CIO (IBEW) 51 ","Mar 1, 2020",,,"PRIVATE"
"NECA - ORANGE COUNTY (INSIDE WIREMAN)",1325,"CA","ELECTRICAL WORKERS IBEW AFL-CIO (IBEW) 441","May 31, 2010","23821","1000","PRIVATE"
"NEILL PUBLIC LIBRARY BOARD",4232,"WA","TEAMSTERS (IBT) 690 ","Dec 31, 2022",,,"PUBLIC"
"NEVADA CONTRACTORS ASSOCIATION",906,"NV","ENGINEERS, OPERATING, AFL-CIO (IUOE) 12","Jul 1, 2010","23622","1300","PRIVATE"
"NEVADA CONTRACTORS ASSOCIATION",907,"NV","ENGINEERS, OPERATING, AFL-CIO (IUOE) 12","Jul 1, 2004","23622","1300","PRIVATE"
"NEVADA CONTRACTORS ASSOCIATION",923,"NV","CARPENTERS IND (CJA) 1780/CARPENTERS IND (CJA) 1827/CARPENTERS IND (CJA) 1977/CARPENTERS IND (CJA) 897","Jun 30, 2011","23622","1800","PRIVATE"
"NEVADA CONTRACTORS ASSOCIATION",924,"NV CA AZ","CARPENTERS IND (CJA) 1/CARPENTERS IND (CJA) 11/CARPENTERS IND (CJA) 1780/CARPENTERS IND (CJA) 1827/CARPENTERS IND (CJA) 897","Jun 30, 2004","23622","1800","PRIVATE"
"NEVADA CONTRACTORS ASSOCIATION & SO. NV HOME BLDRS",1051,"NV","TEAMSTERS (IBT) 631","Jun 30, 2010","236116","1200","PRIVATE"
"NEVADA CONTRACTORS ASSOCIATION & SO. NV HOME BLDRS",1052,"NV SOUTHERN","TEAMSTERS (IBT) 631","Jun 30, 2004","236116","1200","PRIVATE"
"NEVADA, STATE OF",4638,"NV","AMERICAN FEDERATION OF STATE, COUNTY AND MUNICIPAL EMPLOYEES (AFSCME) 4041","Jun 30, 2025",,,"PUBLIC"
"NEVADA, STATE OF (CORRECTIONAL OFFICER / FORENSIC SPECIALIST)",4643,"NV","NATIONAL FRATERNAL ORDER OF POLICE (NFOP) /NATIONAL FRATERNAL ORDER OF POLICE (NFOP) 21","Jun 30, 2025",,,"PUBLIC"
"NEW ALBANY AREA CONTRACTORS & VICINITY",3527,"NY NEW YORK","LABORERS  (LIUNA) 795","Nov 30, 2018","236210",,"PUBLIC"
"NEW BEDFORD SCHOOL COMMITTEE",2970,"MA NEW BEDFORD"," (NBEA) NBEA","Jun 30, 2002","611110","1100","PUBLIC"
"NEW CAR DEALER COMMITTEE",697,"IL CHICAGO","MACHINISTS AFL-CIO (IAM) 701","Jul 30, 2005","441110","3000","PRIVATE"
"NEW CASTLE, DE, COUNTY OF (SCHOOL CROSSING GUARDS)",3587,"DE","ELECTRICAL WORKERS IBEW AFL-CIO (IBEW) 2270","Dec 31, 2018",,,"PUBLIC"
"NEW DAY ALUMINUM, LLC.",3680,"LA"," (USW) ","Oct 28, 2021","331313","330","PRIVATE"
"NEW ENGLAND MECHANICAL CONTRACTORS ASSOCIATION. & ARCA",1518,"MA BOSTON","PLUMBERS AFL-CIO (PPF) 537","Aug 31, 2006","23822","2000","PRIVATE"
"NEW ENTERPRISE STONE & LIME COMPANY, INC.",4623,"PA","TEAMSTERS (IBT) 110 ","Jan 31, 2025",,,"PRIVATE"
"NEW HAMPSHIRE, STATE OF",2706,"NH"," (SEIU) 1984","Jun 30, 2009","921190","10500","PUBLIC"
"NEW HAMPSHIRE, STATE OF (GENERAL UNIT)",2704,"NH CONCORD","SEIU/NHSEA 1984","Jun 30, 2012","921190","10500","PUBLIC"
"NEW HAMPSHIRE, STATE OF (GENERAL UNIT)",2705,"NH CONCORD","SEIU/NHSEA 1984","Jun 30, 2003","921190","10500","PUBLIC"
"NEW HAVEN SYMPHONY ORCHESTRA, THE",4618,"CT","STAGE AND PICTURE OPERATORS AFL-CIO (IATSE) 74 ","Dec 31, 2024",,,"PRIVATE"
"NEW HAVEN, BOARD OF EDUCATION (TEACHERS)",3177,"CT NEW HAVEN","TEACHERS AFL-CIO (AFT) 933 NEW HAVEN FEDERATION OF TEACHERS","Jun 30, 2006","611110","1300","PUBLIC"
"NEW JERSEY GLASS & METAL CONTRACTORS ASSOCIATION",4213,"NJ","PAINTERS AFL-CIO (PAT) 21 ","Apr 30, 2026",,,"PRIVATE"
"NEW JERSEY ORGANIZING COMMITTEE/COUNCIL 1",2292,"NJ"," (NJPEC) COUNCIL 1","Apr 1, 2022",,,"PRIVATE"
"NEW JERSEY ORGANIZING COMMITTEE/COUNCIL 52",2296,"NJ"," (AFSCME) ","Jun 15, 2021",,,"PRIVATE"
"NEW JERSEY ORGANIZING COMMITTEE/COUNCIL 71",2299,"NJ","STATE COUNTY AND MUNI EMPLS AFL-CIO (AFSCME) 71","May 30, 2023",,,"PRIVATE"
"NEW JERSEY SPORTS & EXPOSITION AUTHORITY",3553,"NJ","LABORERS  (LIUNA) 472","Feb 28, 2008",,,"PUBLIC"
"NEW JERSEY STATE COLLEGES (FULL-TIME FACULTY)",2613,"NJ"," (AFT) NJSFT","Jun 30, 2007","611310","3200","PUBLIC"
"NEW JERSEY STEEL ASSOCIATION",1041,"NJ","IRON WORKERS AFL-CIO (BSOIW) 11/IRON WORKERS AFL-CIO (BSOIW) 373/IRON WORKERS AFL-CIO (BSOIW) 45/IRON WORKERS AFL-CIO (BSOIW) 480/IRON WORKERS AFL-CIO (BSOIW) 483","Jun 30, 2011","23621","1000","PRIVATE"
"NEW JERSEY STEEL ASSOCIATION ET. AL.",1523,"NJ NORTHERN","IRON WORKERS AFL-CIO (BSOIW) 11/IRON WORKERS AFL-CIO (BSOIW) 373/IRON WORKERS AFL-CIO (BSOIW) 45/IRON WORKERS AFL-CIO (BSOIW) 48/IRON WORKERS AFL-CIO (BSOIW) 480","Jun 30, 2005","23819","1000","PRIVATE"
"NEW JERSEY STEEL ASSOCIATION ET. AL.",1524,"NJ NORTHERN","IRON WORKERS AFL-CIO (BSOIW) 11/IRON WORKERS AFL-CIO (BSOIW) 373/IRON WORKERS AFL-CIO (BSOIW) 45/IRON WORKERS AFL-CIO (BSOIW) 480/IRON WORKERS AFL-CIO (BSOIW) 483","Jun 30, 2012","23819","1000","PRIVATE"
"NEW JERSEY TRANSIT BUS OPERATIONS INC.",3039,"NJ"," (ATU) 819-25, 880","Jun 30, 2005","485111","4000","PUBLIC"
"NEW JERSEY TURNPIKE AUTHORITY (OPS, MAINT. & TOLLS)",3417,"NJ"," (IFPTE) 194","Jun 30, 2007","488490","1450","PUBLIC"
"NEW JERSEY, STATE OF (ADMINISTRATIVE & CLERICAL SERVICES UNIT)",2732,"NJ"," (CWA) ","Jun 30, 2007","921190","10000","PUBLIC"
"NEW JERSEY, STATE OF (HEALTHCARE AND REHABILTATION SERVICES UNIT)",2671,"NJ","STATE COUNTY AND MUNI EMPLS AFL-CIO (AFSCME) 1 NEW JERSEY PUBLIC EMPLOYEES COUNCIL 1","Jun 30, 2007","622","8000","PUBLIC"
"NEW JERSEY, STATE OF (LAW ENFORCEMENT)",6,"NJ"," (PBA-I) ","Jun 30, 2003","922120","5400","PRIVATE"
"NEW JERSEY, STATE OF (OPRTRS, MAINT, SVC, CRAFTS)",2672,"NJ"," (PTE) 195, 518","Jun 30, 2007","921190","7000","PUBLIC"
"NEW JERSEY, STATE OF (PRIMARY SUPERVISORS)",2691,"NJ"," (CWA) ","Jun 30, 2003","921190","10000","PUBLIC"
"NEW JERSEY, STATE OF (TROOPERS)",2611,"NJ","NJ STFA-I ","Jun 30, 2004","922120","1650","PUBLIC"
"NEW JERSEY, STATE OF (UPPER LEVEL SUPERVISORS)",10,"NJ"," (CWA) ","Jun 30, 2003","921190","1700","PRIVATE"
"NEW JERSEY, STATE OF(PROFESSIONAL UNIT)",8,"NJ"," (CWA) ","Jun 30, 2007","921190","10000","PRIVATE"
"NEW JERSEY, UNIVERSITY OF MEDICINE & DENTISTRY (FACULTY)",3423,"NJ"," (AAUP-I) ","Jun 30, 2009","611310","1200","PUBLIC"
"NEW JERSEY, UNIVERSITY OF MEDICINE & DENTISTRY (PROFESS)",2664,"NJ"," (AFT/HPAE) ","Jun 30, 2006","611310","1200","PUBLIC"
"NEW JERSEY, UNIVERSITY OF MEDICINE & DENTISTRY (PROFESSIONAL)",2665,"NJ"," (AFT/HPAE) 5094","Jun 30, 2010","611310","1200","PUBLIC"
"NEW JERSEY, UNIVERSITY OF MEDICINE & DENTISTRY (RN'S)",2666,"NJ"," (AFT/HPAE) 5089","Jun 30, 2010","611310","1200","PUBLIC"
"NEW JERSEY, UNIVERSITY OF MEDICINE & DENTISTRY (SUPRVS)",3011,"NJ"," (CWA) ","Oct 31, 2005","611310","1000","PUBLIC"
"NEW ORLEANS, THE CITY OF (GENERAL UNIT)",2995,"LA NEW ORLEANS","SERVICE EMPLOYEES (SEIU) 100 FIREMEN & OILERS","Mar 1, 2005","921190","1550","PUBLIC"
"NEW PRESS",1927,"NY"," (UAW) 2110","Sep 30, 2010","813319","2771","PRIVATE"
"NEW ROCHELLE CITY SCHOOL DISTRICT (TEACHERS)",3081,"NY NEW ROCHELLE","AFT/NYSUT 280","Jun 30, 2001","611110","1175","PUBLIC"
"NEW ROCHELLE PUBLIC SCHOOLS (TEACHERS)",3082,"NY NEW ROCHELLE","AFT/NYSUT 280","Jun 30, 2005","611110","1175","PUBLIC"
"NEW SCHOOL, THE",4690,"NY","AUTO WORKERS AFL-CIO (UAW) /AUTO WORKERS AFL-CIO (UAW) 7902 ","Aug 31, 2026",,,"PRIVATE"
"NEW SMYRNA BEACH, CITY OF (UTILITIES COMMISSION)",4374,"FL","ELECTRICAL WORKERS IBEW AFL-CIO (IBEW) 2088 ","Jun 30, 2025",,,"PUBLIC"
"NEW UNITED MOTOR MANUFACTURING, INC.",366,"CA FREMONT","AUTO WORKERS AFL-CIO (UAW) 2244","Aug 6, 2005","336111","4000","PRIVATE"
"NEW UNITED MOTOR MANUFACTURING, INC.",1907,"MI","AUTO WORKERS AFL-CIO (UAW) 2244","Aug 8, 2009","336111","3612","PRIVATE"
"NEW YORK & NEW JERSEY, PORT AUTHORITY OF",3425,"NY, NJ","TRANSPORT WORKERS AFL-CIO (TWU) 1400","Jul 27, 2002",,,"PUBLIC"
"NEW YORK CITY ASPHALT",1562,"NY NEW YORK","TEAMSTERS (IBT) 282","Jun 30, 2009","23731","4700","PRIVATE"
"NEW YORK CITY ASPHALT",1563,"NY NEW YORK","TEAMSTERS (IBT) 282","Jun 30, 2013","23731","4700","PRIVATE"
"NEW YORK CITY CONCRETE PRODUCTS & INDEPENDENTS",1116,"NY NEW YORK","TEAMSTERS (IBT) 282","Jun 30, 2005","238110","4700","PRIVATE"
"NEW YORK CITY HEALTH & HOSPITAL CORPORATION (ADMINISTRATIVE)",2842,"NY NEW YORK","COMMUNICATIONS WORKERS AFL-CIO (CWA) 1180","Jun 30, 2005","921190","10000","PUBLIC"
"NEW YORK CITY HEALTH & HOSPITAL CORPORATION (ANALYST)",2919,"NY NEW YORK"," (OSA-I) ","Jun 30, 2005","921190","8000","PUBLIC"
"NEW YORK CITY HEALTH & HOSPITAL CORPORATION (INTERNS AND RESIDENTS)",2954,"NY NEW YORK"," (-) -","Jun 30, 2005",,"3100","PUBLIC"
"NEW YORK CITY HEALTH & HOSPITAL CORPORATION (LPN)",2628,"NY NEW YORK","SERVICE EMPLOYEES (SEIU) 721 LICENSED PRACTICAL NURSES, TECHNICI","Sep 30, 2002","622","1650","PUBLIC"
"NEW YORK CITY HEALTH & HOSPITAL CORPORATION (MEDICAL EQUIPMENT TECHNICIANS)",2913,"NY NEW YORK","DC37, SEIU 1199, IBT 237","Jun 30, 2002","622","1900","PUBLIC"
"NEW YORK CITY HEALTH & HOSPITAL CORPORATION (MEDICAL PROFESSIONALS)",2915,"NY NEW YORK"," (SEIU) ","Aug 13, 2005",,,"PUBLIC"
"NEW YORK CITY HEALTH & HOSPITAL CORPORATION (PROTECTIVE OFFICERS)",2629,"NY NEW YORK"," (IBT) -","Mar 31, 2002",,,"PUBLIC"
"NEW YORK CITY SCHOOL CONSTRUCTION AUTHORITY -UNIT B",1911,"NY","STATE COUNTY AND MUNI EMPLS AFL-CIO (AFSCME) 37 NEW YORK CITY","Mar 2, 2010","921190","6800","PRIVATE"
"NEW YORK CITY SCHOOL CONSTRUCTION AUTHORITY -UNIT C",1910,"NY"," (ASCME) LU 375","Jun 2, 2010","921190","6800","PRIVATE"
"NEW YORK CITY TRANSIT AUTHORITY (MANHATTAN AND BRONX SURFACE TRANSIT OPERATING AUTHORITY)",4720,"NY","TRANSPORT WORKERS AFL-CIO (TWU) 100 ","Dec 15, 2002",,,"PUBLIC"
"NEW YORK COAT & SUIT ASSOCIATION",96,"MID ATLANTIC","UNITE HERE 89-22-1","May 31, 2001","315212","3000","PRIVATE"
"NEW YORK ELECTRICAL CONTRACTORS ASSOCIATION (CONSTR)",1327,"NY NEW YORK","ELECTRICAL WORKERS IBEW AFL-CIO (IBEW) 3","May 13, 2004","23821","11000","PRIVATE"
"NEW YORK HISTORICAL SOCIETY",1928,"NY"," (UAW) DIST. 65","Dec 31, 1991","813319","2771","PRIVATE"
"NEW YORK METROPOLITAN AREA TRUCK LEASING ASSOCIATION",3681,"NY","MACHINISTS AFL-CIO (IAM) 447","Nov 30, 2021",,,"PRIVATE"
"NEW YORK OIL HEATING ASSOCIATION & OIL HEAT INSTITUTE",536,"NY NEW YORK","TEAMSTERS (IBT) 553","Dec 15, 2007","424720","1500","PRIVATE"
"NEW YORK PRESBYTERIAN HOSPITAL/COLUMBIA MEDICAL CENTER",851,"NY NEW YORK","ANA/NYSNA -","Dec 31, 2007","62211","2000","PRIVATE"
"NEW YORK PRESBYTERIAN HOSPITAL/COLUMBIA MEDICAL CENTER",852,"NY NEW YORK","ANA/NYSNA -","Dec 31, 2004","62211","1650","PRIVATE"
"NEW YORK SKIRT & SPORTSWEAR ASSOCIATION (NATIONAL)",97,"NY NEW YORK","UNITE HERE 23-25","May 31, 2004","315212","1600","PRIVATE"
"NEW YORK STATE (INSTITUTIONAL SERVICES UNIT)",2617,"NY"," (AFSCME) CSEA","Apr 1, 2007","622210","25090","PUBLIC"
"NEW YORK STATE ELECTRIC AND GAS CORP",505,"NY UPSTATE"," (IBEW) SYSTEM CNL U-7,1","Jun 30, 2005","221","1987","PRIVATE"
"NEW YORK STATE THRUWAY AUTHORITY",3456,"NY NEW YORK"," (IBT) 72","Jun 30, 2003","488490","2800","PUBLIC"
"NEW YORK STOCK EXCHANGE, NEW YORK FUTURES EXCH",720,"NY NEW YORK","OFFICE AND PROFESSIONAL EMPLS AFL-CIO (OPEIU) 153","Nov 5, 2005","523120","1000","PRIVATE"
"NEW YORK STRUCTURAL STEEL PAINTING CONTRACTORS ASSOCIATION",1267,"NY SOUTHEAST","PAINTERS AFL-CIO (PAT) 806/PAINTERS AFL-CIO (PAT) 9","Sep 30, 2005","23832","1000","PRIVATE"
"NEW YORK TIMES (MOA)",140,"NY NEW YORK"," (TNG) 3","Mar 30, 2011","51111","1600","PRIVATE"
"NEW YORK TRADE SHOW CONTRACTORS ASSOCIATION",1538,"NY NEW YORK"," (CJA) DC OF NYC","Jun 30, 2006","23899","1000","PRIVATE"
"NEW YORK UNIVERSITY",3490,"NY","SERVICE EMPLOYEES (SEIU) 32 BJ","Apr 30, 2012","562221","109231","PUBLIC"
"NEW YORK UNIVERSITY (BUILDING OPERATIONS)",3484,"NY","TEAMSTERS (IBT) 810","Jun 30, 2013","23731","2795","PUBLIC"
"NEW YORK UNIVERSITY (CLERICAL & TECHNICAL)",834,"NY NEW YORK","TEACHERS AFL-CIO (AFT) 3882 UCATS","Oct 31, 2011","61131","1500","PRIVATE"
"NEW YORK UNIVERSITY (CLERICAL & TECHNICAL)",2723,"NY","TEACHERS AFL-CIO (AFT) 3882 UCATS","Jun 6, 2005","611310","1800","PUBLIC"
"NEW YORK, BOARD OF EDUCATION OF THE CITY SCHOOL DISTRICT, OF THE CITY OF,",2721,"NY NEW YORK","TEACHERS AFL-CIO (AFT) 2 NEW YORK CITY TEACHERS","Jun 6, 2005","611110","1056","PUBLIC"
"NEW YORK, CITY OF (AUTO MECHANICS)",2843,"NY NEW YORK","SERVICE EMPLOYEES (SEIU) 246 FIREMEN & OILERS","Mar 31, 2002","921190","1350","PUBLIC"
"NEW YORK, CITY OF (CORRECTIONS CAPTAINS)",3389,"NY NEW YORK"," (CCA-I) ","May 31, 2003","922140","1000","PUBLIC"
"NEW YORK, CITY OF (CORRECTIONS CLINICIANS)",2947,"NY NEW YORK"," (SEIU) ","Jun 30, 2002",,,"PUBLIC"
"NEW YORK, CITY OF (CORRECTIONS OFFICERS)",2894,"NY NEW YORK"," (COBA-1) ","Apr 30, 2005",,,"PUBLIC"
"NEW YORK, CITY OF (DETECTIVE INVESTIGATORS)",2950,"NY NEW YORK"," (DEA-1) -","Feb 14, 2004",,,"PUBLIC"
"NEW YORK, CITY OF (FIREFIGHTERS)",2845,"NY NEW YORK"," (IAFF) UFOA","Dec 31, 2002","922160","2500","PUBLIC"
"NEW YORK, CITY OF (FIREFIGHTERS)",2855,"NY NEW YORK"," (IAFF) UFA","May 30, 2002","922160","8850","PUBLIC"
"NEW YORK, CITY OF (FIREFIGHTERS)",2856,"NY NEW YORK"," (IAFF) -","Jul 31, 2008","922160","8850","PUBLIC"
"NEW YORK, CITY OF (LIEUTENANTS)",2974,"NY NEW YORK"," (LBACNY-1) -","Jun 15, 2003",,,"PUBLIC"
"NEW YORK, CITY OF (MOTOR VEHICLE OPERATORS)",2886,"NY NEW YORK","STATE COUNTY AND MUNI EMPLS AFL-CIO (AFSCME) 37 NEW YORK CITY","Jun 30, 2005","921190",,"PUBLIC"
"NEW YORK, CITY OF (OFF-TRACK BETTING)",2918,"NY NEW YORK","STATE COUNTY AND MUNI EMPLS AFL-CIO (AFSCME) 37 NEW YORK CITY","Jun 30, 2002","921190",,"PUBLIC"
"NEW YORK, CITY OF (POLICE OFFICERS)",2953,"NY NEW YORK"," (PBA-1) -","Jul 31, 2004",,,"PUBLIC"
"NEW YORK, CITY OF (REAL ESTATE)",2907,"NY","STATE COUNTY AND MUNI EMPLS AFL-CIO (AFSCME) 37 NEW YORK CITY","Mar 2, 2008",,,"PUBLIC"
"NEW YORK, CITY OF (REVISED SEAONALS)",2914,"NY","STATE COUNTY AND MUNI EMPLS AFL-CIO (AFSCME) 37 NEW YORK CITY","Mar 2, 2008",,,"PUBLIC"
"NEW YORK, CITY OF (SANITATION OFFICERS)",2952,"NY NEW YORK"," (SEIU) ","Apr 30, 2003",,,"PUBLIC"
"NEW YORK, CITY OF (SERGEANTS)",2951,"NY NEW YORK"," (SBA-1) -","May 31, 2003",,,"PUBLIC"
"NEW YORK, CITY OF (TRAFFIC ENFORCEMENT)",2841,"NY NEW YORK"," (CWA) 1181, 1182","Jun 30, 2005","921190","1350","PUBLIC"
"NEW YORK, CITY OF BOARD OF EDUCATION (SUPERVISORS)",3296,"NY NEW YORK"," (AFSA) CSA 1","Jun 30, 2003","611110","4500","PUBLIC"
"NEW YORK, CITY OF BOARD OF EDUCATION (TEACHERS)",3184,"NY NEW YORK","TEACHERS AFL-CIO (AFT) 2 NEW YORK CITY TEACHERS","Jun 6, 2005","611110","81547","PUBLIC"
"NEW YORK, CITY OF HOUSING AUTHORITY",3454,"NY NEW YORK"," (IBT) -","Mar 31, 2002",,,"PUBLIC"
"NEW YORK, CITY OF HOUSING AUTHORITY (PATROL OFFICERS)",3455,"NY NEW YORK"," (HPBA-1) -","Mar 31, 2000",,,"PUBLIC"
"NEW YORK, CITY OF SANITATION DEPARTMENT (SANITATION WORKERS)",2840,"NY NEW YORK","SERVICE EMPLOYEES (SEIU) 444 FIREMEN & OILERS","Apr 30, 2003","562211","1250","PUBLIC"
"NEW YORK, CITY OF SANITATION DEPARTMENT (SANITATION WORKERS)",2859,"NY NEW YORK"," (IBT) USA 831","Nov 22, 2002","56211","6100","PUBLIC"
"NEW YORK, CITY OF TRANSIT AUTHORITY",3590,"NY NEW YORK"," (AFSCME) VARIOUS UNION","Dec 31, 2008",,,"PUBLIC"
"NEW YORK, CITY OF TRANSIT AUTHORITY (DEPARTMENT OF BUSES, QUEENS)",3452,"NY NEW YORK"," (ATU) DIV 1056","Dec 15, 2002","485111","1200","PUBLIC"
"NEW YORK, CITY OF TRANSIT AUTHORITY (DEPARTMENT OF BUSES, STATEN ISLAND)",3176,"NY NEW YORK","TRANSIT UNION AFL-CIO (ATU) 726","Dec 15, 2002","485111","950","PUBLIC"
"NEW YORK, CITY OF TRANSIT AUTHORITY (OPERATIONS AND MAINTENANCE)",3404,"NY NEW YORK"," (TWU) ","Dec 15, 2005",,,"PUBLIC"
"NEW YORK, CITY OF TRANSIT AUTHORITY (SUPERVISORS)",3430,"NY NEW YORK"," (SSSA-1) ","Oct 31, 2006",,"3100","PUBLIC"
"NEW YORK, CITY OF TRANSIT AUTHORITY (TECHNICAL TRADES)",3405,"NY NEW YORK","STATE COUNTY AND MUNI EMPLS AFL-CIO (AFSCME) 375 CIVIL SERVICE TECHNICAL GUILD","Jun 30, 2002","485111","1200","PUBLIC"
"NEW YORK, STATE OF, UNIFIED COURT SYSTEM",2782,"NY"," (AFSCME) 1070","Mar 31, 2007","922110","1500","PUBLIC"
"NEW YORK, STATE OF, UNIFIED COURT SYSTEM (COURT CLERKS)",2729,"NY"," (NYSCOA-I) ","Mar 31, 2003","922110","1300","PUBLIC"
"NEW YORK, STATE OF, UNIFIED COURT SYSTEM (COURT OFFICERS)",2784,"NY"," (NYCOA-I) ","Mar 31, 2003","922110","1250","PUBLIC"
"NEW YORK, STATE OF, UNIFIED COURT SYSTEM (COURT OFFICERS)",2785,"NY"," (NYSCCA-I) 2013","Mar 31, 2003","922110","1350","PUBLIC"
"NEW YORK, STATE UNIVERSITY OF (FACULTY)",2668,"NY"," (AFT) UUP","Jul 1, 2007","611310","28000","PUBLIC"
"NEW YORK, THE CITY UNIVERSITY OF (BLUE COLLAR)",3275,"NY NEW YORK","SERVICE EMPLOYEES (SEIU) 237 FIREMEN & OILERS","Jun 30, 2002",,,"PUBLIC"
"NEW YORK, THE CITY UNIVERSITY OF (WHITE COLLAR)",3286,"NY NEW YORK"," (AFSCME) VARIOUS LOCALS","Dec 31, 2002",,,"PUBLIC"
"NEWARK, STATE OPERATED SCHOOL DISTRICT OF",3171,"NJ NEWARK"," (AFT) NTU 481","Jun 30, 2006","611110","1200","PUBLIC"
"NEWARK, STATE OPERATED SCHOOL DISTRICT OF (TEACHERS)",3170,"NJ NEWARK"," (AFT) NTU 481","Jun 30, 2006","611110","3500","PUBLIC"
"NEWPORT NEWS SHIPBUILDING & DRY DOCK CO.",345,"NY"," (USW) ","Jun 6, 2004",,,"PRIVATE"
"NEWPORT, CITY OF (FIREFIGHTERS)",4225,"OR","NEWPORT POLICE ASSOCIATION ","Jun 30, 2024",,,"PUBLIC"
"NEWPORT, CITY OF (PUBLIC WORKS)",4226,"OR","NEWPORT EMPLOYEES ASSOCIATION (NEA) ","Jun 30, 2025",,,"PUBLIC"
"NEWS & GIFTS R.C.1",2337,"NV"," (CWU) 226","May 31, 2021",,,"PRIVATE"
"NHS HUMAN SERVICES, INC.",2281,"PA","STATE COUNTY AND MUNI EMPLS AFL-CIO (AFSCME) 13 PENNSYLVANIA PUBLIC EMPLOYEES","Jun 30, 2017",,,"PRIVATE"
"NIAGARA FRONTIER TRANSIT METRO SYSTEM, INC.",3076,"NY NIAGARA","TRANSIT UNION AFL-CIO (ATU) 1342","Jul 31, 2003","485111","1000","PUBLIC"
"NIAGARA MOHAWK POWER CORP.",503,"NY","ELECTRICAL WORKERS IBEW AFL-CIO (IBEW) 97 OSWEGO","Sep 30, 2004",,,"PRIVATE"
"NIAGARA, COUNTY OF AND NIAGARA COUNTY UNIT (WHITE COLLAR)",3008,"NY NIAGARA"," (AFSCME) CSEA 832","Dec 31, 2002","921190","1000","PUBLIC"
"NICHOLAS GALVANIZING COMPANY",1342,"NJ","STEELWORKERS, AFL-CIO (USW) 04 8228 S","Jul 31, 2022",,"29","PRIVATE"
"NICOR GAS (INCLUDES MOA)",521,"IL","ELECTRICAL WORKERS IBEW AFL-CIO (IBEW) 19","Feb 28, 2009","221210","1500","PRIVATE"
"NINE ZERO",4495,"MA","UNITE HERE  (UNITHE) 26 ","Aug 31, 2022",,,"PRIVATE"
"NISSWA, CITY OF (POLICE)",4265,"MN","TEAMSTERS (IBT) 346 ","Dec 31, 2023","921140","5","PUBLIC"
"NORANDA ALUMINUM",211,"MO NEW MADRID","STEELWORKERS, AFL-CIO (USW) 11 7686 S","Aug 31, 2007","331312","1000","PRIVATE"
"NORFOLK SHIPBUILDING AND DRYDOCK CORP.",352,"VA NORFOLK","BOILERMAKERS AFL-CIO (BBF) 684","Feb 8, 2007","336611","850","PRIVATE"
"NORLITE NURSING CENTERS OF MARQUETTE, INC.",2236,"MI","STATE COUNTY AND MUNI EMPLS AFL-CIO (AFSCME) 25 MICHIGAN","Mar 31, 2020",,,"PRIVATE"
"NORLITE NURSING CENTERS OF MARQUETTE, INC.",3944,"MI","NORLITE NURSING CENTER EMPLOYEES 3496/STATE COUNTY AND MUNI EMPLS AFL-CIO (AFSCME) 25 MICHIGAN","Mar 31, 2028",,,"PRIVATE"
"NORTH BEND, CITY OF (MAINTENANCE)",3926,"WA","TEAMSTERS (IBT) 206 ","Jun 30, 2025",,,"PUBLIC"
"NORTH BEND, CITY OF (OFFICE / CLERICAL)",4238,"WA","PUBLIC, PROFESSIONAL, & OFFICE-CLERICAL EMPLOYEES AND DRIVERS 763","Dec 31, 2022",,,"PUBLIC"
"NORTH BEND, CITY OF (PUBLIC WORKS)",4245,"WA","PUBLIC, PROFESSIONAL, & OFFICE-CLERICAL EMPLOYEES AND DRIVERS 763","Dec 31, 2023",,,"PUBLIC"
"NORTH CAROLINA ADJUTANT GENERAL, THE/NORTH CAROLINA ARMY NATIONAL GUARD",4446,"NC","ASSOCIATION OF CIVILIAN TECHNICIANS (ACT) 96 OLD HICKORY","Sep 1, 2026",,,"PRIVATE"
"NORTH LOS ANGELES COUNTY REGIONAL CENTER",3607,"CA","SERVICE EMPLOYEES (SEIU) 721","Jan 1, 1800",,,"PUBLIC"
"NORTH MEMORIAL HEALTH CARE",755,"MN ST PAUL"," (MNA) ","May 31, 2007","62211","1000","PRIVATE"
"NORTH TEXAS CONTRACTORS ASSOCIATION.",1420,"TX NORTHCENTRAL","CARPENTERS IND (CJA) 429","Apr 30, 2006","23622","1000","PRIVATE"
"NORTH TEXAS CONTRACTORS ASSOCIATION.",1437,"TX NORTHCENTRAL","LABORERS  (LIUNA) 648","Apr 30, 2007","23622","1000","PRIVATE"
"NORTH THURSTON SCHOOL DISTRICT",4094,"WA","ENGINEERS, OPERATING, AFL-CIO (IUOE) 302 ","Aug 31, 2025",,,"PUBLIC"
"NORTHAMPTON HOUSING AUTHORITY",3958,"MA","PAINTERS AFL-CIO (PAT) 35 ","Jun 30, 2027",,,"PUBLIC"
"NORTHEAST ILLINOIS REGIONAL COMMUTER RAILROAD CORPORATION",3586,"IL"," (MAP) 267","Dec 31, 2004",,,"PUBLIC"
"NORTHEAST ILLINOIS REGIONAL COMMUTER RAILROAD CORPORATION",3588,"IL"," (MAP) ","Dec 31, 2018",,,"PUBLIC"
"NORTHEAST VEHICLE SERVICES",2518,"MA","TRANSIT UNION AFL-CIO (ATU) 22","Mar 20, 2020",,,"PRIVATE"
"NORTHEASTERN STATES BOILERMAKER EMPLOYERS",1393,"MA & 6 STATES"," (BBF) ","Sep 30, 2003","23892","1100","PRIVATE"
"NORTHERN CA DRYWALL CONTRACTORS ASSOCIATION-42 COUNTIES (DRYWALL)",983,"CA NORTHERN","PAINTERS AFL-CIO (PAT) 16","Jul 31, 2008","23831","2700","PRIVATE"
"NORTHERN CA FLOOR COVERING ASSOCIATION ET. AL.-16 CTYS",1110,"CA NORTHERN","PAINTERS AFL-CIO (PAT) 12 CARPET, LINOLEUM, SOFT TILE WORKERS/PAINTERS AFL-CIO (PAT) 1237/PAINTERS AFL-CIO (PAT) 16","Jun 30, 2008","23833","1200","PRIVATE"
"NORTHERN CA GLASS MANAGEMENT-FCA",1111,"CA NORTHERN","PAINTERS AFL-CIO (PAT) 16","Jun 21, 2008","23815","1500","PRIVATE"
"NORTHERN CA GLASS MANAGEMENT-FCA",1112,"CA NORTHERN","PAINTERS AFL-CIO (PAT) 16","Jun 30, 2011","23815","1500","PRIVATE"
"NORTHERN CA MECHANICAL CONTRACTORS ASSOCIATION ET.AL.",960,"CA NORTHERN","PLUMBERS AFL-CIO (PPF) 342","Jul 30, 2009","23822","2100","PRIVATE"
"NORTHERN CA MECHANICAL CONTRACTORS ASSOCIATION ET.AL.",961,"CA NORTHERN","PLUMBERS AFL-CIO (PPF) 342","Jun 30, 2003","23822","2100","PRIVATE"
"NORTHERN CA MECHANICAL CONTRACTORS ASSOCIATION ET.AL.",1996,"CA NORTHERN"," (UA) 38","Jun 30, 2012","23822",,"PRIVATE"
"NORTHERN CA PAINTING & FINISHING CONTRACTORS-14 COUNTIES (PAINTERS)",982,"CA NORTHERN","PAINTERS AFL-CIO (PAT) 16","Jun 30, 2006","23832","2000","PRIVATE"
"NORTHERN CALIFORNIA MAINTENANCE CONTRACT",819,"CA","SERVICE EMPLOYEES (SEIU) 1877","Apr 30, 2012",,,"PRIVATE"
"NORTHERN ILLINOIS BUILDING CONTRACTORS ASSOCIATION",1957,"IL","ENGINEERS, OPERATING, AFL-CIO (IUOE) 150","May 31, 2018",,,"PRIVATE"
"NORTHERN ILLINOIS BUILDING CONTRACTORS ASSOCIATION, INC.",4554,"IL","CARPENTERS IND (CJA) MID-AMERICA CARPENTERS REGIONAL COUNCIL","May 31, 2025",,,"PRIVATE"
"NORTHERN ILLINOIS BUILDING CONTRACTORS ASSOCIATION, INC. (DEKALB)",4555,"IL","CARPENTERS IND (CJA) MID-AMERICA CARPENTERS REGIONAL COUNCIL","May 31, 2027",,,"PRIVATE"
"NORTHERN ILLINOIS MASON EMPLOYERS COUNCIL",1193,"IL CHICAGO","BRICKLAYERS AFL-CIO (BAC) 1 ILLINOIS","May 31, 2004","23622","1750","PRIVATE"
"NORTHERN ILLINOIS READY MIX & MATERIALS ASSOCIATION",542,"IL CHICAGO","TEAMSTERS (IBT) 786","Apr 30, 2005","23811","1200","PRIVATE"
"NORTHERN ILLINOIS READY-MIX AND MATERIALS ASSOCIATION",2570,"IL","MACHINISTS AFL-CIO (IAM) 701","May 31, 2019",,,"PRIVATE"
"NORTHERN INDIANA PUBLIC SVC CO (SUBSD OF NIPSCO)",504,"IN","STEELWORKERS, AFL-CIO (USW) 07 12775 S","May 31, 2004","221","1500","PRIVATE"
"NORTHERN MINNESOTA CONTRACTORS ASSOCIATION",2492,"MN","LABORERS  (LIUNA) 1097","Apr 30, 2020",,,"PRIVATE"
"NORTHERN OHIO PAINTING & TAPING CONTRACTORS ASSOCIATION",1064,"OH CLEVELAND","PAINTERS AFL-CIO (PAT) 6","Apr 30, 2009","23832","1000","PRIVATE"
"NORTHERN OHIO PAINTING & TAPING CONTRACTORS ASSOCIATION",1065,"OH CLEVELAND","PAINTERS AFL-CIO (PAT) 6","Apr 30, 2005","23832","1000","PRIVATE"
"NORTHERN PIPELINE CONSTRUCTION COMPANY",2429,"AZ","ENGINEERS, OPERATING, AFL-CIO (IUOE) 428","Mar 20, 2017",,,"PRIVATE"
"NORTHERN STATES POWER COMPANY",3531,"MN"," (MSB/ACTC) -","Aug 1, 2019","236220",,"PUBLIC"
"NORTHROP GRUMMAN SHIP SYSTEMS, INC.",340,"MS PASCAGOULA"," (MTD) -","Mar 4, 2007","336611","5000","PRIVATE"
"NORTHROP GRUMMAN SHIP SYSTEMS, INC.",341,"MS PASCAGOULA","ELECTRICAL WORKERS IBEW AFL-CIO (IBEW) 733","Mar 11, 2012","336611","1300","PRIVATE"
"NORTHROP GRUMMAN SHIP SYSTEMS, INC.",343,"MS PASCAGOULA","ELECTRICAL WORKERS IBEW AFL-CIO (IBEW) 733","Mar 4, 2007","336611","1300","PRIVATE"
"NORTHROP GRUMMAN SHIP SYSTEMS, INC.",344,"PASCAGOULA"," (MTD) PASCAGOULA","Mar 7, 2010","336611","1300","PRIVATE"
"NORTHROP GRUMMAN SHIP SYSTEMS, INC.",346,"LA MS"," (MTD) 13 LOCALS","Mar 4, 2007","336611","5200","PRIVATE"
"NORTHWEST FOOD EMPLOYERS, INC. (GROCERY, PRODUCE, DELI)",615,"OR PORTLAND","FOOD AND COMMERCIAL WKRS (UFCW) 555","Jul 26, 2008","445110","3700","PRIVATE"
"NORTHWEST INDIANA CONTRACTORS ASSOCIATION",1866,"IN","PLASTERERS AND CEMENT MASONS AFL-CIO (OPCM) 692","May 31, 2012","238140","1730","PRIVATE"
"NORTHWEST INDIANA CONTRACTORS ASSOCIATION",1874,"IN","PLASTERERS AND CEMENT MASONS AFL-CIO (OPCM) 692","May 31, 2012","238140","1730","PRIVATE"
"NORTHWEST INDIANA CONTRACTORS ASSOCIATION - AREA 165",1864,"IN","PLASTERERS AND CEMENT MASONS AFL-CIO (OPCM) 692","May 31, 2017","238140","1730","PRIVATE"
"NORTHWEST INDIANA CONTRACTORS ASSOCIATION - AREA 165",1865,"IN","PLASTERERS AND CEMENT MASONS AFL-CIO (OPCM) 692","May 31, 2015","238140","1730","PRIVATE"
"NORTHWEST INDIANA CONTRACTORS ASSOCIATION - AREA 406",1872,"IN","PLASTERERS AND CEMENT MASONS AFL-CIO (OPCM) 692","May 31, 2017","238140","1730","PRIVATE"
"NORTHWEST INDIANA CONTRACTORS ASSOCIATION - AREA 406",1873,"IN","PLASTERERS AND CEMENT MASONS AFL-CIO (OPCM) 692","May 31, 2015","238140","1730","PRIVATE"
"NORTHWEST IRON WORKERS EMPLOYERS ASSOCIATION",1656,"OR WA MT ID","IRON WORKERS AFL-CIO (BSOIW) 14/IRON WORKERS AFL-CIO (BSOIW) 29/IRON WORKERS AFL-CIO (BSOIW) 86","Jun 30, 2005","23819","4000","PRIVATE"
"NORTHWEST MILLWORK COMPANY",2330,"IL"," (CRCC) ","May 31, 2019",,,"PRIVATE"
"NORTHWEST WALL & CEILING CONTRACTORS ASSOCIATION",1140,"WA WESTERN","CARPENTERS IND (CJA) 1144","May 31, 2004","23831","2000","PRIVATE"
"NORTHWEST WALL & CEILING CONTRACTORS ASSOCIATION",1847,"WA"," (OPCMIA) LOCAL 528","Jun 30, 2013","238140","1442","PRIVATE"
"NORTHWEST WALL & CEILING CONTRACTORS ASSOCIATION",2471,"WA"," (CJA) RC PACIFIC NORTHWEST","May 31, 2019",,,"PRIVATE"
"NORTHWEST WALL & CEILING CONTRACTORS ASSOCIATION (DRYWALL)",1035,"WA WESTERN","PAINTERS AFL-CIO (PAT) 5","Jun 9, 2004","23831","1000","PRIVATE"
"NORTHWESTERN MUTUAL LIFE INSURANCE CO.",714,"WI MILWAUKEE","OFFICE AND PROFESSIONAL EMPLS AFL-CIO (OPEIU) 35","Mar 31, 2007","524113","1600","PRIVATE"
"NSTAR ELEC & GAS CORP (PROD & MAINT/OFF-TECH & PROF)",786,"MA, BOSTON","UTILITY WORKERS AFL-CIO (UWU) 387 BOSTON EDISON OFFICE-TECHN & PROFES","Jan 16, 2007","221","1900","PRIVATE"
"NSTAR ELEC & GAS CORP (PROD & MAINT/OFF-TECH & PROF)",787,"MA, BOSTON","UTILITY WORKERS AFL-CIO (UWU) 387 BOSTON EDISON OFFICE-TECHN & PROFES","May 15, 2005","221","1900","PRIVATE"
"NVE, INC.",3817,"VA","INTERNATIONAL UNION OF OPERATING ENGINEERS 99 ","Apr 30, 2023",,,"PRIVATE"
"NYC HEAVY CONSTRUCTION & EXCAVATING CONTRACT",1513,"NY LONG ISLAND","TEAMSTERS (IBT) 282","Jun 30, 2006","23731","1000","PRIVATE"
"NYC HEAVY CONSTRUCTION AND EVACUATION",27,"NY NEW YORK","TEAMSTERS (IBT) 282","Jun 30, 2006",,,"PRIVATE"
"OAHU TRANSIT SERVICES INC. (OPNG & MAINT) (MOA)",386,"HI OAHU","TEAMSTERS (IBT) 996","Jun 30, 2008","485111","1200","PRIVATE"
"OAK HARBOR, CITY OF (MARINE, PARKS, PUBLIC WORKS)",4353,"WA","TEAMSTERS (IBT) 231 ","Dec 31, 2025",,,"PUBLIC"
"OAK PARK, VILLAGE OF",4300,"IL","SERVICE EMPLOYEES (SEIU) 73 ","Dec 31, 2021",,,"PUBLIC"
"OAK PARK, VILLAGE OF (WATER AND SEWER)",4111,"IL","SERVICE EMPLOYEES (SEIU) 73 ","Jun 30, 2023",,,"PUBLIC"
"OAKLAND PARK COMMUNITIES (NURSING HOME)",3682,"MN","FOOD AND COMMERCIAL WKRS (UFCW) 1189","Dec 31, 2021","623110","65","PRIVATE"
"OAKLAND UNIFIED SCHOOLS (PARAPROFESSIONAL & WHITE COLLAR)",3111,"CA OAKLAND","SERVICE EMPLOYEES (SEIU) 790","Jun 30, 2004","611110","1800","PUBLIC"
"OAKLAND, THE CITY OF",2873,"CA OAKLAND","SERVICE EMPLOYEES (SEIU) 790","Jun 30, 2008","921190","1300","PUBLIC"
"OAKLEY STEEL PRODUCTS COMPANY",2505,"IL","SHEET METAL, AIR, RAIL AND TRANSPORTATION WORKERS (SMART) 73 SM","Jan 15, 2022","332312",,"PRIVATE"
"OCEM ACQUISITION DBA MULTI ELECTRIC MANUFACTURING",3996,"IL","ELECTRICAL WORKERS IBEW AFL-CIO (IBEW) 134 ","Nov 30, 2020",,,"PRIVATE"
"OFFICE OF ENERGY EFFICIENCY AND RENEWABLE ENERGY (UNITED STATES DEPARTMENT OF ENERGY)",3824,"CO","GOVERNMENT EMPLOYEES AFGE AFL-CIO (AFGE) 1194 ","Sep 27, 2025",,,"PUBLIC"
"OHIO CONTRACTORS ASSOCIATION",1407,"OHIO"," (LIUNA) ","Apr 30, 2013",,,"PRIVATE"
"OHIO CONTRACTORS ASSOCIATION",1409,"OHIO","ENGINEERS, OPERATING, AFL-CIO (IUOE) 18","Apr 30, 2013",,,"PRIVATE"
"OHIO CONTRACTORS ASSOCIATION",1587,"OH"," (IBT) OH CONF","Apr 30, 2004","23731","2500","PRIVATE"
"OHIO CONTRACTORS ASSOCIATION",1588,"OHIO"," (IBT) ","Apr 30, 2013",,,"PRIVATE"
"OHIO CONTRACTORS ASSOCIATION. (HVY-HWY)",1406,"OH","LABORERS  (LIUNA) 0 OHIO","May 1, 2004","23731","12000","PRIVATE"
"OHIO CONTRACTORS ASSOCIATION. (HVY-HWY)",1408,"OH","ENGINEERS, OPERATING, AFL-CIO (IUOE) 18","Apr 30, 2004","23731","3000","PRIVATE"
"OHIO CONTRACTORS ASSOCIATION. (HVY-HWY)",1586,"OH","PLASTERERS AND CEMENT MASONS AFL-CIO (OPCM) 109/PLASTERERS AND CEMENT MASONS AFL-CIO (OPCM) 132/PLASTERERS AND CEMENT MASONS AFL-CIO (OPCM) 404","Apr 30, 2007","23731","2000","PRIVATE"
"OHIO CONTRACTORS ASSOCIATION. (HVY-HWY)",1665,"OH"," (CJA) SW/SC OH DC","Apr 30, 2004","23731","2000","PRIVATE"
"OHIO ENVIROMENTAL COUNCIL",4066,"OH","WORKERS UNITED, SEIU (WU) CHICAGO & MIDWEST REGIONAL JOINT.BOARD","Jun 30, 2026",,,"PRIVATE"
"OHIO STATE LEGAL SERVICES ASSOCIATION",4099,"OH","AUTO WORKERS AFL-CIO (UAW) 2320 LEGAL SERVICES WORKERS","May 31, 2024",,,"PRIVATE"
"OHIO, THE CITY OF CANTON",3589,"OH"," (CPPA) ","Dec 31, 2014",,,"PUBLIC"
"OHIO, THE STATE OF (HEALTH CARE & SOCIAL SERVICE EMPLOYEES)",38,"OH","SERVICE EMPLOYEES (SEIU) 1199 NUHHCE, WV/KY/OH","May 31, 2006","622","4500","PRIVATE"
"OHIO, THE STATE OF (STATE TROOPERS)",40,"OH"," (OSTA-I) -","Jun 30, 2006","922120","1215","PRIVATE"
"OHIO, THE STATE UNIVERSITY (REGISTERED NURSES)",3192,"OH"," (ANA) ONA","Jul 1, 2005","611310","1000","PUBLIC"
"OHIO, THE TURNPIKE COMMISSION (TOLL & MAINTENANCE DEPARTMENT)",2844,"OH","TEAMSTERS (IBT) 436","Dec 31, 2004","488490","1000","PUBLIC"
"OKALOOSA COUNTY, THE SCHOOL BOARD (CERTIFICATE EMPLOYEES)",3119,"FL FT WALTON"," (NEA) OCESP","Jun 30, 2005","611110","1150","PUBLIC"
"OKALOOSA COUNTY, THE SCHOOL BOARD (GENERAL EMPLOYEES)",3118,"FL FT WALTON"," (NEA) OCEA","Jun 30, 2006","611110","1700","PUBLIC"
"OKANOGAN, CITY OF",3786,"WA","TEAMSTERS (IBT) 760 ","Dec 31, 2022",,,"PUBLIC"
"OKANOGAN, CITY OF (SHERIFF - COMMISSIONED)",3957,"WA","OKANOGAN COUNTY SHERIFF EMPLOYEE ASSOCIATION ","Dec 31, 2020",,,"PUBLIC"
"OKLAHOMA CITY PUBLIC SCHOOL DISTRICT (BOARD OF EDUCATION)",2971,"OK","AMERICAN FEDERATION OF TEACHERS (AFT) 4574 - OKLAHOMA CITY FEDERATION OF CLASSIFIED EMPLOYEES","Jun 30, 2002","611110","2200","PUBLIC"
"OKLAHOMA CITY, CITY OF (POLICE OFFICER)",4887,"OK","NATIONAL FRATERNAL ORDER OF POLICE (NFOP) ","Jun 30, 2025",,,"PUBLIC"
"OKLAHOMA CITY, PUBLIC SCHOOLS DISTRICT I-89 (CLASSIFIED EMPLOYEES)",2972,"OK"," (OCFCE) 4574","Jun 30, 2009","611110","2200","PUBLIC"
"OKLAHOMA CITY, THE CITY OF (FIREFIGHTERS)",2881,"OK","INTERNATIONAL ASSOCIATION OF FIREFIGHTERS (IAFF) 157","Jun 30, 2006","922160","1000","PUBLIC"
"OKLAHOMA CITY, THE CITY OF (GENERAL NONSUPERVISORY UNIT)",3140,"OK","STATE COUNTY AND MUNI EMPLS AFL-CIO (AFSCME) 2406 GREATER OKLAHOMA CITY PUBLIC EMPLS","Jun 30, 2004","921190","1500","PUBLIC"
"OKLAHOMA CITY, THE CITY OF (POLICE)",2882,"OK","NATIONAL FRATERNAL ORDER OF POLICE (NFOP) ","Jun 30, 2006","922120","1000","PUBLIC"
"OLD BRIDGE, TOWNSHIP OF",3463,"NJ"," (IUJAT) -","Dec 31, 2011","5611720","1000","PUBLIC"
"OLD EUROPE CHEESE, INC.",3897,"MI","TEAMSTERS (IBT) 7 ","Sep 30, 2020",,,"PRIVATE"
"OLD PORT HOTEL LLC DBA HOLIDAY INN",1238,"NJ","TEAMSTERS (IBT) 202","Jul 31, 2007","721110","45","PRIVATE"
"OLEAN GENERAL HOSPITAL",4577,"NY","NATIONAL NURSES UNITED (NNU) NEW YORK STATE NURSES ASSOCIATION","Jan 31, 2025",,,"PRIVATE"
"OLIN CORP.",20,"IL","MACHINISTS AFL-CIO (IAM) 9","Dec 4, 2005","3229","3200","PRIVATE"
"OLIN CORP.",21,"IL","MACHINISTS AFL-CIO (IAM) 9","Dec 4, 2016","3229","3200","PRIVATE"
"OLIN CORP.",22,"IL","MACHINISTS AFL-CIO (IAM) 9","Dec 11, 2011","3229","3200","PRIVATE"
"OMAHA (MUNICIPAL EMPLOYEES)",2812,"NE OMAHA","AFSCME/OCE OCE 251","Dec 31, 2005","921190","1000","PUBLIC"
"OMAHA, CITY OF AND OMAHA CITY EMPLOYEES",2813,"NB","OMAHA CITY EMPLOYEE 251","Dec 31, 2003",,,"PUBLIC"
"OMEGA/CINEMA PROPS, INC.",2578,"CA","TEAMSTERS (IBT) 399 STUDIO TRANSPORTATION DRIVERS LOCAL","May 31, 2024",,"31","PRIVATE"
"OMNITRANS",4544,"CA","TEAMSTERS (IBT) 166 ","Jun 30, 2024",,"87","PRIVATE"
"ON TARGET SECURITY",2162,"PR BORINQUEN"," (SPFPA) 2003","Sep 30, 2014","541690",,"PRIVATE"
"ONE CORPS, INC.",2161,"PR CAROLINA"," (SPFPA) PR","Jul 1, 2017","541690",,"PRIVATE"
"ONEIDA OPERATIONS HBD THERMOID, INC.",3908,"TN","COMMUNICATION WORKERS (IUE-CWA) 706","Sep 27, 2025",,,"PRIVATE"
"ONEIDA, COUNTY OF (WHITE COLLAR)",3110,"NY ONEIDA"," (UPSEU) -","Dec 31, 2005","921190","1300","PUBLIC"
"ONEONTA DAILY STAR",2535,"NY"," (GCC/IBT) 1-L","Mar 31, 2020",,"6","PRIVATE"
"ONONDAGA, COUNTY OF (CIVIL SERVICE EMPLOYEES)",3005,"NY ONONDAGA"," (AFSCME) CSEA 834","Dec 31, 2004","921190","3300","PUBLIC"
"OPEIU LOCAL 537",2568,"CA","IRON WORKERS AFL-CIO (BSOIW) 433","May 31, 2022",,"6","PRIVATE"
"OPEIU#9 MILWAUKEE DIVISION",2335,"WI","OFFICE AND PROFESSIONAL EMPLS AFL-CIO (OPEIU) 9","Jun 1, 2024",,,"PRIVATE"
"OPERA COLORADO",1122,"CO","STAGE AND PICTURE OPERATORS AFL-CIO (IATSE) 7","Jun 30, 2022",,"363","PRIVATE"
"OPERATIVE PLASTERERS & CEMENT MASON INT'L LOCAL UNION 90",4059,"IL","TEAMSTERS (IBT) 525 ","Aug 31, 2026",,"1","PRIVATE"
"OPICI FAMILY DISTRIBUTING",4684,"MD","TEAMSTERS (IBT) 570 ","Jan 17, 2028","48","10","PRIVATE"
"OPTECH MONETTE LLC",3860,"GA","ENGINEERS, OPERATING, AFL-CIO (IUOE) 68 ","Jun 30, 2023",,,"PRIVATE"
"ORANGE COUNTY FLORIDA",3521,"FL ORANGE COUNTY","LABORERS  (LIUNA) 517","Sep 30, 2017","541820",,"PUBLIC"
"ORANGE COUNTY, THE SCHOOL BOARD (CLASSIFIED EMPLOYEES)",3319,"FL ORLANDO"," (NEA) OESPA","Jun 30, 2008","611110","6250","PUBLIC"
"ORANGE UNIFIED SCHOOL DISTRICT (CLASSIFIED EMPLOYEES)",2963,"CA ORANGE"," (SEIU) CSEA CH 67","Sep 30, 2005","611110","1100","PUBLIC"
"ORANGE UNIFIED SCHOOL DISTRICT (TEACHERS)",2964,"CA ORANGE"," (NEA) OUEA","Jun 30, 2004","611110","1100","PUBLIC"
"ORANGE, COUNTY OF (COUNTY EMPLOYEES UNIT)",3052,"NY GOSHEN"," (AFSCME) CSEA 1000/836","Dec 31, 2002","921190","2200","PUBLIC"
"ORANGE, COUNTY OF (SHERIFFS & DEPUTY CORONERS)",2632,"CA SANTA ANA"," (AOCDS-I) -","Oct 14, 2004","922120","1300","PUBLIC"
"ORANGE, COUNTY OF (SHERIFFS & DEPUTY CORONERS)",2633,"CA SANTA ANA"," (AOCDS-I) -","Oct 12, 2006",,,"PUBLIC"
"ORANGE, COUNTY OF (SUPERVISORS UNIT)",3283,"CA SANTA ANA"," (OCEA-I) -","Jun 24, 2004","921190","1550","PUBLIC"
"OREGON FEDERATION OF NURSES AND HEALTH PROFESSIONALS",4104,"OR","COMMUNICATIONS WORKERS AFL-CIO (CWA) 7901 /TEACHERS AFL-CIO (AFT) 5017 OREGON FED OF NURSES-KAISER","Aug 31, 2023","621300","9","PRIVATE"
"OREGON HEALTH AND SCIENCE UNIVERSITY (CLASSIFIED EMPLOYEES)",2787,"OR PORTLAND","STATE COUNTY AND MUNI EMPLS AFL-CIO (AFSCME) 75 OREGON","Jun 30, 2005","611310","4500","PUBLIC"
"OREGON HEALTH AND SCIENCE UNIVERSITY (NURSES)",3144,"OREGON"," (ONA) 2006","Jun 30, 2010","611110","1800","PUBLIC"
"OREGON HEALTH AND SCIENCE UNIVERSITY (NURSES)",3180,"OR PORTLAND"," (ONA) -","Sep 30, 2004","622110","1500","PUBLIC"
"OREGON HEALTH AND SCIENCE UNIVERSITY (NURSES)",3181,"OR"," (ONA) -","Sep 30, 2013","622110","1500","PUBLIC"
"OREGON HEALTH AND SCIENCE UNIVERSITY (NURSES)",3182,"OR"," (ONA) -","Sep 30, 2010","622110","1500","PUBLIC"
"OREGON UNIVERSITY SYSTEMS (BOARD OF HIGHER EDUCATION)",2608,"OR PORTLAND","SERVICE EMPLOYEES (SEIU) 503","Jun 30, 2005","611310","3800","PUBLIC"
"OREGON UNIVERSITY SYSTEMS (BOARD OF HIGHER EDUCATION)",2609,"OR PORTLAND","SERVICE EMPLOYEES (SEIU) 503","Jun 30, 2005","611310","3800","PUBLIC"
"OREGON UNIVERSITY SYSTEMS (BOARD OF HIGHER EDUCATION)",2610,"OR PORTLAND","SERVICE EMPLOYEES (SEIU) 503","Jun 30, 2005","611310","3800","PUBLIC"
"OREGON, STATE OF, DEPARTMENT OF ADMINISTRATIVE SERVICES",3483,"OR","SEIU/OFEU 503","Jun 30, 2013","485111","51527","PUBLIC"
"OREGON, THE STATE OF (ADMINISTRATIVE SERVICES)",29,"OR","SERVICE EMPLOYEES (SEIU) 503","Jun 30, 2007","921190","17750","PRIVATE"
"OREGON, THE STATE OF (CORRECTIONS)",2910,"OR"," (AFSCME) -","Jun 30, 2005","922140","1250","PUBLIC"
"OREGON, THE STATE OF (CORRECTIONS)",2992,"OR"," (AFSCME) -","Jun 30, 2005","922140","1000","PUBLIC"
"OREGON, THE STATE OF (ENGINEERING EMPLOYEES)",2786,"OR"," (AEEO-I) -","Jun 30, 2005","921190","1350","PUBLIC"
"OREGON, THE UNIVERSITY OF (GRADUATE TEACHING)",2724,"OR"," (AFT) GTFF 3544","Mar 31, 2006","611310","1200","PUBLIC"
"OREGON, THE UNIVERSITY OF (GRADUATE TEACHING)",3396,"OR"," (AFT) GTFF","Mar 30, 2006","611310","1200","PUBLIC"
"OREGON, THE UNIVERSITY OF (GRADUATE TEACHING)",3397,"OR"," (AFT) GTFF 3544","Mar 30, 2004","611310","1200","PUBLIC"
"OREGON, UNIVERSITY OF (STUDENT WORKERS)",4854,"OR","AUTO WORKERS AFL-CIO (UAW) 8121 UOSW","Mar 31, 2028",,"3700","PUBLIC"
"OREGONFEDERATIONOF NURSES AND HEALTH PROFESSIONALS",4354,"OR","COMMUNICATIONS WORKERS AFL-CIO (CWA) 7901 /TEACHERS AFL-CIO (AFT) 5017 OREGON FED OF NURSES-KAISER","Aug 31, 2026",,,"PRIVATE"
"ORIENTA BEACH CLUB INC.",4533,"NY","SERVICE EMPLOYEES (SEIU) 32 BJ MOTOR VEHICLE INSPECTORS DIVISION","Sep 30, 2024",,"4","PRIVATE"
"ORIGINAL DKC ENTERPRISES, LLC",2432,"TX","EROS LABORERS 2","Sep 30, 2017",,,"PRIVATE"
"ORLEANS PARISH SCHOOL BOARD (CLERICAL)",3399,"LA NEW ORLEANS"," (AFT/UTNO) 527","Jun 30, 2006","611110","1000","PUBLIC"
"ORLEANS PARISH SCHOOL BOARD (PARAEDUCATORS)",3400,"LA NEW ORLEANS"," (AFT/UTNO) 527","Jun 30, 2006","611110","1000","PUBLIC"
"ORLEANS PARISH SCHOOL BOARD (TEACHERS)",3248,"LA NEW ORLEANS","TEACHERS AFL-CIO (AFT) 527 UNITED TEACHERS OF NEW ORLEANS - UTNO","Jun 30, 2006","611110","5400","PUBLIC"
"ORPHEUS CHAMBER ORCHESTRA, INC.",4340,"NY","MUSICIANS AFL-CIO (AFM) 802 ","Aug 31, 2020",,,"PRIVATE"
"OSCAR MAYER FOODS/KRAFT FOODS",48,"WI MADISON","FOOD AND COMMERCIAL WKRS (UFCW) 538","Dec 10, 2009","311611","2200","PRIVATE"
"OSCEOLA COUNTY, FL, THE SCHOOL BOARD OF (TEACHERS)",2872,"FL KISSIMMEE"," (OCTA-I) -","Aug 15, 2006","611110","1700","PUBLIC"
"OSSEO AREA SCHOOLS, INDEPENDENT SCHOOL DISTRICT 279",3236,"MN"," (AFL-CIO) 1212","Jun 30, 2009","611110","1450","PUBLIC"
"OTIS ELEVATOR COMPANY",969,"NY NEW YORK"," (CWA/IUE) 1","Mar 16, 2005","23829","1800","PRIVATE"
"OUTSTANDING TRADESHOW EXHIBIT SERVICES, INC.",3979,"IL","CARPENTERS IND (CJA) 270 CHICAGO REGIONAL COUNCIL ","May 31, 2020",,,"PRIVATE"
"OWENS-BROCKWAY GLASS CONTAINER (PROD-MAINT)",189,"NATIONAL"," (GMP) ","Mar 31, 2008","327213","5000","PRIVATE"
"OWENS-BROCKWAY GLASS CONTAINER INC.",188,"FL"," (GMP) ","Mar 31, 2008",,,"PRIVATE"
"OWENS-BROCKWAY PLASTIC PRODUCTS/OWENS-ILLINOIS",171,"MO GA MD NC IL","GLASS MOLDERS PLASTICS AFL-CIO (GMP) 100/GLASS MOLDERS PLASTICS AFL-CIO (GMP) 138/GLASS MOLDERS PLASTICS AFL-CIO (GMP) 148/GLASS MOLDERS PLASTICS AFL-CIO (GMP) 171","Apr 30, 2005","326199","1400","PRIVATE"
"OWENS-CORNING FIBERGLAS CORP.",180,"OH NEWARK"," (GMP) 244","Mar 1, 2007","327993","1000","PRIVATE"
"P AND C FOOD MARKETS",589,"NY UPSTATE"," (UFCW) 1","May 31, 2008","445110","3950","PRIVATE"
"PACIFIC FISHERMEN SHIPYARD & ELECTRIC, LLC (DBA PACIFIC FISHERMEN SHIPYARD, DBA PFI MARINE ELECTRIC",2364,"WA"," (MTD) PUGET SOUNDS","Jul 1, 2019",,,"PRIVATE"
"PACIFIC FORGE, INC.",4416,"CA","BOILERMAKERS AFL-CIO (BBF) 92 ","Apr 13, 2027","332111","25","PRIVATE"
"PACIFIC GAS & ELECTRIC CO. (OFFICE & CLERICAL)",507,"CA","ELECTRICAL WORKERS IBEW AFL-CIO (IBEW) 1245","Dec 31, 2007","221122","2700","PRIVATE"
"PACIFIC GAS & ELECTRIC CO. (OPERATION, MAINT, & CONST.)",506,"CA","ELECTRICAL WORKERS IBEW AFL-CIO (IBEW) 1245","Dec 31, 2007","221122","9300","PRIVATE"
"PACIFIC GAS & ELECTRIC CO. (PROFESSIONAL & TECHNICAL))",508,"CA"," (IFPTE) 20","Dec 31, 2007","221122","1600","PRIVATE"
"PACIFIC MARITIME ASSOCIATION (CLERKS) (MOA)",401,"CA OR WA","LONGSHORE AND WAREHOUSE UNION (ILWU) 14/LONGSHORE AND WAREHOUSE UNION (ILWU) 23/LONGSHORE AND WAREHOUSE UNION (ILWU) 29","Jun 27, 2008","488320","1400","PRIVATE"
"PACIFIC MARITIME ASSOCIATION. (LONGSHOREMEN)",402,"CA OR WA"," (ILWU) -","Jul 1, 2008","488320","6400","PRIVATE"
"PACIFIC NORTHWEST STAFF UNION (BUILDING SERVICES STAFF)",3790,"WA","SERVICE EMPLOYEES (SEIU) UNITED SERVICE WORKERS WEST","Jan 31, 2024",,,"PRIVATE"
"PACIFIC PISTON RING COMPANY, INC.",2514,"CA","BOILERMAKERS AFL-CIO (BBF) 67 M","Nov 30, 2019",,,"PRIVATE"
"PACIFIC RAIL SERVICES, LLC",1821,"OR","BOILERMAKERS AFL-CIO (BBF) 104","Jul 31, 2007","238390","1000","PRIVATE"
"PACIFIC SHIP AND FABRICATING",1822,"CA"," (MTD) ","Jun 30, 2012","221122","1400","PRIVATE"
"PACIFIC SHIP REPAIR",1824,"WA","METAL TRADE ","Jun 30, 2017",,,"PRIVATE"
"PACIFIC SHIP REPAIR & FABRICATION, INC.",2363,"WA"," (MTD) PACIFIC COAST AND PUGET SOUND","Jun 30, 2017",,,"PRIVATE"
"PACIFIC SHIP REPAIR AND FABRICATING",1823,"WA","BOILERMAKERS AFL-CIO (BBF) 104","Jun 30, 2009","238390","1000","PRIVATE"
"PACIFIC TELESIS GROUP",434,"NV"," (CWA) -","Apr 1, 2009","517110","32000","PRIVATE"
"PACIFIC TELESIS GROUP (PACIFIC BELL, NV BELL ET AL )",433,"NATIONAL"," (CWA) -","Apr 1, 2004","517110","32000","PRIVATE"
"PACIFIC, CITY OF  (UNIFORMED EMPLOYEES)",4343,"WA","TEAMSTERS (IBT) 117 ","Dec 31, 2023",,,"PUBLIC"
"PACIFICORP ENERGY / ROCKY MOUNTAIN POWER",2265,"WA","UTILITY WORKERS AFL-CIO (UWU) 127 ","Sep 26, 2013",,,"PRIVATE"
"PADCO, INC.",1233,"MA"," (UBC & JA) 336","Jul 1, 2021",,"6","PRIVATE"
"PAE TECHNICAL SERVICES, DENMAR SERVICES INC., AND AMERICAN OPERATIONS CORP.",2090,"OK","MACHINISTS AFL-CIO (IAM) 898","Aug 6, 2017","336411","1000","PRIVATE"
"PAIGE SERVICES",3811,"NJ","TEAMSTERS (IBT) 560 ","Dec 31, 2022",,,"PRIVATE"
"PAINTING & DECORATING CONTRACTORS ASSOCIATION",1307,"IL CHICAGO","PAINTERS AFL-CIO (PAT) 14","May 31, 2004","23832","3700","PRIVATE"
"PAINTING & DECORATING CONTRACTORS ASSOCIATION",1312,"MI DETROIT","PAINTERS AFL-CIO (PAT) 22","May 31, 2004","23832","1500","PRIVATE"
"PAINTING & DECORATING CONTRACTORS ASSOCIATION",1731,"MO ST LOUIS","PAINTERS AFL-CIO (PAT) 2","Aug 31, 2010","23832","2200","PRIVATE"
"PAINTING & DECORATING CONTRACTORS ASSOCIATION",1732,"MO ST LOUIS","PAINTERS AFL-CIO (PAT) 2","Aug 31, 2005","23832","2200","PRIVATE"
"PAINTING & DECORATING CONTRACTORS OF AMERICA",1184,"NV CA AZ","UBC CJA PAT 897,1780,1827, 1977 LU 159","Jun 30, 2011","23832","1800","PRIVATE"
"PAINTING & DECORATING CONTRACTORS OF AMERICA",1185,"NV CA AZ","UBC CJA PAT 897,1780,1827, 1837, 1977 LU 159","Jun 30, 2004","23832","1800","PRIVATE"
"PAINTING & DECORATING CONTRACTORS OF BUFFALO, NEW YORK INC.",4768,"NY","PAINTERS AFL-CIO (PAT) 4 ","Apr 30, 2022",,,"PRIVATE"
"PAINTING & FINISHING & GLASS EMPLYRS ASSOCIATION OF NEW ENGLAND",1308,"MA VT NH ME","PAINTERS AFL-CIO (PAT) 35","Jun 30, 2006","23832","3200","PRIVATE"
"PALM BEACH, COUNTY OF (BLUE COLLAR)",3056,"FL","COMMUNICATION WORKERS OF AMERICA (CWA) 3181","Sep 30, 2006","921190","1300","PUBLIC"
"PALM BEACH, COUNTY, THE SCHOOL DISTRICT OF, (CLERICAL)",2929,"FL WEST PALM"," (AESOP- I) ","Jun 30, 2006","611110","2400","PUBLIC"
"PALM BEACH, COUNTY, THE SCHOOL DISTRICT OF, (TEACHERS)",3272,"FL WEST PALM"," (NEA) PBCCTA (CPA)","Jun 30, 2005","611110","8500","PUBLIC"
"PALMAS SERVICES (SAN ANGEL INN AND SPRINGS FOOD SERVICES) (FULL TIME)",2453,"FL","UNITE HERE 737","Mar 31, 2018",,,"PRIVATE"
"PALMAS SERVICES (SAN ANGEL INN AND SPRINGS FOOD SERVICES) (PART TIME)",2454,"FL","UNITE HERE 737","Mar 31, 2018",,,"PRIVATE"
"PALOS HILL, CITY OF",4274,"IL","SERVICE EMPLOYEES (SEIU) 73 ","Apr 30, 2022",,,"PUBLIC"
"PARAGON SYSTEMS, INC.",2110,"VA HERNDON"," (USPOA) 210","Sep 30, 2017","541690",,"PRIVATE"
"PARAGON SYSTEMS, INC., A VIRGINIA BASED COMPANY (PROTECTIVE SERVICES OFFICERS)/UNITED STATES DEPARTMENT OF JUSTICE, THE",4820,"DC","SPECIAL DEPUTY MARSHALS OF AMERICA (UNAFF) S. D. M. OF AMERICA","Jun 1, 2026",,"180","PRIVATE"
"PARK HUDSON CONDOMINIUM ASSOCIATION, INC.",4132,"NJ","TEAMSTERS (IBT) 11 ","Dec 31, 2022",,,"PRIVATE"
"PARKER HANNIFIN CORPORATION, ENGINEERED POLYMER SYSTEMS DIVISION (EPS)",1232,"NY","ROCHESTER REGIONAL JOINT BOARD 1827","Aug 19, 2023","332721","48","PRIVATE"
"PARKWAY SCHOOL DISTRICT, BOARD OF EDUCATION (TEACHERS)",3357,"MO PARKWAY"," (NEA) ","Jun 30, 2002","611110","1350","PUBLIC"
"PASCO COUNTY, THE DISTRICT SCHOOL BOARD OF",3112,"FL"," (AFT) USEP","Jun 30, 2006","611110","1900","PUBLIC"
"PASCO COUNTY, THE DISTRICT SCHOOL BOARD OF (PROFESSIONALS)",3135,"FL"," (AFT) USEP","Jun 30, 2005","611110","3000","PUBLIC"
"PATERSON SCHOOL DISTRICT (TEACHERS & PARA PROFESSIONAL)",3435,"NJ PATTERSON"," (NEA) PEA","Jun 30, 2004","611110","2300","PUBLIC"
"PATHMARK STORE, INC. (MEAT, POULTRY, FISH, DELI)",566,"NJ NY","FOOD AND COMMERCIAL WKRS (UFCW) 464 A","Aug 18, 2007","445110","1600","PRIVATE"
"PATHMARK STORES INC. (MGRS, CASHIERS, DELI CLKS)",14,"MD","FOOD AND COMMERCIAL WKRS (UFCW) 27","Jan 26, 2008","445110","1000","PRIVATE"
"PATHMARK STORES INC. (MGRS, CASHIERS, DELI CLKS)",15,"NY NJ","FOOD AND COMMERCIAL WKRS (UFCW) 27","Jan 22, 2005","445110","1000","PRIVATE"
"PATHMARK STORES, INC. (MOA)",656,"NJ NY","FOOD AND COMMERCIAL WKRS (UFCW) 1262","Apr 18, 2009","445110","7000","PRIVATE"
"PATHMARK, INC.",687,"NY NEW YORK","FOOD AND COMMERCIAL WKRS (UFCW) 1500 UFCW UNION LOCAL 1500","Jun 26, 2010","445110","6000","PRIVATE"
"PATHMARK, INC.",688,"NY NEW YORK","FOOD AND COMMERCIAL WKRS (UFCW) 1500 UFCW UNION LOCAL 1500","Jun 24, 2006","445110","6000","PRIVATE"
"PELLA WINDOWS & DOORS, INC.",2394,"IL","CARPENTERS IND (CJA) 1027","May 31, 2021",,,"PRIVATE"
"PEMBROKE, CITY OF (PUBLIC WORKS)",4203,"NH","ENGINEERS, OPERATING, AFL-CIO (IUOE) 98 ","Mar 31, 2021",,"10","PUBLIC"
"PENINSULA HOUSING AUTHORITY",4163,"WA","TEAMSTERS (IBT) 589 ","Jun 30, 2026","925110","29","PUBLIC"
"PENN HIGHLANDS CONNELLSVILLE",4865,"PA","STATE COUNTY AND MUNI EMPLS AFL-CIO (AFSCME) 13 PENNSYLVANIA PUBLIC EMPLOYEES","Oct 21, 2025",,"200","PRIVATE"
"PENN TRAFFIC INC., RIVERSIDE DIV.",661,"PA WESTERN","FOOD AND COMMERCIAL WKRS (UFCW) 23","Apr 30, 2003","445110","1350","PRIVATE"
"PENNSYLVANIA CYBER CHARTER SCHOOL (BOARD OF TRUSTEES)",4831,"PA","NATIONAL EDUCATION ASN IND (NEA) PA CYBER ACADEMIC ADVISORS AND SCHOOL COUNSELORS E","Jun 30, 2029",,,"PUBLIC"
"PENNSYLVANIA HEAVY & HIGHWAY CONTRACTORS ASSOCIATION",1489,"PA HARRISBURG","STEELWORKERS, AFL-CIO (USW) 10 1","Dec 31, 2003","23731","1700","PRIVATE"
"PENNSYLVANIA POWER & LIGHT (PPL) CORPORATION",1993,"PA","ELECTRICAL WORKERS IBEW AFL-CIO (IBEW) 1600","May 13, 2002",,,"PRIVATE"
"PENNSYLVANIA STATE SYSTEM OF HIGHER EDUCATION",3225,"PA"," (APSCUF) ","Jun 30, 2011","611316","4500","PUBLIC"
"PENNSYLVANIA STATE SYSTEM OF HIGHER EDUCATION (FACULTY & ADMINISTRATION)",3224,"PA HARRISBURG"," (APSCUF-I) ","Jun 30, 2007","611310","4500","PUBLIC"
"PENNSYLVANIA, COMMONWEALTH OF (ADMINISTRATIVE)",2612,"PA","STATE COUNTY AND MUNI EMPLS AFL-CIO (AFSCME) 13 PENNSYLVANIA PUBLIC EMPLOYEES","Jun 30, 2007","921190","39529","PUBLIC"
"PENNSYLVANIA, COMMONWEALTH OF (CORRECTIONA1 OFFICERS)",2728,"PA"," (PSCOA) ","Jun 30, 2004","922140","9290","PUBLIC"
"PENNSYLVANIA, COMMONWEALTH OF (LIQUOR STORE STAFF)",2659,"PA"," (UFCW) ","Jun 30, 2007","455310","1509","PUBLIC"
"PENNSYLVANIA, COMMONWEALTH OF (NURSES & MEDICAL SUPPORT STAFF)",2657,"PA","SERVICE EMPLOYEES (SEIU) 1199","Jun 30, 2007","622","1724","PUBLIC"
"PENNSYLVANIA, COMMONWEALTH OF (SOCIAL SERVICES SUPERVISORS)",2906,"PA"," (SEIU) PSSU 668","Jun 30, 2007","624","1600","PUBLIC"
"PENNSYLVANIA, COMMONWEALTH OF (SOCIAL SERVICES)",2674,"PA"," (SEIU) PSSU 668","Jun 30, 2007","622310","8700","PUBLIC"
"PENNSYLVANIA, COMMONWEALTH OF (STATE TROOPERS)",2727,"PA"," (PSTA-I) ","Jun 30, 2004","922120","4028","PUBLIC"
"PEOPLES ENERGY COMPANY (K AND AMENDMENTS)",509,"IL CHICAGO"," (SEIU) 18007","Apr 30, 2005","221","950","PRIVATE"
"PEORIA ILLINOIS, CITY OF",3722,"IL","STATE COUNTY AND MUNI EMPLS AFL-CIO (AFSCME) 3464 CITY OF PEORIA MUNICIPAL EMPS","Dec 31, 2022",,,"PUBLIC"
"PEORIA ILLINOIS, CITY OF (CRAFTS AND TRADES)",3717,"IL","TEAMSTERS, CHAUFFEURS, AND HELPERS 627","Nov 30, 2021",,,"PUBLIC"
"PEORIA ILLINOIS, CITY OF (ELECTRICIAN)",3718,"IL","ELECTRICAL WORKERS IBEW AFL-CIO (IBEW) 51","Nov 30, 2021",,,"PUBLIC"
"PEORIA ILLINOIS, CITY OF (FIREFIGHTERS)",3720,"IL","PEORIA FIREFIGHTERS 50","Dec 31, 2021",,,"PUBLIC"
"PEORIA ILLINOIS, CITY OF (MECHANICAL SYSTEMS MAINTENANCE WORKERS)",3719,"IL","UNITED ASSOCIATION OF STEAMFITTERS 353","Nov 30, 2022",,,"PUBLIC"
"PEORIA ILLINOIS, CITY OF (POLICE, SERGANT, AND LIEUTENANT)",3721,"IL","PEORIA POLICE BENEVOLENT ASSOCIATION ","Dec 31, 2021",,,"PUBLIC"
"PEORIA, BOARD OF EDUCATION (TEACHERS)",2627,"IL"," (IFT/AFT) DISTRICT 150","Jun 30, 2005","611110","1250","PUBLIC"
"PEPCO GOVERNMENT SERVICES, LLC",4054,"MD","ENGINEERS, OPERATING, AFL-CIO (IUOE) 37 ","Oct 31, 2013","23731","1717","PRIVATE"
"PEPPER CONSTRUCTION COMPANY",1231,"IL","MACHINISTS AFL-CIO (IAM) 701","Jul 31, 2021",,"26","PRIVATE"
"PEPSI BEVERAGES COMPANY",1130,"NJ","TEAMSTERS (IBT) 125","May 15, 2020",,"713","PRIVATE"
"PERFORMANCE CONTRACTING, INC./SAFWAY SERVICES, LLC/BRAND ENERGY SERVICES, LLC",2388,"VA"," (CJA) PACIFIC NORTHWEST REGIONAL COUNCIL","May 31, 2019",,,"PRIVATE"
"PERHAM HEALTH AND PERHAM LIVING (NURSES)",4025,"MN","MINNESOTA NURSES ASSOCIATION STAFF (UNAFF) ORGANIZATION LU 1","Sep 30, 2020",,,"PRIVATE"
"PERLICK CORPORATION",2459,"WI","MACHINISTS AFL-CIO (IAM) 10/MACHINISTS AFL-CIO (IAM) 1509","Sep 1, 2019",,,"PRIVATE"
"PETERSON WOODWORKING INC.",2392,"IL"," (CJA) CHICAGO REGIONAL COUNCIL","May 31, 2019",,,"PRIVATE"
"PHILADELPHIA & SCHOOL CAFETERIA EMPLOYEES, THE SCHOOL DISTRICT OF",2901,"PA"," (HREU) 634","Sep 1, 2003",,,"PUBLIC"
"PHILADELPHIA BOARD OF EDUCATION (TEACHERS)",3157,"PA"," (AFT) PFT","Aug 31, 2004","611110","1050","PUBLIC"
"PHILADELPHIA BOILERMAKERS EMPLOYERS",2006,"PA PHILADELPHIA","BOILERMAKERS AFL-CIO (BBF) 13","Sep 29, 2012","921190","1399","PRIVATE"
"PHILADELPHIA BOILERMAKERS EMPLOYERS",2007,"PA","BOILERMAKERS AFL-CIO (BBF) 13","Dec 31, 2015",,,"PRIVATE"
"PHILADELPHIA EXPOSITION SVC CONTRACTORS ASSOCIATION",928,"PA DE MD"," (CJA) RC","Jul 31, 2004","23813","4500","PRIVATE"
"PHILADELPHIA GAS WORKS",530,"PA PHILADELPHIA"," (UWU) 686","May 15, 2004","221210","1400","PRIVATE"
"PHILADELPHIA NEWSPAPERS, INC.",148,"PA PHILADELPHIA"," (TNG) 10","Aug 31, 2006","51111","3000","PRIVATE"
"PHILADELPHIA, CITY OF (BLUE & WHITE COLLAR)",2824,"PA","STATE COUNTY AND MUNI EMPLS AFL-CIO (AFSCME) 33 DC","Jun 30, 2008","921190","10400","PUBLIC"
"PHILADELPHIA, CITY OF (FIREFIGHTERS)",2864,"PA"," (IAFF) 22","Jun 30, 2005","922160","2400","PUBLIC"
"PHILADELPHIA, CITY OF (POLICE OFFICERS)",2860,"PA"," (FOP-I) 5","Jun 30, 2008","922120","6300","PUBLIC"
"PHILADELPHIA, CITY OF (PROFESSIONALS)",2896,"PA","STATE COUNTY AND MUNI EMPLS AFL-CIO (AFSCME) 47 PHILADELPHIA ADMN, PROF & TECH ASN","Jun 30, 2004","921190","1800","PUBLIC"
"PHILADELPHIA, SCHOOL DISTRICT OF, THE SUPERINTENDENT OF SCHOOLS",3134,"PA","SERVICE EMPLOYEES (SEIU) 1201","Aug 31, 2003",,,"PUBLIC"
"PHILIP J. ROCK CENTER & SCHOOL - GLENN ELLYN (SUPPORT STAFF)",4166,"IL","SERVICE EMPLOYEES (SEIU) 73 ","Jul 1, 2026",,,"PRIVATE"
"PHILIP MORRIS, USA",87,"VA RICHMOND"," (BCTW) 203-T","Jul 31, 2014","312221","3700","PRIVATE"
"PHILIP MORRIS, USA",88,"KY LOUISVILLE"," (BCTW) 203-T","Jan 31, 2009","312221","3700","PRIVATE"
"PHILIP MORRIS, USA (CRAFTS)",90,"VA RICHMOND","MACHINISTS AFL-CIO (IAM) 10","Jun 5, 2003","312221","1000","PRIVATE"
"PHOENIX UNION HIGH SCHOOL DISTRICT (CLASSIFIED EMPLOYEES)",3253,"AZ PHOENIX"," (CEA-I) ","Jun 30, 2005","611110","1085","PUBLIC"
"PHOENIX UNION HIGH SCHOOL DISTRICT (TEACHERS)",3173,"AZ PHOENIX"," (NEA) CTA","Jun 30, 2005","611110","1513","PUBLIC"
"PHOENIX, CITY OF (BLUE COLLAR)",2933,"AZ PHOENIX","STATE COUNTY AND MUNI EMPLS AFL-CIO (AFSCME) 2960","Jul 8, 2004","921190","2400","PUBLIC"
"PHOENIX, CITY OF (FIREFIGHTERS)",2938,"AZ PHOENIX"," (IAFF) PFF 493","Jul 1, 2004","922160","950","PUBLIC"
"PHOENIX, CITY OF (LAW ENFORCEMENT)",2948,"AZ PHOENIX"," (IUPA) PLEA","Jul 1, 2004","922120","1700","PUBLIC"
"PHOENIX, CITY OF (PROFESSIONALS)",2932,"AZ PHOENIX"," (AFSCME) 2384","Jun 30, 2004","921190","2100","PUBLIC"
"PHOENIX, CITY OF (PUBLIC WORKS)",2958,"AZ PHOENIX"," (LIUNA) 1297","Jul 1, 2004","921190","950","PUBLIC"
"PHOENIX, SALT RIVER PROJECT DISTRICT",2804,"AZ PHOENIX","ELECTRICAL WORKERS IBEW AFL-CIO (IBEW) 266","Nov 15, 2005","221111","2000","PUBLIC"
"PIAD PRECISION CASTING",2073,"PA","COMMUNICATIONS WORKERS AFL-CIO (CWA) 88643","Apr 29, 2014","23821","1000","PRIVATE"
"PICK QUICK",1781,"NY","FOOD AND COMMERCIAL WKRS (UFCW) 1500 UFCW UNION LOCAL 1500","Mar 26, 2016","445110","1500","PRIVATE"
"PIERCE COUNTY (ENGINEERS SUPERVISORS UNIT)",3475,"WA","ENGINEERS, PROF AND TECH, AFL-CIO (PTE) 17","Dec 31, 2011","921120","7590","PUBLIC"
"PIERCE COUNTY (ENGINEERS UNIT)",3476,"WA","ENGINEERS, PROF AND TECH, AFL-CIO (PTE) 17","Dec 31, 2012","921120","7590","PUBLIC"
"PIERCE COUNTY (GENERAL UNIT)",3481,"WA","TEAMSTERS (IBT) 117","Dec 31, 2011","23731","15919","PUBLIC"
"PIERCE COUNTY (MAINTENANCE)",3478,"WA","TEAMSTERS (IBT) 313","Dec 31, 2011","23731","2061","PUBLIC"
"PIERCE COUNTY (NURSES)",3473,"WA","FOOD AND COMMERCIAL WKRS (UFCW) 141","Dec 31, 2011","524114","1000","PUBLIC"
"PIERCE COUNTY (SUPERVISORS UNIT)",3477,"WA","ENGINEERS, PROF AND TECH, AFL-CIO (PTE) 17","Dec 31, 2012","921120","7590","PUBLIC"
"PIERCE COUNTY (SUPERVISORS UNIT)",3480,"WA","ENGINEERS, OPERATING, AFL-CIO (IUOE) 612","Dec 31, 2011","23731","2376","PUBLIC"
"PIERCE COUNTY (TRAFFIC SIGNAL)",3471,"WA","ELECTRICAL WORKERS IBEW AFL-CIO (IBEW) 483","Dec 31, 2012","221","1245","PUBLIC"
"PIERCE COUNTY (TRAFFIC SIGNAL)",3479,"WA","ELECTRICAL WORKERS IBEW AFL-CIO (IBEW) 483","Dec 31, 2011","221","1245","PUBLIC"
"PIERCE COUNTY PUBLIC TRANSPORTATION",3517,"WA","MACHINISTS AFL-CIO (IAM) 297","Apr 30, 2018",,,"PUBLIC"
"PILGRIM'S PRIDE - ELBERTON",4799,"GA","FOOD AND COMMERCIAL WKRS (UFCW) 1996 ","Oct 18, 2025",,,"PRIVATE"
"PILGRIM'S PRIDE CORP (LIVE OAK COMPLEX)",4790,"FL","FOOD AND COMMERCIAL WKRS (UFCW) 1996 ","Jun 6, 2026",,,"PRIVATE"
"PILGRIM'S PRIDE CORP. (POULTRY)",965,"AR EL DORADO","FOOD AND COMMERCIAL WKRS (UFCW) 2008","Feb 25, 2007","311615","1300","PRIVATE"
"PILGRIM'S PRIDE CORPORATION",1988,"TEXAS","FOOD AND COMMERCIAL WKRS (UFCW) 455","Oct 6, 2012",,,"PRIVATE"
"PILLOWTEX INC. (FIELDCREST CANNON)",93,"NC VA GA AL","UNITE HERE -","Jan 31, 2006","31321","4800","PRIVATE"
"PILOT CHEMICAL COMPANY",2086,"OH","MACHINISTS AFL-CIO (IAM) 1943","Feb 6, 2017","336411","1000","PRIVATE"
"PINE BLUFF ARSENAL",2599,"AR","GOVERNMENT EMPLOYEES AFGE AFL-CIO (AFGE) 953 DOD","May 5, 2016","928110",,"PRIVATE"
"PINELLAS COUNTY, THE SCHOOL BOARD (CUSTODIAL)",3295,"FL LARGO","SERVICE EMPLOYEES (SEIU) 1221 PINELLAS CO LOCAL, FIREMEN & OILERS","Jun 30, 2003","611110","2000","PUBLIC"
"PINELLAS COUNTY, THE SCHOOL BOARD (TEACHERS)",3293,"FL LARGO"," (NEA) PCTA","Jun 30, 2008","611110","6200","PUBLIC"
"PINNACLE COMMUNITY SERVICES",3839,"NY","CIVIL SERVICE EMPLOYEES, INC. 1000/STATE COUNTY AND MUNI EMPLS AFL-CIO (AFSCME) 742 CSEA - FAMILY & CHILDREN'S SERVICES OF NIAGARA","Dec 31, 2023",,,"PRIVATE"
"PINTO VALLEY MINING CORP.",2338,"AZ","TEAMSTERS (IBT) 104","May 29, 2022",,,"PRIVATE"
"PIPE LINE CONTRACTORS ASSOCIATION",1653,"NATIONAL"," (PPF) -","Dec 31, 2009","23712","6250","PRIVATE"
"PIPE LINE CONTRACTORS ASSOCIATION",1654,"NATIONAL"," (PPF) -","Apr 30, 2004","23712","6250","PRIVATE"
"PIPE LINE CONTRACTORS ASSOCIATION",1753,"NATIONAL"," (IBT) -","May 1, 2004","23712","3000","PRIVATE"
"PIPE LINE CONTRACTORS ASSOCIATION",1754,"NATIONAL"," (IUOE) -","Jan 1, 1800","23712","6000","PRIVATE"
"PIPE LINE CONTRACTORS ASSOCIATION",1755,"NATIONAL"," (IUOE) -","May 1, 2004","23712","6000","PRIVATE"
"PIPE LINE CONTRACTORS ASSOCIATION",1759,"NATIONAL"," (IBT) -","Jan 31, 2011","23712","3000","PRIVATE"
"PIPE LINE CONTRACTORS ASSOCIATION",1760,"NATIONAL"," (IBT) -","Jan 31, 2011","23712","3000","PRIVATE"
"PIPE LINE CONTRACTORS ASSOCIATION",2136,"NATIONAL"," (LIUNA) -","Jun 4, 2017","237120",,"PRIVATE"
"PIPELINE CONTRACTORS ASSOCIATION",3964,"WV","LABORERS  (LIUNA) ","May 31, 2020","237120",,"PRIVATE"
"PIPELINE CONTRACTORS ASSOCIATION OF CA (SHORTLINE AGMT)",1028,"CA","PLUMBERS AFL-CIO (PPF) 246/PLUMBERS AFL-CIO (PPF) 250/PLUMBERS AFL-CIO (PPF) 342/PLUMBERS AFL-CIO (PPF) 409","Apr 30, 2006","486210","2800","PRIVATE"
"PITTSBURGH BOARD OF EDUCATION (TEACHERS & PROFESSIONAL)",3152,"PA PITTSBURGH"," (AFT) PFT 400","Jun 30, 2005","611110","3300","PUBLIC"
"PITTSBURGH, CITY OF (FIREFIGHTERS)",2861,"PA PITTSBURGH","FIRE FIGHTERS AFL-CIO (IAFF) J 1 FEDERAL FIRE FIGHTERS","Dec 31, 2005","922160","1100","PUBLIC"
"PITTSBURGH, CITY OF (POLICE)",2888,"PA PITTSBURGH"," (FOP-I) ","Dec 31, 2004","922120","1200","PUBLIC"
"PITTSBURGH, UNIVERSITY OF  (COMMONWEALTH SYSTEM OF HIGHER EDUCATION)",4806,"NY","SERVICE EMPLOYEES (SEIU) 32 BJ MOTOR VEHICLE INSPECTORS DIVISION","Dec 31, 2024",,,"PUBLIC"
"PITTSFIELD, CITY OF",4034,"MA","TEAMSTERS (IBT) 404 ","Jun 30, 2019",,,"PUBLIC"
"PLACENTIA-YORBA LINDA USD (CERTIFICATED)",2677,"CA PLACENTA-YORBA"," (AFT) AP-LE","Jun 30, 2005","611110","2500","PUBLIC"
"PLAINFIELD COMMUNITY CONSOLIDATED SCHOOLS (TEACHERS)",2713,"IL PLAINFIELD"," (NEA) APT","Jun 30, 2006","611110","1200","PUBLIC"
"PLASTIC & METAL PRODUCTS MFRS ASSOCIATION",170,"NY NEW YORK","UNITE HERE 132-98-102","Jun 30, 2006","326199","4000","PRIVATE"
"PLASTIC SOFT MATERIALS MFRS ASSOCIATION",99,"NY NEW YORK","UNITE HERE 132-98-102","Dec 16, 2004","315222","1000","PRIVATE"
"PLEATERS, STITCHERS & EMBROIDERERS ASSOCIATION",101,"NY NEW YORK","UNITE HERE 62-32","Jun 30, 2006","315999","1500","PRIVATE"
"PLIBRICO CO, LLC",1797,"NE","BOILERMAKERS AFL-CIO (BBF) 83","Aug 31, 2010","23822","1000","PRIVATE"
"PLUMBERS & STEAMFITTERS AREA AGMT",1036,"WA SOUTHCENTRL","PLUMBERS AFL-CIO (PPF) 598","May 31, 2008","23822","1000","PRIVATE"
"PLUMBING & MECHANICAL CONTRACTORS ASSOCIATION OF HI",1710,"HI HONOLULU","PLUMBERS AFL-CIO (PPF) 675","Jan 5, 2008","23822","1100","PRIVATE"
"PLUMBING AND AIR CONDITIONING CONTRACTORS OF ARIZONA",1288,"AZ PHOENIX","PLUMBERS AFL-CIO (PPF) 469","Jun 30, 2005","23822","1700","PRIVATE"
"PLUMBING CONTRACTORS ASSOCIATION OF CHICAGO & COOK CTY",1293,"IL","PLUMBERS AFL-CIO (PPF) 130","May 31, 2010","23822","2900","PRIVATE"
"PLUMBING CONTRACTORS ASSOCIATION OF CHICAGO & COOK CTY",1294,"IL CHICAGO","PLUMBERS AFL-CIO (PPF) 130","May 31, 2007","23822","2900","PRIVATE"
"PLUMBING INDUSTRY COUNCIL",1442,"MO ST LOUIS","LABORERS  (LIUNA) 110/LABORERS  (LIUNA) 42","Feb 28, 2005","23822","4300","PRIVATE"
"PLUMBING INDUSTRY COUNCIL",1443,"MO","LABORERS  (LIUNA) 110/LABORERS  (LIUNA) 42","Feb 28, 2010","23822","4300","PRIVATE"
"PLUMBING INDUSTRY COUNCIL",1771,"MO","LABORERS  (LIUNA) 660","Feb 28, 2010","23822","4300","PRIVATE"
"PLUMBING, HEATING & COOLING CONTR OF GRTR BOSTON",1582,"MA BOSTON","PLUMBERS AFL-CIO (PPF) 12","Aug 31, 2006","23822","1500","PRIVATE"
"PM HOTEL GROUP",2542,"NJ","ENGINEERS, OPERATING, AFL-CIO (IUOE) 68","Mar 31, 2019","721110","8","PRIVATE"
"POLK COUNTY SCHOOL BOARD (CUSTODIAL, MAINTENANCE,VEHICLE SERVICES)",2892,"FL BARTON"," (AFSCME) 2227","Jun 30, 2007","611110","1000","PUBLIC"
"POLK COUNTY SCHOOL BOARD (PARA-EDUCATORS)",2891,"FL BARTON"," (NEA) PEA","Jun 30, 2007","611110","1200","PUBLIC"
"POLK COUNTY SCHOOL BOARD (TEACHERS)",3102,"FL BARTON"," (NEA) PEA","Jun 30, 2006","611110","4700","PUBLIC"
"POLLY'S FOOD SERVICE, INC.",3807,"MI","FOOD AND COMMERCIAL WKRS (UFCW) 876 ","Sep 26, 2026","445110","99","PRIVATE"
"POREX, FILTRATION GROUP",2524,"VA","MACHINISTS AFL-CIO (IAM) 10","Jan 29, 2022",,,"PRIVATE"
"PORTFAB LLC. DBA WENIG COMPANY, THE",3869,"NY","SHEET METAL, AIR, RAIL AND TRANSPORTATION WORKERS (SMART) 28 SM ","Jul 31, 2023","332710",,"PRIVATE"
"PORTLAND, CITY OF (TRADES)",2869,"OR PORTLAND"," (DCTU) ","Jun 30, 2006","921190","1700","PUBLIC"
"PORTLAND? RECREATION, CITY OF",3544,"OR PORTLAND","LABORERS  (LIUNA) 483","Jun 30, 2017","713990",,"PUBLIC"
"POTOMAC ELECTRIC POWER CO.",470,"DC","ELECTRICAL WORKERS IBEW AFL-CIO (IBEW) 1900","May 31, 2011","221121","2900","PRIVATE"
"POTOMAC ELECTRIC POWER CO.",471,"DC WASHINGTON","ELECTRICAL WORKERS IBEW AFL-CIO (IBEW) 1900","May 31, 2009","221121","2900","PRIVATE"
"POWAY UNIFIED SCHOOL DISTRICT BOARD OF EDUCATION (OPERATIONS SUPPORT)",3644,"CA","SERVICE EMPLOYEES (SEIU) 2028 SAN DIEGO COUNTY SERVICE","Jun 30, 1997","611110",,"PUBLIC"
"POZZI BROTHERS TRANSPORT, INC.",3903,"WA","TEAMSTERS (IBT) 174 ","Mar 31, 2026",,,"PRIVATE"
"PPG ARCHITECTURAL FINISHES, INC.  (A WHOLLY OWNED SUBSIDIARY OF PPG INDUSTRIES, INC.)",4425,"PA","UNITED INDEPENDENT UNION OF RIVERSIDE  (UNAFF) ","Nov 9, 2024",,,"PRIVATE"
"PPG ARCHITECTURAL FINISHES, LLC",2509,"PA","UNITED INDEPENDENT UNION OF RIVERSIDE ","Nov 7, 2021",,,"PRIVATE"
"PPG INDUSTRIES, CHEMICAL DIV.",158,"LA","MACHINISTS AFL-CIO (IAM) 470","Aug 28, 2009","325181","1100","PRIVATE"
"PPG INDUSTRIES, CHEMICAL DIV.",160,"LA"," (IAM) ","May 20, 2003",,,"PRIVATE"
"PPL CORPORATION",1991,"PA","ELECTRICAL WORKERS IBEW AFL-CIO (IBEW) 1600","May 11, 2014","517110","3542","PRIVATE"
"PPL CORPORATION",1992,"PA","ELECTRICAL WORKERS IBEW AFL-CIO (IBEW) 1600","May 21, 2017","517110","3542","PRIVATE"
"PREMIER MANUFACTURING SUPPORT SERVICES, INC.",1945,"MI","AUTO WORKERS AFL-CIO (UAW) 659","Jan 1, 1800","336111","3163","PRIVATE"
"PRIDE INDUSTRIES - FT. BLISS",1972,"TX","ENGINEERS, OPERATING, AFL-CIO (IUOE) 351","Sep 30, 2014","23731","2452","PRIVATE"
"PRIDE INDUSTRIES, INC. (WESTERN CURRENCY FACILITY - BUREAU OF ENGRAVING AND PRINTING)",4496,"TX","ENGINEERS, OPERATING, AFL-CIO (IUOE) 351 ","Aug 31, 2028",,,"PRIVATE"
"PRINCE GEORGE'S COUNTY (CROSSING GUARDS)",4877,"MD","STATE COUNTY AND MUNI EMPLS AFL-CIO (AFSCME) 3 MARYLAND STATE & UNIVERSITY EMPLOYEES","Jun 30, 2026",,,"PUBLIC"
"PRINCE GEORGES COUNTY, MARYLAND (FIRE FIGHTERS, PARAMEDICS, AND MEDICS)",4669,"MD","FIRE FIGHTERS AFL-CIO (IAFF) /FIRE FIGHTERS AFL-CIO (IAFF) 1619","Jun 30, 2024",,,"PUBLIC"
"PRINCE GEORGES COUNTY, MARYLAND (LAW ENFORCEMENT)",2985,"MD"," (FOP-I) 89","Jun 30, 2005","922120","1200","PUBLIC"
"PRINCE GEORGES COUNTY, MARYLAND, BOARD OF EDUCATION (CLASSIFIED)",3267,"MD"," (AFSCME) 2250","Jun 30, 2006","611110","6000","PUBLIC"
"PRINCE GEORGES COUNTY, MARYLAND, BOARD OF EDUCATION (PLANT OPERATIONS)",3269,"MD"," (SEIU) 400","Jun 30, 2007","611110","950","PUBLIC"
"PRINCE GEORGES COUNTY, MARYLAND, BOARD OF EDUCATION (PLANT OPERATIONS)",3270,"MD"," (ASASP-I) 400","Jun 30, 2005","611110","1000","PUBLIC"
"PRINCE GEORGES COUNTY, MARYLAND, BOARD OF EDUCATION (TEACHERS)",3284,"MD"," (NEA) PGCEA","Jun 30, 2006","611110","6500","PUBLIC"
"PRINEVILLE, CITY OF (PUBLIC WORKS)",4872,"OR","LABORERS  (LIUNA) 737 ","Jun 30, 2027",,,"PUBLIC"
"PRIORITY ONE SERVICES, INC",2478,"AK","FOOD AND COMMERCIAL WKRS (UFCW) 2008","Dec 31, 2019",,,"PRIVATE"
"PRISM HOSPITALITY, L.P. DBA TRU BY HILTON",2342,"NV"," (CWU) 226","May 31, 2019",,,"PRIVATE"
"PROCTOR & GAMBLE MANUFACTURING COMPANY KANSAS CITY PLANT",2107,"KS KANSAS CITY","OIL CHEMICAL NHQ","Jun 30, 2018","325611",,"PRIVATE"
"PROCTOR & GAMBLE PAPER PRODUCTS CO.",129,"WI GREEN BAY","UPIU/PACE 47,65","Apr 30, 2007","322121","1400","PRIVATE"
"PROGRESS ENERGY FLORIDA, INC. ( FLORIDA POWER CORP.)",462,"FL","ELECTRICAL WORKERS IBEW AFL-CIO (IBEW) 141/ELECTRICAL WORKERS IBEW AFL-CIO (IBEW) 433/ELECTRICAL WORKERS IBEW AFL-CIO (IBEW) 626/ELECTRICAL WORKERS IBEW AFL-CIO (IBEW) 682","Dec 1, 2005","22111","2100","PRIVATE"
"PROGRESSIVE MACHINE WORKS, INC.",2381,"PA","STEELWORKERS, AFL-CIO (USW) 10 6996 S","Sep 1, 2019",,,"PRIVATE"
"PROSEGUR SERVICES GROUP (NY-NJ AIRPORT SECURITY)",4453,"NY, NJ","SERVICE EMPLOYEES (SEIU) 32 BJ MOTOR VEHICLE INSPECTORS DIVISION","Feb 28, 2024",,,"PRIVATE"
"PROSEGUR SERVICES GROUP, INC. (NY / NJ AIRPORT SERVICES & SECURITY SERVICES - AGR)",4397,"NY","SERVICE EMPLOYEES (SEIU) 32 B /SERVICE EMPLOYEES (SEIU) 32 BJ MOTOR VEHICLE INSPECTORS DIVISION","Feb 28, 2024",,,"PRIVATE"
"PROVIDENCE HOUSING AUTHORITY",4018,"RI","TEAMSTERS (IBT) 251 ","Jun 30, 2001",,"39","PUBLIC"
"PROVIDENCE ST. JOSEPH HOSPITAL",3874,"WA","SERVICE EMPLOYEES (SEIU) 1199 NW SEIU HEALTH CARE 1199 NORTHWEST","Jun 30, 2026","622110","72","PRIVATE"
"PROVIDENCE ST. JOSEPH HOSPITAL",3881,"WA","SERVICE EMPLOYEES (SEIU) 1199 NW SEIU HEALTH CARE 1199 NORTHWEST","Jun 30, 2023",,,"PRIVATE"
"PROVIDENCE, CITY OF (PUBLIC SERVICE EMPLOYEES)",2939,"RI"," (LIUNA) 1033","Jun 30, 2007","921190","1150","PUBLIC"
"PSF INDUSTRIES, INC.",2368,"WA","BOILERMAKERS AFL-CIO (BBF) 104","Oct 1, 2019",,,"PRIVATE"
"PSI ENERGY INC. (CINERGY CORP)",474,"IN","ELECTRICAL WORKERS IBEW AFL-CIO (IBEW) 1393","Apr 30, 2010","221119","1300","PRIVATE"
"PSI ENERGY INC. (CINERGY CORP)",475,"IN","ELECTRICAL WORKERS IBEW AFL-CIO (IBEW) 1393","Apr 30, 2002","221119","1300","PRIVATE"
"PUBLIC SERVICE CO. OF CO (XCEL ENERGY) (2 VOLS.)",510,"CO DENVER","ELECTRICAL WORKERS IBEW AFL-CIO (IBEW) 111","May 31, 2006","221","2250","PRIVATE"
"PUBLIC SERVICE ELECTRIC AND GAS CO.",511,"NJ"," (UWU) 601","Apr 30, 2011","221","1200","PRIVATE"
"PUBLIC SERVICE ELECTRIC AND GAS CO.",512,"NJ"," (UWU) ","Apr 30, 2005",,,"PRIVATE"
"PUBLIC SERVICE ELECTRIC AND GAS CO.",733,"NJ","PLUMBERS AFL-CIO (PPF) 855","Apr 30, 2005",,"1350","PRIVATE"
"PUBLIC SERVICE ELECTRIC AND GAS CO. (MOA)",472,"NJ","ELECTRICAL WORKERS IBEW AFL-CIO (IBEW) 94","Apr 30, 2011","221","3700","PRIVATE"
"PUBLIC SERVICE ELECTRIC AND GAS CO. (MOA)",473,"NJ","ELECTRICAL WORKERS IBEW AFL-CIO (IBEW) 94","Apr 30, 2005","221","3700","PRIVATE"
"PUGET SOUND ENERGY",476,"WA BELLEVUE","ELECTRICAL WORKERS IBEW AFL-CIO (IBEW) 77","Mar 31, 2007","221","800","PRIVATE"
"PUGLIA ENGINEERING, INC.",1825,"WA","BOILERMAKERS AFL-CIO (BBF) 104/MACHINISTS AFL-CIO (IAM) 160/MACHINISTS AFL-CIO (IAM) 297","Feb 1, 2010","238390","1000","PRIVATE"
"PUGLIA ENGINEERING, INC.",2369,"WA"," (IAM/BBF) ","Feb 1, 2017",,,"PRIVATE"
"PULAU CORPORATION",2533,"CA","MACHINISTS AFL-CIO (IAM) 725","Mar 31, 2024","541330","29","PRIVATE"
"PULLMAN, CITY OF (PUBLIC WORKS)",4233,"WA","TEAMSTERS (IBT) 690 ","Dec 31, 2022",,,"PUBLIC"
"PUYALLUP SCHOOL DISTRICT NO. 3 (TEACHERS)",2643,"WA"," (NEA) PEA","Aug 31, 2005","611110","1050","PUBLIC"
"PUYALLUP SCHOOL DISTRICT NO. 3 (TEACHERS)",2644,"WA"," (NEW/PEA) -","Aug 31, 2017","611110",,"PUBLIC"
"PUYALLUP SCHOOL DISTRICT NO. 3 (TEACHERS)",2645,"WA"," (DIST 3) NEA","Aug 31, 2010","611110","1050","PUBLIC"
"PWD NJ/NY LLC",1230,"NJ","ELECTRICAL WORKERS IBEW AFL-CIO (IBEW) 1158","Jul 31, 2022",,,"PRIVATE"
"QOL CORP. DBA CEOWD GLAZING/SAN DIEGO AREA GLAZIERS AND ARCHITECTURAL METAL",4097,"CA","PAINTERS AFL-CIO (PAT) 36 ","Sep 30, 2026",,,"PRIVATE"
"QUAD-CITY BUILDERS ASSOCIATION (BLDG)",880,"IL ROCK ISLAND","LABORERS  (LIUNA) 309","Apr 30, 2004","23621","1050","PRIVATE"
"QUALITY BEVERAGE, LP (BEER SALES REP)",3877,"MA","TEAMSTERS (IBT) 170 ","Jun 28, 2025",,,"PRIVATE"
"QUALITY MARKETS INC., JAMESTOWN DIV.",556,"NY"," (UFCW) 1,23","Jun 6, 2007","445110","2000","PRIVATE"
"QUEBECOR",146,"TN KINGSPORT","STEELWORKERS, AFL-CIO (USW) 09 299","Feb 19, 2006","323117","1250","PRIVATE"
"QUEENS BOTANICAL GARDEN SOCIETY, INC.",2301,"NY","STATE COUNTY AND MUNI EMPLS AFL-CIO (AFSCME) 374","Jun 30, 2007",,,"PRIVATE"
"QUEST FOOD MANAGEMENT SERVICE AT RIVERSIDE / BROOKFIELD CAFETERIA",4290,"IL","SERVICE EMPLOYEES (SEIU) 73 ","Jun 30, 2023",,,"PRIVATE"
"QUINCY, CITY OF (9-1-1 TELECOMMUNICATORS)",3769,"IL","MACHINISTS AFL-CIO (IAM) 9 ","Apr 30, 2026",,,"PUBLIC"
"QWEST CORPORATION, QWEST BUSINESS RESOURCES, INC.",425,"NATIONAL"," (CWA) DIST. 7","Aug 17, 2005","517110","31000","PRIVATE"
"R&L DEVELOPMENT - FLY ASH",1362,"PA","ENGINEERS, OPERATING, AFL-CIO (IUOE) 66","Jul 31, 2024",,"48","PRIVATE"
"R&M DIESEL, INC.",1371,"IL","MACHINISTS AFL-CIO (IAM) 701","Jun 30, 2020","811111","1","PRIVATE"
"RABINOWITZM BOUDIN, STANDARD, KRINKSY & LIEBERMAN P.C.",1929,"NY"," (UAW) DIST. 65","Jun 30, 1992","813319","2771","PRIVATE"
"RACHELS KITCHEN AT MCCARRAN AIRPORT LLC",2340,"NV"," (CWU) 226","May 31, 2021",,,"PRIVATE"
"RACINE UNIFIED SCHOOL DISTRICT (TEACHERS)",2762,"WI RACINE"," (NEA/REA) REA","Jun 30, 2015","611110","1700","PUBLIC"
"RACINE UNIFIED SCHOOL DISTRICT (TEACHERS)",2763,"WI RACINE"," (NEA/REA) REA","Jun 30, 2013","611110","1550","PUBLIC"
"RACINE UNIFIED SCHOOL DISTRICT (TEACHERS)",2764,"WI RACINE"," (NEA/REA) REA","Jun 30, 2011","611110","1550","PUBLIC"
"RADIO FREE ASIA",2186,"DC"," (WBNG) 32035","Jan 31, 2018",,,"PRIVATE"
"RAINIER, CITY OF (POLICE DEPARTMENT)",3848,"OR","TEAMSTERS (IBT) 58 ","Jun 30, 2025",,,"PUBLIC"
"RAINN (RAPE, ABUSE, AND INCEST NAT'L NETWORK)",2187,"DC"," (WBNG) 32035","May 31, 2007",,,"PRIVATE"
"RAMSEY COUNTY (GENERAL UNIT)",3411,"MN ST PAUL","STATE COUNTY AND MUNI EMPLS AFL-CIO (AFSCME) 14 AFSCME COUNCIL 14/STATE COUNTY AND MUNI EMPLS AFL-CIO (AFSCME) 8 ST PAUL CITY & RAMSEY COUNTY EMPLS","Dec 31, 2005","921190","1400","PUBLIC"
"RAMSEY, CITY OF",3412,"MN"," (AFSCME) 2454","Dec 31, 2012","921190","1400","PUBLIC"
"RAMSEY, COUNTY OF",3470,"MN","ENGINEERS, OPERATING, AFL-CIO (IUOE) 49","Dec 31, 2017","23731",,"PUBLIC"
"RAMSEY, COUNTY OF (GENERAL UNIT)",3413,"MN","STATE COUNTY AND MUNI EMPLS AFL-CIO (AFSCME) 8 ST PAUL CITY & RAMSEY COUNTY EMPLS","Dec 31, 2011","921190","1400","PUBLIC"
"RANBAR ELECTRICAL MATERIALS",2070,"PA","COMMUNICATIONS WORKERS AFL-CIO (CWA) 88643","Oct 31, 2015","23821","1000","PRIVATE"
"RANBAR ELECTRICAL MATERIALS, INC.",2069,"PA","COMMUNICATIONS WORKERS AFL-CIO (CWA) 88643","Oct 31, 2017",,,"PRIVATE"
"RAYMOND, CITY OF (LAW ENFORCEMENT PERSONNEL)",3785,"MN","TEAMSTERS (IBT) 252 ","Dec 31, 2022",,,"PUBLIC"
"RAYTHEON AIRCRAFT CO.",305,"KS","MACHINISTS AFL-CIO (IAM) 2328/MACHINISTS AFL-CIO (IAM) 70/MACHINISTS AFL-CIO (IAM) 733","Jul 31, 2005","336412","4900","PRIVATE"
"RAYTHEON COMPANY (LOUISVILLE FACILITY)",2289,"KY","MACHINISTS AFL-CIO (IAM) 830","Aug 21, 2022",,,"PRIVATE"
"RAYTHEON ELECTRONIC SYSTEMS",2080,"MA","MACHINISTS AFL-CIO (IAM) 587","Feb 27, 2016","33422","1000","PRIVATE"
"RAYTHEON MISSILE SYSTEMS",9,"AZ TUCSON","MACHINISTS AFL-CIO (IAM) 933","Nov 5, 2006","336414","2000","PRIVATE"
"RAYTHEON SYSTEMS CO.",276,"CA SOUTHERN","CARPENTERS IND (CJA) 1553","Apr 10, 2008","33422","3800","PRIVATE"
"RAYTHEON TECHNOLOGIES",3784,"KY","MACHINISTS AFL-CIO (IAM) 830 ","Aug 17, 2025",,,"PRIVATE"
"RAYTHEON, SENSPEX, VALIANT INTEGRATED SERVICES, ADVANCED SYSTEMS TECHNOLOGY, INC., CHECK DEFENSE LLC",2580,"CA","MACHINISTS AFL-CIO (IAM) 25/MACHINISTS AFL-CIO (IAM) 725","Oct 31, 2022",,"210","PRIVATE"
"READY MIX & MATERIALS ASSOCIATION",541,"IL","TEAMSTERS (IBT) 786","Apr 30, 2010","23811","1200","PRIVATE"
"REALTY ADVISORY BOARD ON LABOR RELATIONS",725,"NY NEW YORK","ENGINEERS, OPERATING, AFL-CIO (IUOE) 94","Dec 31, 2006","53111","2500","PRIVATE"
"REALTY ADVISORY BOARD ON LABOR RELATIONS (COMML)",717,"NY NEW YORK","SERVICE EMPLOYEES (SEIU) 32 BJ","Dec 31, 2007","531110","30000","PRIVATE"
"REALTY ADVISORY BOARD ON LABOR RELATIONS (SERVICE EMPLOYEES)",4042,"NY","SERVICE EMPLOYEES (SEIU) 32 BJ ","Dec 31, 2015",,,"PRIVATE"
"REALTY ADVISORY BOARD ON LABOR RELATIONS, INC. (ENGINEERS)",4041,"NY","ENGINEERS, OPERATING, AFL-CIO (IUOE) 94 ","Dec 31, 2022",,,"PRIVATE"
"REBEKAH CHILDREN'S SERVICES",2049,"CA","SERVICE EMPLOYEES (SEIU) 521","Jun 30, 2013","62211",,"PRIVATE"
"RED COATS, INC.  (THE SHOPS AT GEORGETOWN PARK)",4576,"DC","SERVICE EMPLOYEES (SEIU) 32 B /SERVICE EMPLOYEES (SEIU) 32 BJ MOTOR VEHICLE INSPECTORS DIVISION","Sep 30, 2028",,"5","PRIVATE"
"RED HILL BOARD OF EDUCATION (SCHOOL DISTRICT 10)",4755,"IL","TEAMSTERS (IBT) 135 ","Jun 30, 2024",,,"PUBLIC"
"RED WING SHOE COMPANY, INC.",3830,"MN","INTERNATIONAL BROTHERHOOD OF TEAMSTERS 120","May 1, 2023","493110","85","PRIVATE"
"REFRIGERATION & AC CONTRACTORS ASSOCIATION, CO CHPTR",1733,"CO DENVER","PLUMBERS AFL-CIO (PPF) 208","May 31, 2003","23511","1700","PRIVATE"
"REGENTS PARK OF JACKSONVILLE",3867,"FL","FOOD AND COMMERCIAL WKRS (UFCW) 1625 ","Jun 30, 2023",,,"PRIVATE"
"REGINA MEDICAL CENTER",2047,"MN"," (SEIU) HEALTHCARE","Jun 30, 2012","611110","1700","PRIVATE"
"REGIONAL TRANSPORTATION DISTRICT (OPERATIONS)",3207,"CO DENVER","TRANSIT UNION AFL-CIO (ATU) 1001","Feb 28, 2006","485111","1900","PUBLIC"
"REHOBOTH BEACH DELAWARE, CITY OF",3571,"DE","TEAMSTERS (IBT) 326 GENERAL TEAMSTERS","Mar 31, 2018",,,"PUBLIC"
"RELIANCE TEST AND TECHNOLOGY (EGLIN OPERATIONS & MAINTENANCE SERVICES - E-OMS)/T-SQUARE LOGISTICS SERVICES CORPORATION",4472,"FL","MACHINISTS AFL-CIO (IAM) 20 /MACHINISTS AFL-CIO (IAM) 449 /MACHINISTS AFL-CIO (IAM) 75 ","Sep 30, 2027",,,"PRIVATE"
"REMINGTON ARMS CO.",19,"NY ILION","MINE WORKERS, UNITED, AFL-CIO (UMW) 717","Sep 10, 2007","332994","900","PRIVATE"
"RENSSELAER COUNTY (GENERAL UNIT)",3030,"NY TROY"," (UPSEU) 424","Dec 31, 2005","921190","1100","PUBLIC"
"RENWOOD ANDRONICO LENDING I, LLC",2198,"CA","FOOD AND COMMERCIAL WKRS (UFCW) 5/FOOD AND COMMERCIAL WKRS (UFCW) 648","Oct 25, 2014",,,"PRIVATE"
"RESIDENTIAL CONSTR EMPLRS COUNCIL -COOK, LAKE, DUPAGE",1687,"IL CHICAGO (COOK, LAKE&DUPAGE)","CARPENTERS IND (CJA) 74 L CHICAGO AND NORTHEAST ILLINOS DISTRICT","Sep 30, 2005","2361","4000","PRIVATE"
"RESIDENTIAL CONSTR EMPLRS COUNCIL (RESIDENTIAL)",896,"IL WILL COUNTY","CARPENTERS IND (CJA) 174","Sep 30, 2005","2361","1000","PRIVATE"
"RESIDENTIAL CONSTR EMPLRS COUNCIL (RESIDENTIAL)",899,"IL KANE,KENDAL","CARPENTERS IND (CJA) 2087/CARPENTERS IND (CJA) 363/CARPENTERS IND (CJA) 916","Sep 30, 2005","2361","1700","PRIVATE"
"RESIDENTIAL CONSTRUCTION EMPLOYERS",1438,"MO","LABORERS  (LIUNA) 660","May 1, 2019","2361","4300","PRIVATE"
"RESIDENTIAL CONSTRUCTION EMPLOYERS",1439,"MO ST LOUIS","LABORERS  (LIUNA) 110/LABORERS  (LIUNA) 42","May 1, 2009","2361","4300","PRIVATE"
"RESIDENTIAL CONSTRUCTION EMPLOYERS",1440,"MO","LABORERS  (LIUNA) 660","May 1, 2014","2361","4300","PRIVATE"
"RESIDENTIAL CONSTRUCTION EMPLOYERS",1950,"MO","LABORERS  (LIUNA) 110/LABORERS  (LIUNA) 42","May 1, 2019","2361","4300","PRIVATE"
"RESIDENTIAL CONSTRUCTION EMPLOYERS",1951,"MO","LABORERS  (LIUNA) 110/LABORERS  (LIUNA) 42","May 1, 2014","2361","4300","PRIVATE"
"RESIDENTIAL CONSTRUCTION EMPLOYERS COUNCIL (RCEC)",2511,"IL"," (CJA) RC CHICAGO","Sep 30, 2019",,,"PRIVATE"
"RESOURCE MANAGEMENT ASSOCIATES, INC.",3835,"OR","TEAMSTERS (IBT) 58 ","Mar 8, 2023",,,"PRIVATE"
"RESTEEL CONTRACTORS ASSOCIATION",1552,"MI","IRON WORKERS AFL-CIO (BSOIW) 25","May 31, 2010","23812","2900","PRIVATE"
"RESTEEL CONTRACTORS ASSOCIATION",1553,"MI LOWER PENINSULA","IRON WORKERS AFL-CIO (BSOIW) 25","May 31, 2007","23812","2900","PRIVATE"
"REVERE COPPER PRODUCTS, INC.",2169,"NY ROME","AUTO WORKERS AFL-CIO (UAW) 2367 MESA","Apr 30, 2014","332323",,"PRIVATE"
"REXEL USA, INC. DBA GEXPRO",1241,"TX","TEAMSTERS (IBT) 247","Jul 31, 2019",,,"PRIVATE"
"REYCO GRANNING, LLC",1372,"MD","TEAMSTERS (IBT) 245","Aug 26, 2024","336330","80","PRIVATE"
"REYNOLDS CLEANING SERIVCE",2044,"CA","SERVICE EMPLOYEES (SEIU) 1877","Jan 31, 2012",,,"PRIVATE"
"RHEEM MANUFACTURING CO.",249,"GA MILLEDGEVILLE","STEELWORKERS, AFL-CIO (USW) 09 9326 S","Dec 15, 2006","336391","1150","PRIVATE"
"RHEEM MANUFACTURING CO.",257,"AR FT SMITH","STEELWORKERS, AFL-CIO (USW) 12 7893 S","Sep 30, 2004","336391","1100","PRIVATE"
"RHODE ISLAND HOSPITAL (NURSES)",3218,"RI PROVIDENCE","AFT/RIFTHP 5098","Jun 30, 2006","622","1700","PUBLIC"
"RHODE ISLAND HOSPITAL (SERVICE & MAINTENANCE)",3217,"RI PROVIDENCE","TEAMSTERS (IBT) 251","Sep 30, 2008","622","1900","PUBLIC"
"RHODE ISLAND JUDICIARY ADMIN OFFICE",3551,"RI"," (LIUNA) 808","Jun 30, 2012","551114",,"PUBLIC"
"RHODE ISLAND STATE (CORRECTIONS OFFICERS)",3040,"RI"," (RIBCO-I) ","Jun 30, 2003","922140","1200","PUBLIC"
"RHODE ISLAND STATE (GENERAL UNIT)",2710,"RI",,"Jun 30, 2004","921190","6600","PUBLIC"
"RHODE ISLAND STATE (SOCIAL WORKERS)",3041,"RI"," (SEIU) RIASSE 580","Jun 30, 2004","624","1200","PUBLIC"
"RICHLAND OPERATIONS OFFICE / OFFICE OF RIVER PROTECTION (U.S. DEPARTMENT OF ENERGY)",3960,"RI","GOVERNMENT EMPLOYEES AFGE AFL-CIO (AFGE) 788 ","Oct 3, 2024","562211","193","PUBLIC"
"RICHMOND UNIFIED SCHOOL DISTRICT",3645,"CA","PUBLIC EMPLOYEES UNION 1","Jun 30, 1991","611110",,"PUBLIC"
"RICHTER METALCRAFT INC.",2552,"NY","ELECTRICAL WORKERS IBEW AFL-CIO (IBEW) 363","May 31, 2020",,,"PRIVATE"
"RIDGEFIELD, CITY OF (CHAUFFEUR)",4137,"WA","TEAMSTERS (IBT) 58 ","Dec 31, 2020",,,"PUBLIC"
"RIDGEFIELD, CITY OF (POLICE)",4775,"WA","RIDGEFIELD POLICE OFFICERS ASSOCIATION ","Dec 31, 2024",,,"PUBLIC"
"RIO HONDO COMMUNITY COLLEGE DISTRICT",4633,"CA","CALIFORNIA SCHOOL EMPLOYEES ASSOCIATION ","Jun 30, 2026",,,"PUBLIC"
"RIO LINDA ELVERTA COMMUNITY WATER DISTRICT",3723,"CA","RIO LINDA/ELVERTA COMMUNITY WATER DISTRICT GENERAL UNIT ","Nov 12, 2021",,,"PUBLIC"
"RISER FOODS COMPANY",2210,"OH","FOOD AND COMMERCIAL WKRS (UFCW) 880","Sep 17, 2017",,,"PRIVATE"
"RIVER CITY TRANSIT AUTHORITY (TARC)",3820,"KY","TRANSIT UNION AFL-CIO (ATU) 1447 ","Aug 31, 2024","485210","450","PUBLIC"
"RIVER MEDICAL, INC",2225,"AZ","STATE COUNTY AND MUNI EMPLS AFL-CIO (AFSCME) 2960","Jun 30, 2019",,,"PRIVATE"
"RIVERSIDE COUNTY (LAW ENFORCEMENT",3018,"CA RIVERSIDE"," (RSA-I) ","Dec 31, 2007","922120","1850","PUBLIC"
"RIVERSIDE COUNTY (PROFESSIONALS)",3007,"CA RIVERSIDE"," (LIUNA) UPE 777","Jun 30, 2006","921190","6129","PUBLIC"
"RIVERSIDE COUNTY (SUPPORTING SERVICES)",3083,"CA RIVERSIDE"," (SEIU) ","Jun 30, 2009","921190","4559","PUBLIC"
"RIVERSIDE COUNTY (SUPPORTING SERVICES)",3084,"CA RIVERSIDE","SERVICE EMPLOYEES (SEIU) 1997","Dec 31, 2005","921190","4559","PUBLIC"
"RIVERSIDE SYMPHONY",4519,"NY","MUSICIANS AFL-CIO (AFM) 802 ","Sep 10, 2028",,,"PRIVATE"
"RIVIERA COMMUNITY CLUB, INC.",2591,"WA","LABORERS  (LIUNA) 252","May 31, 2022",,,"PRIVATE"
"ROAD & RAIL SERVICES, INC.",1229,"MI","IRON WORKERS REGIONAL SHOP / BSOIW 851","Aug 13, 2022","488210","10","PRIVATE"
"ROADS BRIDGES & AIRPORTS",1855,"IN","PLASTERERS AND CEMENT MASONS AFL-CIO (OPCM) 692","May 31, 2015","238140","1730","PRIVATE"
"ROADS BRIDGES & AIRPORTS",1869,"IN","PLASTERERS AND CEMENT MASONS AFL-CIO (OPCM) 165/PLASTERERS AND CEMENT MASONS AFL-CIO (OPCM) 406/PLASTERERS AND CEMENT MASONS AFL-CIO (OPCM) 438/PLASTERERS AND CEMENT MASONS AFL-CIO (OPCM) 692","May 31, 2018","238140","1730","PRIVATE"
"ROADS BRIDGES & AIRPORTS",1870,"IN","PLASTERERS AND CEMENT MASONS AFL-CIO (OPCM) 165/PLASTERERS AND CEMENT MASONS AFL-CIO (OPCM) 406/PLASTERERS AND CEMENT MASONS AFL-CIO (OPCM) 438/PLASTERERS AND CEMENT MASONS AFL-CIO (OPCM) 692","May 31, 2015","238140","1730","PRIVATE"
"ROADS BRIDGES & AIRPORTS",1871,"IN","PLASTERERS AND CEMENT MASONS AFL-CIO (OPCM) 165/PLASTERERS AND CEMENT MASONS AFL-CIO (OPCM) 406/PLASTERERS AND CEMENT MASONS AFL-CIO (OPCM) 438/PLASTERERS AND CEMENT MASONS AFL-CIO (OPCM) 692","Dec 31, 2011","238140","1730","PRIVATE"
"ROADS BRIDGES & AIRPORTS",2056,"IN","PLASTERERS AND CEMENT MASONS AFL-CIO (OPCM) 692","Apr 30, 2017","238140","1730","PRIVATE"
"ROADWAY ELECTRIC, LLC",2160,"AZ PHOENIX","ENGINEERS, OPERATING, AFL-CIO (IUOE) 428","Jul 31, 2019",,,"PRIVATE"
"ROADWAY ELECTRIC, LLC.",2159,"AZ","ENGINEERS, OPERATING, AFL-CIO (IUOE) 428","Jul 31, 2022",,,"PRIVATE"
"ROBBINSDALE AREA SCHOOLS",3261,"MN"," (AFT) 872","Jun 30, 2009",,,"PUBLIC"
"ROBBINSDALE AREA SCHOOLS",3262,"MN"," (AFT) 872","Jun 30, 2013",,,"PUBLIC"
"ROBBINSDALE AREA SCHOOLS (TEACHERS)",3263,"MN"," (AFT) 872","Jun 30, 2011",,,"PUBLIC"
"ROCHESTER CITY (MUNICIPAL EMPLOYEES)",2857,"NY ROCHESTER"," (AFSCME) 1635","Jun 30, 2005","921190","1400","PUBLIC"
"ROCHESTER CITY SCHOOL DISTRICT BOARD OF EDUCATION (CLASSIFIED)",3307,"NY ROCHESTER"," (AFSCME) BENTE 2419","Jun 30, 2004","611110","1450","PUBLIC"
"ROCHESTER, SHEET METAL AND AIR CONDITIONING CONTRACTORS' NATIONAL ASSOCIATION (SMACNA)",4656,"NY","SHEET METAL, AIR, RAIL AND TRANSPORTATION WORKERS (SMART) 46 SM ","Apr 29, 2029",,,"PRIVATE"
"ROCKFORD IL BOARD OF EDUCATION (TEACHERS)",2835,"IL ROCKFORD"," (NEA) REA","Jun 30, 2005","611110","1800","PUBLIC"
"ROCKLAND COUNTY (GENERAL UNIT)",3068,"NY NEW YORK"," (AFSCME) CSEA 1000","Dec 31, 2004","921190","2100","PUBLIC"
"ROCKLEDGE, CITY OF",3525,"FL ROCKLEDGE"," (LIUNA) 678","Sep 30, 2016","921120",,"PUBLIC"
"ROCKLEDGE, CITY OF (FIRE DEPARTMENT BATTALION CHIEFS)",4444,"FL","TEAMSTERS (IBT) 769 ","Sep 30, 2026",,,"PUBLIC"
"ROCKWELL COLLINS INC.",271,"IA CEDAR RAPID","ELECTRICAL WORKERS IBEW AFL-CIO (IBEW) 1362","May 2, 2008","334511","1500","PRIVATE"
"ROCKWELL COLLINS INC., CORALVILLE OPERATIONS",4209,"IA","ELECTRICAL WORKERS IBEW AFL-CIO (IBEW) 1634 ","May 7, 2023",,,"PRIVATE"
"ROLLING MEADOWS OPERATING, LLC",4417,"PA","MINE WORKERS, UNITED, AFL-CIO (UMW) ","Dec 6, 2024","623110","56","PRIVATE"
"ROLLS-ROYCE ALLISON (JET ENGINES)",348,"IN","AUTO WORKERS AFL-CIO (UAW) 933","Feb 25, 2005","336412","2300","PRIVATE"
"ROLLS-ROYCE CORPORATION",349,"IN","AUTO WORKERS AFL-CIO (UAW) 933","Feb 25, 2008","336412","2300","PRIVATE"
"ROOFING CONTRACTORS ASSOCIATION. (COMML)",964,"PA PHILADELPHIA","ROOFERS AFL-CIO (RWAW) 30","Apr 30, 2009","23816","1200","PRIVATE"
"ROOSEVELT ISLAND OPERATING CORP.",2536,"NY","TEAMSTERS (IBT) 210","Mar 31, 2019","921190","20","PRIVATE"
"ROSAUER'S SUPERMARKETS, INC. (PHARMACY TECH UNIT)",3929,"WA","FOOD AND COMMERCIAL WORKERS (UFCW) 1439","Oct 3, 2020",,,"PRIVATE"
"ROSEBURG FOREST PRODUCTS CO.",112,"OR ROSEBURG","CARPENTERS IND (CJA) 2949","Jun 1, 2008","321912","2200","PRIVATE"
"ROSEBURG FOREST PRODUCTS CO.",113,"OR ROSEBURG","CARPENTERS IND (CJA) 2949","Jun 1, 2012","321912","2200","PRIVATE"
"ROSEBURG FOREST PRODUCTS CO.",4030,"OR","CARPENTERS IND (CJA) 2949 ","Jun 1, 2020",,,"PRIVATE"
"ROSEBURG FOREST PRODUCTS CO. (RIDDLE REW FACILITY)",2477,"OR","CARPENTERS IND (CJA) 2949","May 31, 2020",,,"PRIVATE"
"ROSELLE,  VILLAGE OF (PART-TIME FIRE DEPARTMENT)",4281,"IL","SERVICE EMPLOYEES (SEIU) 73 ","Dec 31, 2022",,,"PUBLIC"
"ROSS'S MARKET DBA NORWIN SHOP N SAVE",4514,"PA","STEELWORKERS, AFL-CIO (USW) 10 3403 S ","Aug 4, 2029",,,"PRIVATE"
"ROWE CONTRACTING SERVICES, INC (ARKANSAS)",4333,"AR","ENGINEERS, OPERATING, AFL-CIO (IUOE) 624 ","Mar 31, 2024",,,"PRIVATE"
"RUAN TRANSPORT CORPORATION (JOHNSON CONTROLS, INC. ACCOUNT)",2257,"DE","TEAMSTERS (IBT) 326 GENERAL TEAMSTERS","Nov 30, 2019",,,"PRIVATE"
"RUSH ONTARIO, LLC DBA AC HOTEL CHICAGO",4601,"IL","ENGINEERS, OPERATING, AFL-CIO (IUOE) 399 ","Dec 23, 2024",,,"PRIVATE"
"RUSSELL, TOWN OF",4234,"WA","ENGINEERS, OPERATING, AFL-CIO (IUOE) 139 ","Dec 31, 2023","921110","1","PUBLIC"
"RUSSELL, TOWN OF",4314,"WI","ENGINEERS, OPERATING, AFL-CIO (IUOE) 139 ","Dec 31, 2024",,,"PUBLIC"
"RUTGERS UNIVERSITY (CLERICAL & LAB TECHS)",2711,"-"," (AFSCME) 1761","Jun 30, 2007","611310","1600","PUBLIC"
"RUTGERS UNIVERSITY (CLERICAL & LAB TECHS)",2712,"NJ"," (AFSCME) 1761","Jun 30, 2011","611310","1600","PUBLIC"
"RUTGERS UNIVERSITY (FACULTY)",2625,"NJ NEW BRUNSWICK"," (AAUP-I) ","Jun 30, 2007","611310","2500","PUBLIC"
"RUTGERS UNIVERSITY (MAINTENANCE SERVICES UNIT)",2618,"NJ NEW BRUNSWICK","STATE COUNTY AND MUNI EMPLS AFL-CIO (AFSCME) 888 GREENE MEADOWS NURSING HOME","Jun 30, 2007","611310","1400","PUBLIC"
"S.B. FOOT TANNING COMPANY",2426,"MN","FOOD AND COMMERCIAL WKRS (UFCW) 335","Mar 31, 2012",,,"PRIVATE"
"S&K BUILDING SERVICES DBA HERCULES WINDOW CLEANING",4436,"MO","SERVICE EMPLOYEES (SEIU) 1 ","Jun 30, 2024",,,"PRIVATE"
"SABINE AREA CONTRACTORS (NEW CONSTRUCTION)",1290,"TX BEAUMONT","PLUMBERS AFL-CIO (PPF) 195","Aug 31, 2004","23822","1000","PRIVATE"
"SACRAMENTO CITY UNIFIED SCHOOL DISTRICT (CLASSIFIED)",3317,"CA SACRAMENTO","SERVICE EMPLOYEES (SEIU) 790","Jun 30, 2005","611110","2300","PUBLIC"
"SACRAMENTO CITY UNIFIED SCHOOL DISTRICT, BOARD OF EDUCATION",3311,"CA SACRAMENTO"," (NEA) SCTA","Jun 30, 2007","611110","3000","PUBLIC"
"SACRAMENTO COUNTY IN-HOME SUPPORTIVE SERVICES PUBLIC AUTHORITY",2719,"CA SACRAMENTO","SERVICE EMPLOYEES (SEIU) 250 HEALTH CARE WORKERS UNION","Jun 30, 2003","92119","6350","PUBLIC"
"SACRAMENTO, COUNTY OF (LAW ENFORCEMENT)",3127,"CA SACRAMENTO"," (SCDSA-I) ","Jun 30, 2006","922120","1250","PUBLIC"
"SACRAMENTO, COUNTY OF (OPERATIONS & MAINTAINENCE)",2819,"CA SACRAMENTO","ENGINEERS, OPERATING, AFL-CIO (IUOE) 39","Jun 30, 2005","921190","1100","PUBLIC"
"SACRAMENTO, COUNTY OF (WELFARE UNIT)",2930,"CA SACRAMENTO"," (UPE) PEU 1","Jun 30, 2006","624","1900","PUBLIC"
"SACRAMENTO, COUNTY OF & OFFICE TECHNICAL UNIT",3095,"CA SACRAMENTO"," (SCEO-I) ","Jun 30, 2006","921190","2500","PUBLIC"
"SACRAMENTO, COUNTY OF & OPERATIONS & MAINTENANCE UNIT",3097,"CA SACRAMENTO"," (AFL-CIO) 39","Jun 30, 2006","921190","1100","PUBLIC"
"SAFEWAY (FOOD AGREEMENT) MOA",626,"CA NORTHERN","FOOD AND COMMERCIAL WKRS (UFCW) 101/FOOD AND COMMERCIAL WKRS (UFCW) 5/FOOD AND COMMERCIAL WKRS (UFCW) 648","Oct 8, 2011","445110","14000","PRIVATE"
"SAFEWAY (FOOD AGREEMENT) MOA",627,"CA NORTHERN"," (UFCW) 8 LOCALS","Dec 1, 2007","445110","14000","PRIVATE"
"SAFEWAY INC",680,"CO DENVER","FOOD AND COMMERCIAL WKRS (UFCW) 7 R","Oct 19, 2013","445110","1000","PRIVATE"
"SAFEWAY INC.",557,"AK ANCHORAGE","FOOD AND COMMERCIAL WKRS (UFCW) 1496","May 31, 2006","445110","1600","PRIVATE"
"SAFEWAY INC.",628,"DC MD VA","FOOD AND COMMERCIAL WKRS (UFCW) 400","Mar 31, 2012","445110","9700","PRIVATE"
"SAFEWAY INC.",629,"DC MD VA","FOOD AND COMMERCIAL WKRS (UFCW) 400","Mar 29, 2008","445110","9700","PRIVATE"
"SAFEWAY INC.",672,"MD BALTIMORE","FOOD AND COMMERCIAL WKRS (UFCW) 27","Mar 27, 2004","445110","1800","PRIVATE"
"SAFEWAY INC. (CLERKS)",638,"AZ","FOOD AND COMMERCIAL WKRS (UFCW) 99 R","Oct 25, 2008","445110","2500","PRIVATE"
"SAFEWAY INC. (GROCERY CLERKS)",644,"CO DENVER","FOOD AND COMMERCIAL WKRS (UFCW) 7 R","Oct 19, 2013","445110","4500","PRIVATE"
"SAFEWAY INC. (GROCERY CLERKS)",645,"CO DENVER","FOOD AND COMMERCIAL WKRS (UFCW) 7 R","Oct 16, 2004","445110","4500","PRIVATE"
"SAFEWAY INC. (MEAT DEPTS)",681,"CO DENVER","FOOD AND COMMERCIAL WKRS (UFCW) 7 R","Jun 13, 2009","445110","1000","PRIVATE"
"SAFEWAY INC. (MEAT DEPTS)",682,"CO DENVER","FOOD AND COMMERCIAL WKRS (UFCW) 7 R","Oct 16, 2004","445110","1000","PRIVATE"
"SAFEWAY, INC. -  OPERATIONS (SOUTHERN MEAT AND DELI)/SOBEY'S CAPITAL, INC.",4797,"AB","UNITED FOOD AND COMMERCIAL WORKERS (UFCW) 401 - CANADA","Aug 9, 2025",,,"PRIVATE"
"SAFEWAY, INC. (FOOD)",4795,"CA","FOOD AND COMMERCIAL WKRS (UFCW) 5 ","Apr 12, 2025",,,"PRIVATE"
"SAFEWAY, INC. (MEAT)",4794,"CA","FOOD AND COMMERCIAL WKRS (UFCW) 5 ","Apr 12, 2025",,,"PRIVATE"
"SAFWAY SERVICES, LLC/BRAND ENERGY SERVICES, LLC/PERFORMANCE CONTRACTING, INC.",2390,"WA"," (CJA) PACIFIC NORTHWEST REGIONAL COUNCIL","May 31, 2019",,,"PRIVATE"
"SAINT-GOBAIN CONTAINERS (AUTO MACH DEPT)",181,"NATIONAL"," (GMP) VARIOUS LOCALS","Mar 31, 2008","327213","1000","PRIVATE"
"SAINT-GOBAIN CONTAINERS CO. (AUTO MACH DEPT)",182,"FL INDIALANTIC","GLASS MOLDERS PLASTICS AFL-CIO (GMP) 111/GLASS MOLDERS PLASTICS AFL-CIO (GMP) 39/GLASS MOLDERS PLASTICS AFL-CIO (GMP) 50 B","Mar 31, 2005","327213","1600","PRIVATE"
"SAINT-GOBAIN CONTAINERS, INC.",190,"NATIONAL"," (GMP) VARIOUS LOCALS","Mar 31, 2008","327213","1600","PRIVATE"
"SAINT-GOBAIN INC. (WAS BALL-FOSTER GLASS CO) (P&M)",186,"FL INDIALANTIC"," (GMP) VARIOUS LOCALS","Mar 31, 2008","327213","2200","PRIVATE"
"SAINT-GOBAIN INC. (WAS BALL-FOSTER GLASS CO) (P&M)",187,"FL INDIALANTIC","GLASS MOLDERS PLASTICS AFL-CIO (GMP) 111/GLASS MOLDERS PLASTICS AFL-CIO (GMP) 39","Mar 31, 2005","327213","2200","PRIVATE"
"SALEM-KEIZER SCHOOL DISTRICT (CLASSIFIED)",2836,"OR SALEM"," (SKACE) ","Jun 30, 2004","611110","1500","PUBLIC"
"SALEM-KEIZER SCHOOL DISTRICT (TEACHERS)",3300,"OR SALEM"," (NEA) ","Jun 30, 2004","611110","3000","PUBLIC"
"SALISBURY, CITY OF (GEN. GOVERNMMENT UNIT)",4737,"MD","STATE COUNTY AND MUNI EMPLS AFL-CIO (AFSCME) 3 MARYLAND STATE & UNIVERSITY EMPLOYEES","Jun 30, 2026",,,"PUBLIC"
"SALT LAKE CITY SCHOOL DISTRICT BOARD OF EDUCATION",3168,"UT SALT LAKE CT"," (NEA) SLTA","Jun 30, 2007","611110","1200","PUBLIC"
"SALT RIVER VALLEY WATER USERS' ASSOCIATION",2244,"AZ","ELECTRICAL WORKERS IBEW AFL-CIO (IBEW) 266","Nov 15, 2002",,,"PRIVATE"
"SAMARITAN SUMMIT VILLAGE (CNA UNIT)",4150,"NY","SERVICE EMPLOYEES (SEIU) 1199 SEIU UNITED HEALTH CARE WORKERS EAST","Sep 30, 2023","623110","50","PRIVATE"
"SAN ANDREAS REGIONAL CENTER",2035,"CA","SERVICE EMPLOYEES (SEIU) 521","Aug 31, 2011","62211","48409","PRIVATE"
"SAN ANTONIO, CITY OF",2805,"TX SAN ANTONIO"," (SAPOA) SAPOA","Sep 30, 2006","922120","1400","PUBLIC"
"SAN ANTONIO, CITY OF",4639,"TX","INTERNATIONAL ASSOCIATION OF FIREFIGHTERS (IAFF) 624","Dec 31, 2024",,,"PUBLIC"
"SAN ANTONIO, CITY OF (FIREFIGHTERS)",2968,"TX SAN ANTONIO"," (IAFF) 624","Sep 30, 2005","922160","1250","PUBLIC"
"SAN BERNARDINO CITY UNIFIED SCHOOL DISTRICT (CERTIFICATED)",2675,"CA SAN BERNARDINO"," (NEA) SBTA","Jun 30, 2006","611110","3200","PUBLIC"
"SAN BERNARDINO COUNTY (GENERAL UNIT)",3073,"CA SAN BERNARD"," (SBPEA-I) ","Jun 21, 2008","921190","12000","PUBLIC"
"SAN BERNARDINO COUNTY (SAFETY UNIT)",2681,"CA SAN BERNARDINO"," (SBPEA-I) ","Dec 25, 2005","922120","1100","PUBLIC"
"SAN DIEGO COMMUNITY COLLEGE DISTRICT",3337,"CA"," (AFT) 1931","Dec 31, 2010","611210","1250","PUBLIC"
"SAN DIEGO COMMUNITY COLLEGE DISTRICT (FACULTY)",3336,"CA SAN DIEGO"," (AFT) SDCCG1931","Jun 30, 2007","611210","1250","PUBLIC"
"SAN DIEGO COUNTY (WELFARE UNIT)",3035,"CA SAN DIEGO","SERVICE EMPLOYEES (SEIU) 535","Jun 22, 2006","624","2500","PUBLIC"
"SAN DIEGO COUNTY OFFICE OF EDUCATION (DISTRICT TEACHERS)",3124,"SAN DIEGO VISTA"," (NEA) ","Jun 30, 2008","611110","1800","PUBLIC"
"SAN DIEGO COUNTY, SUPERINTENDENT OF SCHOOLS",3069,"CA SAN DIEGO"," (CTA, NEA) ","Jun 30, 2008",,,"PUBLIC"
"SAN DIEGO GAS & ELECTRIC CO.",513,"CA SAN DIEGO","ELECTRICAL WORKERS IBEW AFL-CIO (IBEW) 465","Aug 31, 2004","221","1500","PRIVATE"
"SAN DIEGO GAS & ELECTRIC CO.",514,"CA SAN DIEGO","ELECTRICAL WORKERS IBEW AFL-CIO (IBEW) 465","Aug 31, 2015","211","1500","PRIVATE"
"SAN DIEGO HOSPITAL ASSOCIATION, DBA SHARP HEALTHCARE",796,"CA SAN DIEGO"," (UNAC) -","May 31, 2007","62211","3500","PRIVATE"
"SAN DIEGO UNIFIED SCHOOL DISTRICT (OFFICE TECHNICAL)",3288,"CA SAN DIEGO"," (SEIU) CSEA 788","Jun 30, 2002","611110","1450","PUBLIC"
"SAN DIEGO UNIFIED SCHOOL DISTRICT, BOARD OF EDUCATION",3289,"CA SAN DIEGO"," (SEIU) CSEA 724","Jun 30, 2002","611110","1450","PUBLIC"
"SAN DIEGO UNIFIED SCHOOL DISTRICT, BOARD OF EDUCATION",3290,"CA SAN DIEGO"," (SEIU) CSEA 759","Jun 30, 2004","611110","1450","PUBLIC"
"SAN DIEGO UNIFIED SCHOOL DISTRICT, BOARD OF EDUCATION (TEACHERS)",3341,"CA SAN DIEGO"," (NEA) STDA","Jun 30, 2006","611110","7300","PUBLIC"
"SAN DIEGO, CITY OF (BLUE COLLAR)",3019,"CA SAN DIEGO"," (AFSCME) 127","Jun 30, 2005","921190","2000","PUBLIC"
"SAN DIEGO, CITY OF (FIREFIGHTERS)",3020,"CA SAN DIEGO","FIRE FIGHTERS AFL-CIO (IAFF) 145 SAN DIEGO FIRE FIGHTERS UNION","Jun 30, 2005","922160","900","PUBLIC"
"SAN DIEGO, CITY OF (POLICE)",3021,"CA SAN DIEGO"," (POA-I) ","Jun 30, 2005","922120","2000","PUBLIC"
"SAN DIEGO, CITY OF (WHITE COLLAR)",3022,"CA SAN DIEGO"," (MEA-I) ","Jun 30, 2005","921190","4000","PUBLIC"
"SAN DIEGO, COUNTY OF (AE, CL, FS, MM, PR, PS, SS UNITS)",3006,"CA SAN DIEGO","SERVICE EMPLOYEES (SEIU) 2028 SAN DIEGO COUNTY SERVICE","Jun 22, 2006","921190","10000","PUBLIC"
"SAN DIEGO, COUNTY OF (DEPUTY SHERIFFS)",3012,"CA SAN DIEGO"," (SDCDSA-I) ","Jun 21, 2007","922120","2000","PUBLIC"
"SAN DIEGO, COUNTY OF (DEPUTY SHERIFFS)",3013,"CA SAN DIEGO"," (SDCDSA-I) ","Jun 21, 2007","922120","2000","PUBLIC"
"SAN FRANCISCO CITY-COUNTY",4803,"CA","SERVICE EMPLOYEES (SEIU) 1021 ","Jun 30, 2017",,,"PUBLIC"
"SAN FRANCISCO COMMUNITY COLLEGE DISTRICT (FACULTY)",2634,"CA SAN FRANCIS"," (AFT) 2121","Dec 31, 2007","611210","1000","PUBLIC"
"SAN FRANCISCO CONTEMPORARY MUSIC PLAYERS",3905,"CA","MUSICIANS AFL-CIO (AFM) 6 MUSICIANS UNION","Jun 30, 2023",,,"PRIVATE"
"SAN FRANCISCO ELECTRICAL CONTRACTORS ASSOCIATION (INSIDE)",1328,"CA SAN FRAN","ELECTRICAL WORKERS IBEW AFL-CIO (IBEW) 6","May 31, 2005","23821","1150","PRIVATE"
"SAN FRANCISCO MAINT CONTRACTORS ASSOCIATION (EVERGREEN)",730,"CA","SERVICE EMPLOYEES (SEIU) 87","Jul 31, 2012","56172","4000","PRIVATE"
"SAN FRANCISCO MUNICIPAL TRANSPORTATION AGENCY",2027,"CA","ELECTRICAL WORKERS IBEW AFL-CIO (IBEW) 6","Jun 30, 2014","23821","2307","PRIVATE"
"SAN FRANCISCO MUNICIPAL TRANSPORTATION AGENCY",2028,"CA","ELECTRICAL WORKERS IBEW AFL-CIO (IBEW) 6","Jun 30, 2012","23821","2307","PRIVATE"
"SAN FRANCISCO MUNICIPAL TRANSPORTATION AGENCY",3449,"CA SAN FRANCIS","TRANSPORT WORKERS AFL-CIO (TWU) 250 A","Jun 30, 2004","485111",,"PUBLIC"
"SAN FRANCISCO MUNICIPAL TRANSPORTATION AGENCY (SERVICE CRITICAL CLASSIFICATIONS)",4674,"CA","SERVICE EMPLOYEES (SEIU) 1021 ","Jun 30, 2027",,,"PUBLIC"
"SAN FRANCISCO NEWSPAPER PUBLISHERS ASSOCIATION",145,"CA SAN FRAN"," (TNG) 52","Jul 1, 2005","51111","2000","PRIVATE"
"SAN FRANCISCO SYMPHONY",4508,"CA","MUSICIANS AFL-CIO (AFM) 6 MUSICIANS UNION","Nov 23, 2024",,,"PRIVATE"
"SAN FRANCISCO SYMPHONY CHORUS",4507,"CA","MUSICAL ARTISTS AAAA AFL-CIO (AGMA) ","Jul 31, 2024",,,"PRIVATE"
"SAN FRANCISCO TRANSPORTATION AGENCY MUNICIPAL RAILWAY (TRANSIT OPERATIONS)",3431,"CA SAN FRANCIS"," (TWU) 250-A","Jun 30, 2008","485111","2000","PUBLIC"
"SAN FRANCISCO UNIFIED SCHOOL DISTRICT",3003,"CA SAN FRANCIS","SERVICE EMPLOYEES (SEIU) 790","Jun 30, 2005","611110","1300","PUBLIC"
"SAN FRANCISCO UNIFIED SCHOOL DISTRICT (SUPPORT)",3356,"CA SAN FRANCIS"," (AFT) USEF","Jun 30, 2004","611110","2000","PUBLIC"
"SAN FRANCISCO UNIFIED SCHOOL DISTRICT (TEACHERS)",3355,"CA SAN FRANCIS"," (AFT) UESF","Jun 30, 2004","611110","5200","PUBLIC"
"SAN FRANCISCO WINDOW CLEANING CONTRACTORS ASSOCIATION",2050,"CA SAN FRAN","SERVICE EMPLOYEES (SEIU) 1877","Mar 31, 2013","62211","26393","PRIVATE"
"SAN FRANCISCO, CITY - COUNTY OF (MISCELLANEOUS)",4724,"CA","SERVICE EMPLOYEES (SEIU) 1021 ","Jun 30, 2024",,,"PUBLIC"
"SAN FRANCISCO, CITY AND COUNTY OF (MULTIUNIT)",2808,"CA SAN FRANCIS","SERVICE EMPLOYEES (SEIU) 250 HEALTH CARE WORKERS UNION/SERVICE EMPLOYEES (SEIU) 535","Jun 30, 2006","921190","10000","PUBLIC"
"SAN FRANCISCO, CITY AND COUNTY OF (NURSES)",2811,"CA SAN FRANCIS","SERVICE EMPLOYEES (SEIU) 790","Jun 30, 2005","622","1200","PUBLIC"
"SAN FRANCISCO, CITY AND COUNTY OF (POLICE)",2806,"CA SAN FRANCIS","SEIU/SFPOA 911","Jun 30, 2007","922120","1800","PUBLIC"
"SAN FRANCISCO, CITY AND COUNTY OF (PROFESSIONAL & TECHNICAL ENGINEERS)",2810,"CA SAN FRANCIS"," (PTE) 21","Jun 30, 2005","921190","1800","PUBLIC"
"SAN FRANCISCO, CITY OF (FIREFIGHTERS)",2809,"CA SAN FRANCIS"," (IAFF) 798","Jun 30, 2007","922160","1500","PUBLIC"
"SAN JOAQUIN COUNTY (OFFICE, TECHNICAL, & CLERICAL)",3085,"CA STOCKTON","SERVICE EMPLOYEES (SEIU) 790","Jun 30, 2006","921190","1100","PUBLIC"
"SAN JOSE (CLERICAL & SUPPORT)",2815,"CA SAN JOSE","STATE COUNTY AND MUNI EMPLS AFL-CIO (AFSCME) 101","Jun 30, 2011","921190","2300","PUBLIC"
"SAN JOSE (CLERICAL & SUPPORT)",2816,"CA SAN JOSE","STATE COUNTY AND MUNI EMPLS AFL-CIO (AFSCME) 101","Jun 30, 2008","921190","2300","PUBLIC"
"SAN JOSE (PEACE OFFICERS)",2884,"CA SAN JOSE"," (SJPOA-I) -","Jun 30, 2008","922120","1200","PUBLIC"
"SAN JOSE ARENA MANAGEMENT, LLC. (SAP CENTER)",4593,"CA","ENGINEERS, OPERATING, AFL-CIO (IUOE) 39 ","Jun 30, 2029",,,"PRIVATE"
"SAN JOSE UNIFIED SCHOOL DISTRICT (TEACHERS)",3301,"CA SAN JOSE"," (NEA) -","Jun 30, 2002","611110","1850","PUBLIC"
"SAN JUAN UNIFIED SCHOOL DISTRICT (GENERAL UNIT)",3342,"CA CARMICHAEL","SERVICE EMPLOYEES (SEIU) 127","Nov 15, 2004","611110","2200","PUBLIC"
"SAN MATEO COUNTY (CLERICAL & TECHNICAL)",3077,"CA REDWOOD","SERVICE EMPLOYEES (SEIU) 715","Nov 4, 2006","921190","1400","PUBLIC"
"SAN MATEO COUNTY (GENERAL UNIT)",3078,"CA REDWOOD","STATE COUNTY AND MUNI EMPLS AFL-CIO (AFSCME) 829 SAN MATEO COUNTY WORKERS","Nov 4, 2006","921190","1200","PUBLIC"
"SAN RAMON VALLEY UNIFIED SCHOOL DISTRICT",2673,"CA"," (NEA) ","Jun 30, 2005","611110","3000","PUBLIC"
"SAND SPRINGS, CITY OF (POLICE)",4890,"OK","NATIONAL FRATERNAL ORDER OF POLICE (NFOP) ","Jun 30, 2025",,,"PUBLIC"
"SAND SPRINGS, CITY OF (POLICE)",4889,"OK","NATIONAL FRATERNAL ORDER OF POLICE (NFOP) ","Jun 30, 2019",,,"PUBLIC"
"SANDERSON FARMS",1987,"TX","FOOD AND COMMERCIAL WKRS (UFCW) 455","Dec 31, 2014","455110","1200","PRIVATE"
"SANTA ANA UNIFIED SCHOOL DISTRICT (CERTIFICATED)",2676,"CA SANTA ANA"," (NEA) SAEA","Jun 30, 2007","611110","3000","PUBLIC"
"SANTA CLARA COUNTY (GENERAL UNIT)",2905,"CA SANTA CLARA","SERVICE EMPLOYEES (SEIU) 715","Jun 18, 2006","921190","8000","PUBLIC"
"SANTA CLARA VALLEY CONTRACTORS",1620,"CA SANTA CLARA","PLUMBERS AFL-CIO (PPF) 393","Jun 30, 2012","23822","1500","PRIVATE"
"SANTA CLARA VALLEY CONTRACTORS",1621,"CA SANTA CLARA","PLUMBERS AFL-CIO (PPF) 393","Jun 30, 2009","23822","1500","PRIVATE"
"SANTA CLARA VALLEY CONTRACTORS, ET. AL.",1619,"CA SANTA CLARA","PLUMBERS AFL-CIO (PPF) 393","Jun 30, 2005","23822","1500","PRIVATE"
"SANTA CLARA VALLEY TRANS AUTH (OPERATIONS & MAINTENANCE)",3122,"CA SANTA CLARA"," (ATU) 265","Jan 30, 2005","485111","2000","PUBLIC"
"SANTA CRUZ CITY (GENERAL UNIT)",2981,"CA SANTA CRUZ","SERVICE EMPLOYEES (SEIU) 415","Apr 23, 2004","921190","1000","PUBLIC"
"SANTA CRUZ COUNTY CA (GENERAL UNIT)",3074,"CA SANTA CRUZ","SERVICE EMPLOYEES (SEIU) 415","Sep 10, 2005","921190","1600","PUBLIC"
"SANTA ROSA COUNTY SCHOOL BOARD (TEACHERS)",3229,"FL"," (NEA) -","Aug 10, 2007",,,"PUBLIC"
"SAPPI NORTH AMERICA, INC.",1217,"ME","ELECTRICAL WORKERS IBEW AFL-CIO (IBEW) 2233/MACHINISTS AFL-CIO (IAM) 2287","Jun 30, 2022","322121","71","PRIVATE"
"SAPPI NORTH AMERICA, INC. (SOMERSET PLANT)",4830,"ME","MACHINISTS AFL-CIO (IAM) 2740 ","Jan 31, 2028","322110","64","PRIVATE"
"SARAH D. CULBERTSON MEMORIAL HOSPITAL",4273,"IL","WORKERS UNITED, SEIU (WU) 73 ","Feb 24, 2028",,,"PRIVATE"
"SARASOTA COUNTY SCHOOL BOARD (CLASSIFIED)",3274,"FL SARASOTA"," (SCTA-I) ","Jun 30, 2006","611110","1600","PUBLIC"
"SARASOTA COUNTY SCHOOL BOARD (TEACHERS)",3276,"FL SARASOTA"," (SCTA) ","Jun 30, 2006","611110","1800","PUBLIC"
"SARASOTA, CITY OF",4505,"FL","TEAMSTERS (IBT) 173 ","Sep 30, 2025",,,"PUBLIC"
"SARASOTA, CITY OF (DRIVERS, WAREHOUSEMEN, FOOD PROCESSING)",3724,"FL","TEAMSTERS 173","Sep 30, 2022",,"300","PUBLIC"
"SARASOTA, CITY OF (FULL-TIME LUITENANTS)",3725,"FL","SOUTHWEST FLORIDA POLICE BENEVOLENT ASSOCIATION, INC. ","Sep 30, 2024",,"9","PUBLIC"
"SARASOTA, CITY OF (OFFICERS, SERGEANTS, CRIMINALISTS)",3731,"FL","POLICE ASSOCIATIONS, (IUPA) 6045","Sep 30, 2022",,"165","PUBLIC"
"SARATOGA COUNTY (BLUE & WHITE COLLAR)",3047,"NY BALLSTONS"," (AFSCME) CSEA","Dec 31, 2004","921190","850","PUBLIC"
"SARATOSA COUNTY FLORIDA SCHOOL BOARD",3646,"FL"," (SCTA) ","Jun 30, 2000","611110","1600","PUBLIC"
"SARATOSA COUNTY FLORIDA SCHOOL BOARD",3647,"FL"," (SCTA) ","Jun 30, 2003","611110","1600","PUBLIC"
"SARATOSA COUNTY FLORIDA SCHOOL BOARD",3648,"FL"," (SCTA) ","Jun 30, 1997","611110","1600","PUBLIC"
"SATELLITE SERVICES, INC.",4571,"PA","ENGINEERS, OPERATING, AFL-CIO (IUOE) 542 ","Sep 30, 2027",,"10","PRIVATE"
"SATURN CORP. (MOA)",298,"TN MI","AUTO WORKERS AFL-CIO (UAW) 531/AUTO WORKERS AFL-CIO (UAW) 810","Dec 31, 2003","336111","6900","PRIVATE"
"SATURN CORP. (SPRING HILL SITE ? GM CORPORATION )",299,"TN","AUTO WORKERS AFL-CIO (UAW) 1853","Dec 31, 2003","336111","6900","PRIVATE"
"SAUDER CUSTOM FABRICATION, INC",1798,"WA","BOILERMAKERS AFL-CIO (BBF) 83","Aug 29, 2010","316999","1000","PRIVATE"
"SAVAGE SERVICE CORPORATION",1973,"AMARILLO, TX","ENGINEERS, OPERATING, AFL-CIO (IUOE) 351","Dec 31, 2013",,,"PRIVATE"
"SBC EAST",1890,"NATIONAL","COMMUNICATIONS WORKERS AFL-CIO (CWA) 1298 CT UNION OF TEL. WKRS.","Apr 4, 2009","517110","5003","PRIVATE"
"SBC GLOBAL SERVICES",2053,"MI"," (CWA) DIST 4","Apr 11, 2015","517110","27000","PRIVATE"
"SBC MIDWEST",422,"NATIONAL"," (CWA) 4, 4034, 4319,4107, 4340, 4250, 4603, 4900","Apr 4, 2009","517110","27000","PRIVATE"
"SBM SITE SERVICES",2045,"CA","SERVICE EMPLOYEES (SEIU) 1877","Apr 30, 2012","62211",,"PRIVATE"
"SCA TISSUE",1736,"WI MENSHA"," (PACE) -","Jun 30, 2009","322121","1000","PRIVATE"
"SCHAEFER GROUP, INC., THE",2567,"OH","IRON WORKERS AFL-CIO (BSOIW) 290","May 31, 2021","333994",,"PRIVATE"
"SCHAGRIN GAS COMPANY",2253,"DE","TEAMSTERS (IBT) 326 GENERAL TEAMSTERS","Oct 9, 2017",,,"PRIVATE"
"SCHAUMBURG COMMUNITY CONSOLIDATED SCHOOL DISTRICT, BOARD OF EDUCATION",3426,"IL SCHAUMBURG"," (NEA) SEA","Jun 30, 2012","611110","1000","PUBLIC"
"SCHENCK USA",3868,"NY","COMMUNICATIONS WORKERS AFL-CIO (CWA) 81463 ","Jun 30, 2026",,,"PRIVATE"
"SCHENECTADY COUNTY (GENERAL)",3062,"NY","AFSCME/CSEA CSEA 847","Dec 31, 2002","921190","900","PUBLIC"
"SCHNEIDER ELECTRIC (OHIO PLANT)",4449,"OH","ELECTRICAL WORKERS IBEW AFL-CIO (IBEW) 2287 ","Sep 15, 2024",,,"PRIVATE"
"SCHOFIELD RESIDENCE, INC. (SERVICE, MAINTENANCE, AND LPN/TECHNICAL)",3950,"NY","SERVICE EMPLOYEES (SEIU) 1199 SEIU UNITED HEALTH CARE WORKERS EAST","Oct 31, 2023",,,"PRIVATE"
"SCHOOL BOARD OF BREVARD COUNTY",3611,"FL"," (IBPAT) 1010","Jun 30, 1997",,,"PUBLIC"
"SCHOOL BOARD OF BREVARD COUNTY",3612,"FL"," (IBPAT) 1010","Jun 30, 1999",,,"PUBLIC"
"SCHOOL BOARD OF BREVARD COUNTY",3613,"FL"," (IUPAT) 1010","Jun 30, 2003",,,"PUBLIC"
"SCHOOL BOARD OF BREVARD COUNTY",3614,"FL"," (IUPAT) 1010","Jun 30, 2002",,,"PUBLIC"
"SCHOOL BOARD OF BREVARD COUNTY",3615,"FL"," (IBPAT) 1010","Jun 30, 1996",,,"PUBLIC"
"SCHOOL BOARD OF BREVARD COUNTY",3616,"FL"," (IBPAT) 1010","Jun 30, 2001",,,"PUBLIC"
"SCOTT COUNTY HIGHWAY DEPARTMENT",3794,"IL","INTERNATIONAL UNION OF OPERATING ENGINEERS 965 965","Nov 30, 2022","237310","4","PUBLIC"
"SCROLL COMPRESSORS, LLC",2418,"OH"," (CWA) (84)725","Jun 6, 2021",,,"PRIVATE"
"SEARS, ROEBUCK AND CO, MCMURRAY, PA PRODUCT REPAIR SERVICES",2129,"CHICAGO, IL"," (USW) -","Dec 31, 2016","811412",,"PRIVATE"
"SEATTLE BOILER WORKS, INC.",2366,"WA","BOILERMAKERS AFL-CIO (BBF) 104","Oct 1, 2016",,,"PRIVATE"
"SEATTLE BUILDING MAINT, METRO & QUALITY",801,"WA KING COUNTY","SERVICE EMPLOYEES (SEIU) 6","Jun 30, 2008","56172","1450","PRIVATE"
"SEATTLE CHILDREN'S HOSPITAL",1029,"WA","FOOD AND COMMERCIAL WKRS (UFCW) 21","Jan 31, 2022","621110","437","PRIVATE"
"SEATTLE CHILDREN'S THEATRE",4442,"WA","STAGE AND PICTURE OPERATORS AFL-CIO (IATSE) /STAGE AND PICTURE OPERATORS AFL-CIO (IATSE) 15 /STAGE AND PICTURE OPERATORS AFL-CIO (IATSE) 488 /STAGE AND PICTURE OPERATORS AFL-CIO (IATSE) 887 ","Jun 30, 2024",,,"PUBLIC"
"SEATTLE COMMUNITY COLLEGE DISTRICT 6 BOARD OF TRUSTEES (TEACHERS)",3382,"WA"," (AFT/SCCT) 1789","Jun 30, 2006","611210","1200","PUBLIC"
"SEATTLE PUBLIC SCHOOLS (TEACHERS & PROFESSIONALS)",3197,"WA"," (NEA) SEA","Aug 31, 2009","611110","2800","PUBLIC"
"SEATTLE SCHOOL DISTRICT 1",3516,"WA","MACHINISTS AFL-CIO (IAM) 160/MACHINISTS AFL-CIO (IAM) 289","Aug 31, 2018","821110","1000","PUBLIC"
"SEATTLE, CITY OF (FIREFIGHTERS)",2965,"WA"," (IAFF) 27","Dec 31, 2008","922160","950","PUBLIC"
"SEATTLE, CITY OF (JOINT CRAFTS - NONSUPERVISORY)",2822,"WA SEATTLE"," (VARIOUS) ","Dec 31, 2007","921190","4200","PUBLIC"
"SEATTLE, CITY OF (MUNICIPAL COURT)",4244,"WA","PROFESSIONAL & TECHNICAL EMPLOYEES LOCAL 17 (PROTEC17) /SEATTLE MUNICIPAL COURT MARSHALS GUILD /TEAMSTERS (IBT) 763 ","Dec 31, 2021",,,"PUBLIC"
"SEATTLE, CITY OF (POLICE MANAGEMENT)",2868,"WA SEATTLE"," (SPMA-I) ","Dec 31, 2006","922120","1200","PUBLIC"
"SEATTLE, CITY OF (POLICE OFFICERS)",2866,"WA SEATTLE"," (SPOG-I) ","Dec 31, 2006","922120","1150","PUBLIC"
"SEATTLE, CITY OF (PROFESSIONAL & TECHNICAL ENGINEERS)",2831,"WA SEATTLE","ENGINEERS, PROF AND TECH, AFL-CIO (PTE) 17","Dec 31, 2007","921190","2500","PUBLIC"
"SEATTLE, CITY OF (STRATEGIC ADVISOR-LEGISLATIVE)",4201,"WA","PROFESSIONAL & TECHNICAL EMPLOYEES LOCAL 17 (PROTEC17) ","Dec 31, 2021",,,"PUBLIC"
"SEATTLE, PORT OF",3469,"SEATTLE","ENGINEERS, OPERATING, AFL-CIO (IUOE) 286","May 31, 2018","23731","94","PUBLIC"
"SEATTLE, PORT OF (POLICE NON-SWORN SUPERVISORS)",4253,"WA","TEAMSTERS (IBT) 117 ","Dec 31, 2022","23731",,"PUBLIC"
"SECOND CITY",4247,"IL","MUSICIANS AFL-CIO (AFM) 10 208 ","Dec 31, 2025",,,"PRIVATE"
"SECONDARY SCHOOL SYSTEM OF THE ARCHDIOCESE OF PHILADELPHIA",865,"PA"," (ACT) -","Aug 31, 2006","56172",,"PRIVATE"
"SECURITAS SECURITY SERVICES USA, INC. (HARVARD UNIVERSITY)",4698,"MA","SERVICE EMPLOYEES (SEIU) 32 BJ MOTOR VEHICLE INSPECTORS DIVISION","Nov 15, 2020",,,"PRIVATE"
"SELAH, CITY OF  (POLICE DEPARTMENT)",3947,"WA","TEAMSTERS (IBT) 760 ","Dec 31, 2023",,,"PUBLIC"
"SELAH, CITY OF  (PUBLIC WORKS)",3916,"WA","TEAMSTERS (IBT) 760 ","Dec 31, 2023",,,"PUBLIC"
"SELGE CONSTRUCTION COMPANY, INC.",4489,"MI","CHRISTIAN LABOR UNION IND (CLA) 10 UNITED CONSTRUCTION WORKERS","Apr 30, 2027",,,"PRIVATE"
"SEMINOLE COUNTY SCHOOL BOARD (TEACHERS)",3316,"FL SANFORD"," (NEA) ","Jun 30, 2005","611110","3000","PUBLIC"
"SENECA HEALTH SERVICES, INC.",3949,"WV","SERVICE EMPLOYEES (SEIU) 1199 NUHHCE, WV/KY/OH","Jun 30, 2026",,,"PRIVATE"
"SENIOR CARE PROVIDENCE DBA PROVIDENCE PLACE",4228,"MN","SERVICE EMPLOYEES (SEIU) 113 HEALTHCARE MINNESOTA","Feb 28, 2024",,,"PRIVATE"
"SEQUIM, CITY OF  (NON-UNIFORM)",4511,"WA","TEAMSTERS (IBT) 589 ","Dec 31, 2024",,,"PUBLIC"
"SEQUIM, CITY OF (PATROL POLICE OFFICERS)",4543,"WA","TEAMSTERS (IBT) 589 ","Dec 31, 2026",,,"PUBLIC"
"SEQUIM, CITY OF (POLICE SERGEANTS)",4512,"WA","TEAMSTERS (IBT) 589 ","Dec 31, 2026",,,"PUBLIC"
"SERCO MANAGEMENT SERVICES, INC.",2002,"DC"," (ATC) -","Oct 5, 2017",,,"PRIVATE"
"SERCO MANAGEMENT SERVICES, INC.",2003,"DC"," (ATC) -","Aug 1, 2013","327213","1000","PRIVATE"
"SERVICAR OF MICHIGAN, INC",2153,"MI ROYAL OAK","TRANSIT UNION AFL-CIO (ATU) 1564","Aug 31, 2016","485210",,"PRIVATE"
"SERVICE & PARTS OPERATIONS/FLINT PROCESSING CENTER DIV. OF GEN.",1943,"MI","AUTO WORKERS AFL-CIO (UAW) 659","Jul 15, 2004","336111","3163","PRIVATE"
"SERVICE EMPLOYEES INTERNATIONAL UNION - LOCAL 500",2188,"DC"," (WBNG) 32035","Jun 30, 2016",,,"PRIVATE"
"SERVICE EMPLOYEES INTERNATIONAL UNION (SEIU) LOCAL 503",4695,"OR","COMMUNICATIONS WORKERS AFL-CIO (CWA) 7901 /PUBLIC EMPLOYEES REPRESENTATIVE (UNAFF) UNION -- LOCAL 5","Mar 31, 2026",,,"PRIVATE"
"SERVICE EMPLOYEES INTERNATIONAL UNION (SEIU) LOCAL 503",4552,"OR","COMMUNICATIONS WORKERS AFL-CIO (CWA) 7901 /PUBLIC EMPLOYEES REPRESENTATIVE (UNAFF) UNION -- LOCAL 5","Mar 31, 2024",,,"PRIVATE"
"SERVICE EMPLOYEES INTERNATIONAL UNION LOCAL 284",4650,"MN","STEELWORKERS, AFL-CIO (USW) 11 2002 ","Mar 31, 2027",,,"PRIVATE"
"SERVICING CONTRACTORS ASSOCIATION OF GREATER DELAWARE VALLEY (SCA & LU)",1447,"PA","PLUMBERS AFL-CIO (PPF) 420","May 14, 2008","23822","1000","PRIVATE"
"SESSER VALIER COMMUNITY BOARD OF EDUCATION SCHOOL DISTRICT UNIT 196",3546,"IL","LABORERS  (LIUNA) 773","Jun 30, 2018",,,"PUBLIC"
"SEWARD, CITY OF",4033,"AK","ELECTRICAL WORKERS IBEW AFL-CIO (IBEW) 1547 ","Jun 30, 2022",,"7","PUBLIC"
"SHAMRAD METAL FABRICATORS",1799,"WA","BOILERMAKERS AFL-CIO (BBF) 83","Oct 31, 2011","316999","1000","PRIVATE"
"SHAW'S SUPERMARKETS INC.",549,"CT","FOOD AND COMMERCIAL WKRS (UFCW) 371","Mar 6, 2008","445110","2500","PRIVATE"
"SHAW'S SUPERMARKETS INC. (SOUTHERN REGION)",547,"RI MA","FOOD AND COMMERCIAL WKRS (UFCW) 791 WAREHOUSE EMPLOYEES UNION","Aug 2, 2008","445110","7000","PRIVATE"
"SHAWNEE MISSION BOARD OF EDUCATION",98,"KS"," (NEA) DS 512","Jun 30, 2010","611110","1200","PRIVATE"
"SHEET METAL & AIR CONDITIONING CONTRACTORS ASSOCIATION",945,"MO KANSAS CITY"," (SMW) 2","Jun 30, 2007","23822","1050","PRIVATE"
"SHEET METAL & AIR CONDITIONING CONTRACTORS ASSOCIATION",1284,"CA"," (SMW) 104","Jun 30, 2006","23822","3000","PRIVATE"
"SHEET METAL & AIR CONDITIONING CONTRACTORS ASSOCIATION",1375,"CA LOS ANGELES"," (SMW) 105","Jun 30, 2007","23822","2000","PRIVATE"
"SHEET METAL & AIR CONDITIONING CONTRACTORS ASSOCIATION",1555,"MI DETROIT"," (SMW) 80","May 31, 2004","23822","1250","PRIVATE"
"SHEET METAL & AIR CONDITIONING CONTRACTORS ASSOCIATION",1630,"WI MILWAUKEE"," (SMW) 18","May 31, 2004","23822","750","PRIVATE"
"SHEET METAL & AIR CONDITIONING CONTRACTORS ASSOCIATION OF NYC",1373,"NY"," (SMW) 28","Jul 31, 2009","23822","2000","PRIVATE"
"SHEET METAL & AIR CONDITIONING CONTRACTORS ASSOCIATION OF NYC",1374,"NY NEW YORK"," (SMW) 28","Jun 29, 5","23822","2000","PRIVATE"
"SHEET METAL & AIR CONDITIONING CONTRACTORS ASSOCIATION OF PHILADELPHIA",1370,"PA"," (SMW) 19","Apr 30, 2016","23822","2000","PRIVATE"
"SHEET METAL & AIR CONDITIONING CONTRACTORS NATIONAL ASSOCIATION",1296,"MO ST LOUIS"," (SMW) 36","Jul 31, 2006","23822","1500","PRIVATE"
"SHEET METAL AND AIR CONDITIONING APPRENTICESHIP AND JOURNEYMAN TRAINING FUND OF SAN DIEGO",1133,"CA","OFFICE AND PROFESSIONAL EMPLS AFL-CIO (OPEIU) 537","Jul 31, 2022",,,"PRIVATE"
"SHEET METAL CONTRACTORS ASSOCIATION",1458,"PENNSYLVANIA"," (SMWIA) 19","May 31, 2013",,,"PRIVATE"
"SHEET METAL CONTRACTORS ASSOCIATION OF CENTRAL PA-18 CTYS",1457,"PA CENTRAL"," (SMW) 19","May 31, 2004","23822","1000","PRIVATE"
"SHEET METAL CONTRACTORS ASSOCIATION OF DC",1592,"DC WASHINGTON"," (SMW) 100","Jun 30, 2006","23822","1000","PRIVATE"
"SHEET METAL, AIR, RAIL AND TRANSPORTATION WORKERS LOCAL 1",4653,"IL","TEAMSTERS (IBT) 627 ","Dec 31, 2026",,,"PRIVATE"
"SHELLHORN & HILL, INC.",2232,"DE","TEAMSTERS (IBT) 326 GENERAL TEAMSTERS","Jun 30, 2017",,,"PRIVATE"
"SHELLHORN & HILL. INC. (DRIVERS)",2259,"DE","TEAMSTERS (IBT) 326 GENERAL TEAMSTERS","Jul 31, 2017",,,"PRIVATE"
"SHERATON UNIVERSAL HOTEL",3864,"CA","UNITE HERE  (UNITHE) 11 ","Nov 30, 2018",,,"PRIVATE"
"SHERMAN, VILLAGE OF",3934,"IL","TEAMSTERS (IBT) 916 ","Apr 30, 2023",,,"PUBLIC"
"SHIELD SERVICES, LLC. - DEA ALLIANCE AIRPORT (NON SUPERVISORY SECURITY GUARD)",3684,"TX","OFFICE AND PROFESSIONAL EMPLS AFL-CIO (OPEIU) 4873 ","Jul 31, 2014",,,"PRIVATE"
"SHIELD SERVICES, LLC. (PROTECTIVE SECURITY OFFICERS, DEA SECURITY OFFICERS)",3685,"MN"," (UGSOA) 80","Sep 30, 2014",,,"PRIVATE"
"SHIFT TRANSIT, LLC",4727,"IL","TRANSPORT WORKERS AFL-CIO (TWU) 320 ","Jun 2, 2025",,,"PRIVATE"
"SHOP RITE BUONADONNA",1985,"NY","FOOD AND COMMERCIAL WKRS (UFCW) 1500 UFCW UNION LOCAL 1500","Dec 31, 2016","445110","2200","PRIVATE"
"SHOP RITE DIV OF ZALLIE SUPERMARKETS INC.",563,"NJ","FOOD AND COMMERCIAL WKRS (UFCW) 1360","Apr 30, 2005","445110","1050","PRIVATE"
"SHOP RITE SUPERMARKETS (MEAT, POULTRY, DELI)",614,"NJ NY","FOOD AND COMMERCIAL WKRS (UFCW) 464 A","Aug 18, 2007","445110","3950","PRIVATE"
"SHOP RITE SUPERMARKETS (MLTK & KMLT, LLC)",2066,"NY","FOOD AND COMMERCIAL WKRS (UFCW) 1500 UFCW UNION LOCAL 1500","Aug 6, 2016","445110","1500","PRIVATE"
"SHOP RITE SUPERMARKETS (MOA)",676,"NJ NY","FOOD AND COMMERCIAL WKRS (UFCW) 1262","Apr 18, 2009","445110","17000","PRIVATE"
"SHOP RITE SUPERMARKETS GLASS GARDENS",2065,"NY","FOOD AND COMMERCIAL WKRS (UFCW) 1500 UFCW UNION LOCAL 1500","Jul 23, 2016","445110","1500","PRIVATE"
"SHOPPERS FOOD WAREHOUSE",559,"MD","FOOD AND COMMERCIAL WKRS (UFCW) 400","Jul 7, 2012","445110","1850","PRIVATE"
"SHOPPERS FOOD WAREHOUSE",685,"DC MD VA","FOOD AND COMMERCIAL WKRS (UFCW) 400","Jul 5, 2008","445110","3400","PRIVATE"
"SHOPRITE (NY CITY & 5 COUNTYS)",641,"NY","FOOD AND COMMERCIAL WKRS (UFCW) 1500 UFCW UNION LOCAL 1500","Sep 23, 2010","445110","2000","PRIVATE"
"SHOPRITE (NY CITY & 5 COUNTYS)",642,"NY","FOOD AND COMMERCIAL WKRS (UFCW) 1500 UFCW UNION LOCAL 1500","Aug 6, 2016","445110","2000","PRIVATE"
"SHOPRITE (NY CITY & 5 COUNTYS)",643,"NY","FOOD AND COMMERCIAL WKRS (UFCW) 1500 UFCW UNION LOCAL 1500","Sep 30, 2006","445110","2000","PRIVATE"
"SIEGFRIED USA, LLC.",2538,"NJ","TEAMSTERS (IBT) 676","Jan 17, 2022","325412","82","PRIVATE"
"SIGNATORY CONTRACTORS",1272,"12 WSTRN STATES","BOILERMAKERS AFL-CIO (BBF) 101/BOILERMAKERS AFL-CIO (BBF) 11","Sep 30, 2004","23892","3000","PRIVATE"
"SIGNATORY CONTRACTORS",1279,"FL GA+7 STATES"," (BBF) -","Jul 31, 2003","23622","4900","PRIVATE"
"SIGNATORY EMPLOYERS HERETO",1810,"U.S."," (BBF) -","Oct 31, 2013","23890","1000","PRIVATE"
"SIGNATORY REFRACTORY CONTRACTORS",4477,"CO","BRICKLAYERS AFL-CIO (BAC) 7 /BRICKLAYERS AFL-CIO (BAC) 7 COLORADO","Apr 30, 2027",,,"PRIVATE"
"SIGNATURE CONDOMINIUMS, LLC",2341,"NV"," (CWU) 226","May 31, 2019",,,"PRIVATE"
"SIL-BASE COMPANY",2120,"PA","STEELWORKERS, AFL-CIO (USW) 10 5852 S","Sep 14, 2017","334111",,"PRIVATE"
"SIMPSON TACOMA KRAFT COMPANY, LLC",2436,"WA"," (BCTD) PIERCE COUNTY","Aug 31, 2017",,,"PRIVATE"
"SINGER EQUIPMENT COMPANY",1126,"PA","TEAMSTERS (IBT) 429","Aug 24, 2024","423440","70","PRIVATE"
"SIOUX FALLS SCHOOL DISTRICT 49-5 (TEACHERS)",3350,"SD SIOUX FALLS"," (NEA) ","Jun 30, 2008","611110","1440","PUBLIC"
"SIOUX FALLS SCHOOL DISTRICT 49-5, SCHOOL BOARD",3351,"SD"," (NEA) DISTRICT 49-5","Jun 30, 2013","611110","1440","PUBLIC"
"SITE IMPROVEMENT ASSOCIATION",1434,"MO ST LOUIS","LABORERS  (LIUNA) 110/LABORERS  (LIUNA) 42","Mar 1, 2004","23891","4300","PRIVATE"
"SKF AEROENGINE NORTH AMERICA (FALCONER PLANT)",4364,"NY","AUTO WORKERS AFL-CIO (UAW) 338 ","Oct 18, 2025",,"300","PRIVATE"
"SKOLD COMMERCIAL CONTRACTING",4400,"IA","BRICKLAYERS AFL-CIO (BAC) 3 IOWA","Apr 30, 2026",,,"PRIVATE"
"SKY LEASE I, INC",2424,"NC"," (SLPA) ","Dec 31, 2017",,,"PRIVATE"
"SMACNA- WESTERN WASHINGTON, INC.",1016,"WA"," (SMW) 66","May 31, 2009","23822","3000","PRIVATE"
"SMACNA-WESTERN WASHINGTON, INC.",1014,"WA WESTERN"," (SMW) 66","May 31, 2004","23822","3000","PRIVATE"
"SMACNA-WESTERN WASHINGTON, INC.",1015,"WA WESTERN"," (SMW) 66","May 31, 2012","23822","3000","PRIVATE"
"SMARCA INC METRO AREA DIV (COMML METRO)",1412,"MN"," (SMW) 10","Apr 30, 2006","23822","3000","PRIVATE"
"SMG",3741,"VIRGINIA","STAGE AND PICTURE OPERATORS AFL-CIO (IATSE) 87 ","Jun 30, 2021",,,"PRIVATE"
"SMG",4351,"IN","TEAMSTERS (IBT) 364 ","Dec 31, 2025",,"4","PRIVATE"
"SMITH FOOD & DRUG CENTERS INC.",2024,"WY"," (UFCW) 7","Jul 26, 2014","445110","2000","PRIVATE"
"SMITHFIELD PACKING COMPANY, INC.",917,"VA SMITHFIELD","LABORERS  (LIUNA) 1046","Jun 30, 2006","311611","1500","PRIVATE"
"SNC MANUFACTURING COMPANY, INC.",4179,"WI","AUTO WORKERS AFL-CIO (UAW) 2132 ","Sep 9, 2025","334419",,"PRIVATE"
"SNE ENTERPRISES INC",109,"WI MOSINEE"," (UBC) 1594","Dec 9, 2007","321911","1000","PRIVATE"
"SNOHOMISH COUNTY (CORRECTIONS SERGEANTS AND LIEUTENANTS)",3915,"WA","TEAMSTERS (IBT) 763 ","Dec 31, 2014",,,"PUBLIC"
"SNOQUALMIE, CITY OF (FIRE DEPARTMENT)",4269,"WA","FIRE FIGHTERS AFL-CIO (IAFF) ","Dec 31, 2025",,,"PUBLIC"
"SNOQUALMIE, CITY OF (FIRE DEPARTMENT)",4308,"WA","PUBLIC, PROFESSIONAL, & OFFICE-CLERICAL EMPLOYEES AND DRIVERS 763","Dec 31, 2022",,,"PUBLIC"
"SNOQUALMIE, CITY OF (LAW ENFORCEMENT)",4270,"WA","SNOQUALMIE POLICE ASSOCIATION ","Dec 31, 2023",,,"PUBLIC"
"SNOQUALMIE, CITY OF (PUBLIC WORKS / IT)",4752,"WA","PUBLIC, PROFESSIONAL, & OFFICE-CLERICAL EMPLOYEES AND DRIVERS 763/TEAMSTERS (IBT) 763 ","Dec 31, 2021",,,"PUBLIC"
"SNOQUALMIE, CITY OF (WASTEWATER / PARKS)",4268,"WA","PUBLIC, PROFESSIONAL, & OFFICE-CLERICAL EMPLOYEES AND DRIVERS 763","Dec 31, 2026",,,"PUBLIC"
"SOCIETY OF PROFESSIONAL ENGINEERING EMPLOYEES IN AEROSPACE (SPEEA)",3870,"WA","OFFICE AND PROFESSIONAL EMPLS AFL-CIO (OPEIU) 8 /PUBLIC, PROFESSIONAL, & OFFICE-CLERICAL EMPLOYEES AND DRIVERS 763","Jun 30, 2023",,,"PRIVATE"
"SOLAR COMPOUNDS CORPORATION",870,"NJ","STEELWORKERS, AFL-CIO (USW) 4 397","Jul 31, 2021",,"20","PRIVATE"
"SOLAR TURBINES INC.",328,"CA SAN DIEGO","MACHINISTS AFL-CIO (IAM) 389","May 29, 2005","336412","1300","PRIVATE"
"SOLIDARITY CENTER",2189,"DC"," (WBNG) 32035","Sep 25, 2016",,,"PRIVATE"
"SOLUTIA CHEMICAL COMPANY (INDIAN ORCHARD PLANT)",3981,"MA","FOOD AND COMMERCIAL WKRS (UFCW) 414 C ","Sep 30, 2020",,,"PRIVATE"
"SOLVANG, CITY OF",4188,"CA","TEAMSTERS (IBT) 986 ","Jul 31, 2023",,,"PUBLIC"
"SOMERVILLE SCHOOL COMMITTEE",4562,"MA","AUTO WORKERS AFL-CIO (UAW) 1596 ","Jun 30, 2024",,,"PUBLIC"
"SONOMA COUNTY AND RELATED AGENCIES (GENERAL UNIT)",2980,"CA SONOMA CNTY","SERVICE EMPLOYEES (SEIU) 707 SONOMA CTY PUBLIC/PRIVATE EMPLS","Jun 30, 2008","921190","2355","PUBLIC"
"SONOMA COUNTY CA (GENERAL UNIT)",3072,"CA SONOMA CNTY","SERVICE EMPLOYEES (SEIU) 707 SONOMA CTY PUBLIC/PRIVATE EMPLS","Jun 30, 2008","921190","2000","PUBLIC"
"SONYMA: STATE OF NEW YORK MORTGAGE AGENCY",1930,"NY"," (UAW) 2110","Apr 30, 2011","813319","2771","PRIVATE"
"SOUTH BEND COMMUNITY SCHOOL CORP (TEACHERS)",3260,"IN SOUTH BEND"," (NEA) ","Aug 15, 2005",,,"PUBLIC"
"SOUTH DAKOTA BOARD OF REGENTS STATE COLLEGES (TEACHERS)",2783,"SD PIERRE"," (NEA) ","Jun 30, 2008","611310","1150","PUBLIC"
"SOUTH FLORIDA, UNIVERSITY BOARD OF TRUSTEES (GRAD ASSISTS)",2715,"FL TAMPA BAY"," (UFF) ","Jun 30, 2007","611310","1296","PUBLIC"
"SOUTH LAKE TAHOE, CITY OF (ADMINISTRATIVE)",4061,"CA","INTERNATIONAL UNION OF OPERATING ENGINEERS (IUOE) 39","Sep 30, 2023",,,"PUBLIC"
"SOUTH LAKE TAHOE, CITY OF (GENERAL PUBLIC WORKS)",4062,"CA","INTERNATIONAL UNION OF OPERATING ENGINEERS (IUOE) 39","Sep 30, 2023",,,"PUBLIC"
"SOUTH LAKE TAHOE, CITY OF (NON-SWORN POLICE)",4793,"CA","SOUTH LAKE TAHOE POLICE ASSOCIATION ","Sep 30, 2023",,,"PUBLIC"
"SOUTH LYON COMMUNITY SCHOOLS (MECHANICS)",4060,"MI","ENGINEERS, OPERATING, AFL-CIO (IUOE) 324 ","Aug 31, 2023",,,"PUBLIC"
"SOUTH LYON COMMUNITY SCHOOLS (MECHANICS)",4064,"MI","ENGINEERS, OPERATING, AFL-CIO (IUOE) 324 ","Aug 31, 2023",,,"PUBLIC"
"SOUTHEAST AREA TRANSIT DISTRICT (SEAT)",4663,"CT","TRANSIT UNION AFL-CIO (ATU) /TRANSIT UNION AFL-CIO (ATU) 1209","Jun 30, 2027","485113","74","PUBLIC"
"SOUTHEAST MISSOURI CONTRACTORS' ASSOCIATION",2240,"MO","LABORERS  (LIUNA) 1104/LABORERS  (LIUNA) 916","Feb 28, 2006",,,"PRIVATE"
"SOUTHEASTERN MICHIGAN CHAPTER NATIONAL ELECTRICAL CONTRACTORS ASSOCIATION INC.",1316,"MI","ELECTRICAL WORKERS IBEW AFL-CIO (IBEW) 58","Jun 26, 2004",,,"PRIVATE"
"SOUTHEASTERN PENNSYLVANIA TRANSPORTATION AUTHORITY",3439,"PA PHILADELPHIA","TRANSPORT WORKERS AFL-CIO (TWU) 234","Mar 14, 2005","485111","4700","PUBLIC"
"SOUTHEASTERN PENNSYLVANIA TRANSPORTATION AUTHORITY",3440,"PA","TRANSPORT WORKERS AFL-CIO (TWU) 234","Mar 14, 2009","485111","4700","PUBLIC"
"SOUTHERN CA CONTRACTORS (INDEPENDENTS)",1118,"CA SOUTHERN","PLUMBERS AFL-CIO (PPF) 16","Jun 30, 2008","23822","11000","PRIVATE"
"SOUTHERN CA DRYWALL FINISHERS",1311,"CA FULLERTON","PAINTERS AFL-CIO (PAT) 36","Sep 30, 2006","23831","1000","PRIVATE"
"SOUTHERN CA DRYWALL/LATHING MASTER AGMT",980,"CA SOUTHERN"," (UBC) SCCC","Jun 30, 2006","23831","1000","PRIVATE"
"SOUTHERN CA GENERAL CONTRACTORS",1117,"CA SOUTHERN","PLASTERERS AND CEMENT MASONS AFL-CIO (OPCM) 500","Jun 30, 2009","238140","1730","PRIVATE"
"SOUTHERN CA MAINTENANCE CONTRACTORS MARKET AGREEMENT",538,"CA SOUTHERN","SERVICE EMPLOYEES (SEIU) 1877","Feb 28, 2009","445110","1800","PRIVATE"
"SOUTHERN CA MECHANICAL CONTRACTORS ASSOCIATION",1119,"CA SOUTHERN","PLUMBERS AFL-CIO (PPF) 16","Jun 30, 2008","23822","11000","PRIVATE"
"SOUTHERN CALIFORNIA ASSOC. OF CIVIL ENGINEERS & LAND SURVEYORS",4190,"CA","ENGINEERS, OPERATING, AFL-CIO (IUOE) 12 ","Sep 30, 2025",,,"PRIVATE"
"SOUTHERN CALIFORNIA CONTRACTORS ASSOCIATION, INC.",2140,"CA","LABORERS  (LIUNA) 1184","Jun 30, 2018","237310",,"PRIVATE"
"SOUTHERN CALIFORNIA EDISON CO",526,"CA","ELECTRICAL WORKERS IBEW AFL-CIO (IBEW) 47","Dec 31, 2008","221210","1468","PRIVATE"
"SOUTHERN CALIFORNIA EDISON CO",527,"CA","UTILITY WORKERS AFL-CIO (UWU) 246","Jun 30, 2008","221210","1468","PRIVATE"
"SOUTHERN CALIFORNIA EDISON CO",528,"CA SOUTHERN","UTILITY WORKERS AFL-CIO (UWU) 246","Jun 30, 2008","221210","1468","PRIVATE"
"SOUTHERN CALIFORNIA EDISON CO.",477,"CA","ELECTRICAL WORKERS IBEW AFL-CIO (IBEW) 47","Dec 31, 2008","221210","4250","PRIVATE"
"SOUTHERN CALIFORNIA EDISON CO.",478,"CA","ELECTRICAL WORKERS IBEW AFL-CIO (IBEW) 47","Dec 31, 2005","221210","4250","PRIVATE"
"SOUTHERN CALIFORNIA EDISON CO.",479,"CA","ELECTRICAL WORKERS IBEW AFL-CIO (IBEW) 47","Dec 31, 2008","221210","4250","PRIVATE"
"SOUTHERN CALIFORNIA GAS CO.",489,"CA SOUTHERN"," (UWU, ICW) -","Dec 31, 2004","221210","5800","PRIVATE"
"SOUTHERN CALIFORNIA GENERAL CONTRACTORS",1148,"CA SOUTHERN","LABORERS  (LIUNA) 0 GEORGIA-SOUTH CAROLINA","Jun 30, 2006","23622","35000","PRIVATE"
"SOUTHERN CALIFORNIA GENERAL CONTRACTORS",2142,"CA SOUTHERN"," (LIUNA) CA SOUTHERN","Jun 30, 2018","237310",,"PRIVATE"
"SOUTHERN IDAHO CONTRACTORS GROUP, THE",3603,"ID"," (CJA) RC PACFIC NORTHWEST","May 31, 2019",,,"PUBLIC"
"SOUTHERN ILLINOIS BUILDERS ASSOCIATION",1718,"IL SOUTHERN, MO"," (UBC) DC GRTR ST LOUIS","May 6, 2008","23731","3000","PRIVATE"
"SOUTHERN ILLINOIS BUILDERS ASSOCIATION (BLDG DISTRICTS 7, 9)",1715,"IL SOUTHERN","LABORERS  (LIUNA) 0 SOUTHERN ILLINOIS","May 6, 2008","23622","2000","PRIVATE"
"SOUTHERN ILLINOIS BUILDERS ASSOCIATION & CONTR ASSOCIATION",1486,"IL SOUTHWEST","LABORERS  (LIUNA) 8 SOUTHWESTERN ILLINOIS","Jul 31, 2006","23731","4000","PRIVATE"
"SOUTHERN ILLINOIS BUILDERS ASSOCIATION & CONTRACTORS ASSOCIATION",1203,"IL","LABORERS - MASCOUTAH /  O'FALLON 670 / 742","Jul 31, 2022",,,"PRIVATE"
"SOUTHERN ILLINOIS BUILDERS ASSOCIATION & CONTRACTORS ASSOCIATION",1204,"IL","LABORERS- EAST ST. LOUIS 100","Jul 31, 2022",,,"PRIVATE"
"SOUTHERN ILLINOIS BUILDERS ASSOCIATION & CONTRACTORS ASSOCIATION",1205,"IL","LABORERS  (LIUNA) 397","Jul 31, 2022",,,"PRIVATE"
"SOUTHERN ILLINOIS CARBONDALE, BOARD OF TRUSTEES",2109,"IL","LABORERS  (LIUNA) 773","Aug 14, 2018","611310",,"PRIVATE"
"SOUTHERN NEVADA CEMENT MASONS",1887,"NV","PLASTERERS AND CEMENT MASONS AFL-CIO (OPCM) 797","Jun 30, 2012","238140","2176","PRIVATE"
"SOUTHERN NEVADA CEMENT PLASTERERS",1885,"NV","PLASTERERS AND CEMENT MASONS AFL-CIO (OPCM) 797","Jun 30, 2012","238140","2176","PRIVATE"
"SOUTHERN NEVADA CHAPTER OF NECA",957,"NV","ELECTRICAL WORKERS IBEW AFL-CIO (IBEW) 357","May 31, 2012","23821","1250","PRIVATE"
"SOUTHERN NEW ENGLAND TELECOMMUNICATIONS",438,"CT","COMMUNICATIONS WORKERS AFL-CIO (CWA) 1298 CT UNION OF TEL. WKRS.","Apr 4, 2009","517110","6000","PRIVATE"
"SOUTHLAKE COMMUNITY MENTAL HEALTH CENTER, INC. (REGIONAL)",4173,"IN","SERVICE EMPLOYEES (SEIU) 73 ","Sep 30, 2023",,,"PRIVATE"
"SOUTHWEST AIRLINES",4819,"NATIONAL","TRANSPORT WORKERS AFL-CIO (TWU) 556 AIR TRANSPORT SOUTHWEST AIRLINES FLIGHT ATTENDANTS","Apr 30, 2028","813930","21856","PRIVATE"
"SOUTHWEST AIRLINES CO.",2413,"TX","TRANSPORT WORKERS AFL-CIO (TWU) 222","Feb 18, 2021",,,"PRIVATE"
"SOUTHWEST AREA BUILDERS",2487,"MN","LABORERS  (LIUNA) 0 MINNESOTA-NORTH DAKOTA","Apr 30, 2019",,,"PRIVATE"
"SOUTHWEST LABORERS DISTRICT COUNCIL",1900,"NM"," (LIUNA) 154","Apr 30, 2010","212321","1252","PRIVATE"
"SOUTHWESTERN BELL TELEPHONE, L.P.",439,"DE, TX"," (CWA) ","Apr 4, 2009",,,"PRIVATE"
"SOUTHWESTERN LINE CONSTRUCTORS, NECA (OUTSIDE)",1095,"NM","ELECTRICAL WORKERS IBEW AFL-CIO (IBEW) 611","Jun 30, 2006","23821","1500","PRIVATE"
"SPARC",4335,"IL","SERVICE EMPLOYEES (SEIU) 73 ","Sep 30, 2023",,,"PRIVATE"
"SPENCER, TOWN OF  (TELECOMMUNICATORS)",4800,"MA","INTERNATIONAL BROTHERHOOD OF TEAMSTERS 170 ","Jun 30, 2023",,,"PUBLIC"
"SPENCER, TOWN OF (TOWN HALL CLERKS)",3942,"MA","TEAMSTERS (IBT) 170 ","Jun 30, 2023",,,"PUBLIC"
"SPENCER, TOWN OF (UTILITIES & FACILITIES UNIT)",3925,"MA","TEAMSTERS (IBT) 170 ","Jun 30, 2023",,,"PUBLIC"
"SPIRIT AEROSYSTEMS, INC.",2081,"KS","MACHINISTS AFL-CIO (IAM) 839","Jun 27, 2020","54171","1000","PRIVATE"
"SPOKANE CIVIC THEATRE",3890,"WA","MUSICIANS AFL-CIO (AFM) 105 ","Jun 30, 2023","711110",,"PRIVATE"
"SPRINGFIELD MASS TRANSIT (DISTRICT ACCESS)",4181,"IL","SERVICE EMPLOYEES (SEIU) 73 ","Jun 30, 2025",,,"PUBLIC"
"SPRINGFIELD PARTNERS FOR COMMUNITY ACTION",4876,"MA","AUTO WORKERS AFL-CIO (UAW) 2322 ","Jul 21, 2020",,,"PRIVATE"
"SPRINGFIELD SCHOOL COMMITTEE (TEACHERS)",3321,"MA SPRINGFIELD"," (NEA) SEA","Dec 30, 2001","611110","2050","PUBLIC"
"SPRINGFIELD SCHOOL DISTRICT - R-12 (TRANSPORTATION DEPARTMENT)",4081,"MO","TEAMSTERS (IBT) 245 ","Jun 30, 2021",,,"PUBLIC"
"SPRINGFIELD SCHOOL DISTRICT #186 (TEACHERS)",3427,"IL SPRINGFIELD"," (NEA) SEA","Aug 15, 2005","611110","1000","PUBLIC"
"SPRINGFIELD, CITY OF (PUBLIC UTILITIES)",3930,"IL","ENGINEERS, OPERATING, AFL-CIO (IUOE) 399 ","Sep 30, 2023",,,"PUBLIC"
"SPRINT-FLORIDA INC., SOUTH AREA",451,"FL","ELECTRICAL WORKERS IBEW AFL-CIO (IBEW) 199","Jul 1, 2005","517110","950","PRIVATE"
"SSP AMERICA",2545,"NV","CULINARY WORKERS UNION 226","Jun 1, 2023",,,"PRIVATE"
"SSP AMERICA (ORLANDO INTERNATIONAL AIRPORT)",4899,"FL","UNITE HERE  (UNITHE) 362 ","Oct 31, 2014",,,"PRIVATE"
"SSP AMERICA (ORLANDO INTERNATIONAL AIRPORT)",4898,"FL","UNITE HERE  (UNITHE) 362 ","Mar 31, 2025",,,"PRIVATE"
"ST. CHARLES COUNTY AMBULANCE DISTRICT(SCCAD)",4458,"MO","TEAMSTERS (IBT) 618 ","Dec 31, 2026",,,"PRIVATE"
"ST. CLOUD AREA BUILDERS",2496,"MN"," (LIUNA) ","Apr 30, 2019",,,"PRIVATE"
"ST. CROIX CHIPPING, LLC",4575,"ME","STEELWORKERS, AFL-CIO (USW) /STEELWORKERS, AFL-CIO (USW) 04 27 ","Sep 20, 2024",,,"PRIVATE"
"ST. JOHN'S RIVERSIDE HOSPITAL (ANDRUS PAVILION)",2498,"NY"," (SEIU) 1199","Oct 31, 2004",,,"PRIVATE"
"ST. JOHN'S RIVERSIDE HOSPITAL (PARK CARE PAVILION)",2499,"NY"," (SEIU) 1199","Oct 31, 2004",,,"PRIVATE"
"ST. LOUIS AUTO DEALERS ASSOCIATION",694,"MO ST LOUIS","MACHINISTS AFL-CIO (IAM) 9","Sep 30, 2007","441110","1500","PRIVATE"
"ST. LOUIS BOARD OF EDUCATION (TEACHERS)",3414,"MO ST LOUIS"," (AFT) 420","Jun 30, 2004","611110","4500","PUBLIC"
"ST. LOUIS SPECIAL SCHOOL DISTRICT (TEACHERS)",2653,"MO ST LOUIS"," (NEA) SDNEA","Jun 30, 2006","611110","2000","PUBLIC"
"ST. LUKE'S-ROOSEVELT HOSPITAL CENTER (RNS)",840,"NY NEW YORK","ANA/NYSNA -","Dec 31, 2004","62211","2000","PRIVATE"
"ST. LUKES-ROOSEVELT HOSPITAL CENTER",841,"NY"," (NURSES) NY STATE ASSOC.","Dec 31, 2010","62211","2000","PRIVATE"
"ST. MARYS CEMENT, INC (US)",2461,"MI","BOILERMAKERS AFL-CIO (BBF) 480 D CEMENT WORKERS","Apr 30, 2020",,,"PRIVATE"
"ST. PAUL GROCERY EMPLOYERS (MEAT & GROCERY)",630,"MN ST PAUL","FOOD AND COMMERCIAL WKRS (UFCW) 789","Mar 5, 2005","445110","5000","PRIVATE"
"ST. PAUL PUBLIC SCHOOLS INDEPENDENT SCHOOL DISTRICT 625 (TEACHERS ASSISTANTS)",2699,"MN"," (IBT) 320","Jun 30, 2006","611110","1000","PUBLIC"
"ST. PAUL PUBLIC SCHOOLS INDEPENDENT SCHOOL DISTRICT 625 (TEACHERS)",2807,"MN ST PAUL"," (AFT) SPFT 28","Jun 30, 2005","611110","2850","PUBLIC"
"ST. PAUL, CITY OF (PUBLIC WORKS)",4475,"MN","TEAMSTERS (IBT) 120 ","Dec 31, 2025",,,"PUBLIC"
"ST. PETERSBURG, CITY OF (BLUE COLLAR UNIT)",2899,"FL ST PETERSBG","SERVICE EMPLOYEES (SEIU) 1220 NAT'L CONFERENCE OF FIREMEN & OILER","Sep 30, 2008","921190","900","PUBLIC"
"ST. PETERSBURG, CITY OF (BLUE COLLAR UNIT)",2900,"FL","SERVICE EMPLOYEES (SEIU) 1220 NAT'L CONFERENCE OF FIREMEN & OILER","Sep 30, 2011","921190","1000","PUBLIC"
"ST. VINCENT MERCY MEDICAL CENTER (NURSING)",1915,"OH","AUTO WORKERS AFL-CIO (UAW) 12","Oct 24, 2009","922120","1100","PRIVATE"
"ST. VINCENT MERCY MEDICAL CENTER (SERVICE)",1914,"OH","AUTO WORKERS AFL-CIO (UAW) 12","Oct 24, 2009","922120","1100","PRIVATE"
"STAMFORD BOARD OF EDUCATION (TEACHERS)",3330,"CT STAMFORD"," (NEA) SEA","Jun 30, 2004","611110","1300","PUBLIC"
"STANDARD STEEL LLC",196,"PA BURNHAM","STEELWORKERS, AFL-CIO (USW) 10 1940 S","Apr 1, 2007","331111","900","PRIVATE"
"STANFORD HEALTH SERVICES (RNS)",847,"CA STANFORD"," (CRONA) -","Mar 31, 2007","62211","1100","PRIVATE"
"STANFORD HOSP.& CLINICS/ LUCILE PACKARD CHILDREN'S HOSP",1113,"CA","SERVICE EMPLOYEES (SEIU) 715","Nov 4, 2008","62211","1200","PRIVATE"
"STANFORD HOSP.& CLINICS/ LUCILE PACKARD CHILDREN'S HOSP",1114,"CA STANFORD","SERVICE EMPLOYEES (SEIU) 715","Nov 4, 2005","62211","1200","PRIVATE"
"STAR INCORPORATED",2406,"IL"," (CJA) RC CHICAGO","May 31, 2020",,,"PRIVATE"
"STATE BANK OF INDIA",1932,"NY"," (UAW) 2110","Jun 30, 2011","813319","1500","PRIVATE"
"STEAMBOAT SKI AND RESORT CORPORATION",3982,"CO","COMMUNICATIONS WORKERS AFL-CIO (CWA) 7781 UNITED PROFESSIONAL SKI PATROLS OF AMERICA/STEAMBOAT PROFESSIONAL SKI PATROL ASSOCIATION ","Aug 31, 2020",,,"PRIVATE"
"STEEL & IRON CONTRACTORS ASSOCIATION & CEA OF CLEVELAND",1593,"OH CLEVELAND","IRON WORKERS AFL-CIO (BSOIW) 17","Jul 31, 2004","23819","1300","PRIVATE"
"STEEL ERECTION AND CRANE RENTAL ASSOCIATION OF CENTRAL ALABAMA, INC.",4740,"AL","IRON WORKERS AFL-CIO (BSOIW) 92 ","Aug 31, 2027",,,"PRIVATE"
"STEEL ERECTORS (CHAPTER OF THE BUILDERS ASSOCIATION OF EASTERN OHIO & WESTERN PENNSYLVANIA)",3845,"OH, PA","IRON WORKERS AFL-CIO (BSOIW) 207 ","May 31, 2027",,,"PRIVATE"
"STEILACOOM, TOWN OF (PUBLIC SAFETY)",4131,"WA","TEAMSTERS (IBT) 117 ","Dec 31, 2022",,,"PUBLIC"
"STEVENS EXHIBITS",2407,"IL"," (CJA) RC CHICAGO","May 31, 2020",,,"PRIVATE"
"STOCKTON UNIFIED SCHOOL DISTRICT (GENERAL SERVICE)",2903,"CA STOCKTON","SEIU/CSEA CH 318","Jun 30, 2005","611110","1000","PUBLIC"
"STOCKTON UNIFIED SCHOOL DISTRICT (TEACHERS)",2904,"CA STOCKTON"," (NEA) STA","Aug 31, 2005","611110","2000","PUBLIC"
"STOP & SHOP",2245,"NJ","FOOD AND COMMERCIAL WKRS (UFCW) 464 A","Apr 19, 2003",,,"PRIVATE"
"STOP & SHOP (WAS GRAND UNION) (MEAT & SERVICE DEPT.)",567,"NJ","FOOD AND COMMERCIAL WKRS (UFCW) 464 A","Aug 18, 2007","445110","1050","PRIVATE"
"STOP & SHOP AND FIRST NATIONAL SUPERMARKETS, INC.",580,"NJ NY","FOOD AND COMMERCIAL WKRS (UFCW) 464 A","Nov 8, 2008","445120","1000","PRIVATE"
"STOP & SHOP STORES (W. MA CLERKS)",702,"MA","FOOD AND COMMERCIAL WKRS (UFCW) 1459","Feb 17, 2007","445110","2000","PRIVATE"
"STOP & SHOP SUPERMARKET CO (CLERKS)",631,"MA RI"," (UFCW) 3,281,445","Feb 17, 2007","445110","14400","PRIVATE"
"STOP & SHOP SUPERMARKET CO (MEAT, FISH, DELI, BAKE)",632,"CT, WESTRN MA","FOOD AND COMMERCIAL WKRS (UFCW) 371","Feb 14, 2004","445110","3300","PRIVATE"
"STOP & SHOP SUPERMARKET CO.",581,"NY","FOOD AND COMMERCIAL WKRS (UFCW) 464 A","Aug 18, 2007","445110","1000","PRIVATE"
"STOP & SHOP SUPERMARKET CO.",609,"NY","UFCW/RWDSU 338","Oct 7, 2006","445110","1500","PRIVATE"
"STOP & SHOP SUPERMARKET CO. (WAS EDWARDS)",600,"CT WESTERN MA","FOOD AND COMMERCIAL WKRS (UFCW) 371","Feb 17, 2007","445110","1875","PRIVATE"
"STOP & SHOP SUPERMARKET COMPANY (MOA)",660,"NJ NY","FOOD AND COMMERCIAL WKRS (UFCW) 1262","Apr 18, 2009","445110","5500","PRIVATE"
"STOP & SHOP SUPERMARKET COMPANY LLC",2168,"MA SOUTH DENNIS","FOOD AND COMMERCIAL WKRS (UFCW) 1500 UFCW UNION LOCAL 1500","Dec 30, 2017","445110",,"PRIVATE"
"STOP & SHOP SUPERMARKET COMPANY, LLC., THE",1134,"NY","FOOD AND COMMERCIAL WKRS (UFCW) 371","Aug 13, 2022",,"200","PRIVATE"
"STOP AND SHOP (WAS INDEPENDENT MEAT CONTRACT)",691,"NY","FOOD AND COMMERCIAL WKRS (UFCW) 342 050","Oct 25, 2007","445110","3400","PRIVATE"
"STOP AND SHOP SUPERMARKET",16,"MA NANTUCKET","FOOD AND COMMERCIAL WKRS (UFCW) 328","Feb 17, 2007","445110","1000","PRIVATE"
"STOP AND SHOP SUPERMARKET (CLERKS)",701,"CT","FOOD AND COMMERCIAL WKRS (UFCW) 919 UNITED FOOD&COMM. WORKERS LOCAL 919","Feb 17, 2007","445110","9250","PRIVATE"
"STOP AND SHOP SUPERMARKET (MEAT DEPT.)",692,"RI E MA"," (UFCW) 3,281,445","Feb 17, 2007","445110","2900","PRIVATE"
"STOP AND SHOP SUPERMARKET COMPANY, LLC",2206,"RI","FOOD AND COMMERCIAL WKRS (UFCW) 328","Feb 27, 2016",,,"PRIVATE"
"STOP& SHOP (WAS EDWARDS SUPER FOODS)",571,"NY","FOOD AND COMMERCIAL WKRS (UFCW) 1500 UFCW UNION LOCAL 1500","May 26, 2010","445110","1500","PRIVATE"
"STOP& SHOP (WAS EDWARDS SUPER FOODS)",572,"NY","FOOD AND COMMERCIAL WKRS (UFCW) 1500 UFCW UNION LOCAL 1500","Jun 24, 2006","445110","1500","PRIVATE"
"STORM LAKE, CITY OF (POLICE - DETECTIVES)",4191,"IA","TEAMSTERS (IBT) 554 ","Jun 30, 2023",,,"PUBLIC"
"STORYCORPS",3805,"NY","COMMUNICATIONS WORKERS AFL-CIO (CWA) 1180 ","Oct 20, 2022",,,"PRIVATE"
"STREATOR, CITY OF",4530,"IL","LABORERS  (LIUNA) 393 ","Sep 30, 2028",,,"PUBLIC"
"STRONG COVERING FACILITIES INC.",2555,"MN","TEAMSTERS (IBT) 638","May 31, 2022",,"9","PRIVATE"
"STRUCTURAL STEEL ERECTORS",1535,"NY"," (BSOIW) -","Jun 30, 2005","23661","2000","PRIVATE"
"STRUCTURAL STEEL ERECTORS",1536,"NY"," (IUOE) ","Jun 30, 2006",,,"PRIVATE"
"STUDENT ACTION WITH FARMWORKERS",2190,"DC"," (IUE/CWA) 83188","Jul 31, 2016",,,"PRIVATE"
"STUPP CORPORATION",3740,"LA","STEELWORKERS, AFL-CIO (USW) 09 6296 S ","Mar 11, 2023",,,"PRIVATE"
"STURBRIDGE, TOWN OF (FIREFIGHTERS)",3920,"MA","TEAMSTERS (IBT) 170 ","Jun 30, 2024",,,"PUBLIC"
"SUFFOLK COUNTY (BLUE COLLAR UNIT 6)",2997,"NY HAUPPAUGE"," (SCAME-1) ","Dec 31, 2003",,,"PUBLIC"
"SUFFOLK COUNTY (POLICE DEPARTMENT)",3048,"NY HAUPPAUGE"," (PBA-I) ","Dec 31, 2003","922120","1900","PUBLIC"
"SUFFOLK COUNTY (WHITE COLLAR UNIT 2)",2996,"NY HAUPPAUGE"," (SCAME-1) ","Dec 31, 2003",,,"PUBLIC"
"SUFFOLK COUNTY COMMUNITY COLLEGE (FACULTY)",2688,"NY HAUPPAUGE"," (AFT) FASCC","Aug 31, 2005","611210","1450","PUBLIC"
"SUGARCREEK BOROUGH (MAINTENANCE / CLERICAL)",3943,"PA","ELECTRICAL WORKERS IBEW AFL-CIO (IBEW) 2154 ","Apr 30, 2027",,,"PUBLIC"
"SULTAN, CITY OF (PUBLIC WORKS)",4341,"WA","PUBLIC, PROFESSIONAL, & OFFICE-CLERICAL EMPLOYEES AND DRIVERS 763/TEAMSTERS (IBT) 763 ","Dec 31, 2026",,,"PUBLIC"
"SUN CHEMICAL CORPORATION",2575,"NJ"," (GCC/IBT) 612M","May 31, 2019",,,"PRIVATE"
"SUNBURST PAPERS(WAS CHAMPION INTERNATIONAL)",130,"NC CANTON","UPIU/PACE 507","Aug 31, 2006","322121","1300","PRIVATE"
"SUNSET FOOD MART, INC.",2420,"IL","INDEPENDENT FOOD CLERKS ","Sep 12, 2015",,,"PRIVATE"
"SUPERFRESH (BALTIMORE DIVISION)",613,"MD","FOOD AND COMMERCIAL WKRS (UFCW) 27","Aug 4, 2012","445110","1875","PRIVATE"
"SUPERFRESH MARKETS, INC.",612,"MD BALTIMORE","FOOD AND COMMERCIAL WKRS (UFCW) 27","Mar 27, 2004","445110","1875","PRIVATE"
"SUPERFRESH MARKETS, INC.",640,"NJ PA","FOOD AND COMMERCIAL WKRS (UFCW) 56","Nov 1, 2008","445110","1050","PRIVATE"
"SUPERIOR EXHIBITS & DESIGN, INC",2408,"IL"," (CJA) RC CHICAGO","May 31, 2020",,,"PRIVATE"
"SUPERIOR TRUSS & PANEL, INC.",2405,"IL"," (CJA) RC CHICAGO","Mar 31, 2021",,,"PRIVATE"
"SUPERSTITION CRUSHING",2104,"AZ PHOENIX","ENGINEERS, OPERATING, AFL-CIO (IUOE) 0","Oct 23, 2016","212321",,"PRIVATE"
"SUPERSTITION CRUSHING, LLC",2105,"AZ","ENGINEERS, OPERATING, AFL-CIO (IUOE) 428","Oct 23, 2019",,"30","PRIVATE"
"SUPERSTITION CRUSHING, LLC",2600,"AZ","ENGINEERS, OPERATING, AFL-CIO (IUOE) 428","Oct 23, 2019","212321",,"PRIVATE"
"SUTTON, TOWN OF",4468,"MA","TEAMSTERS (IBT) 170 ","Jun 30, 2024",,,"PUBLIC"
"SWEDISH MEDICAL CENTER",760,"WA SEATTLE","SERVICE EMPLOYEES (SEIU) 1199 NW SEIU HEALTH CARE 1199 NORTHWEST","Jun 30, 2008","62211","1100","PRIVATE"
"SWEDISH MEDICAL CENTER",761,"WA SEATTLE","SERVICE EMPLOYEES (SEIU) 1199 NW SEIU HEALTH CARE 1199 NORTHWEST","Jun 30, 2015","62211","1100","PRIVATE"
"SWEDISH MEDICAL CENTER",873,"WA SEATTLE","SERVICE EMPLOYEES (SEIU) 1199 NW SEIU HEALTH CARE 1199 NORTHWEST","Mar 31, 2005","62211","1300","PRIVATE"
"SWEDISH MEDICAL CENTER (RN UNIT)",762,"WA","SERVICE EMPLOYEES (SEIU) 1199 NW SEIU HEALTH CARE 1199 NORTHWEST","Jun 30, 2011","62211","2000","PRIVATE"
"SWEDISH MEDICAL CENTER (SERVICE UNIT)",874,"WA","SERVICE EMPLOYEES (SEIU) 1199 NW SEIU HEALTH CARE 1199 NORTHWEST","Jun 30, 2011","62211","1300","PRIVATE"
"SWEDISH MEDICAL CENTER (TECHNICAL UNIT)",1783,"WA","SERVICE EMPLOYEES (SEIU) 1199 NW SEIU HEALTH CARE 1199 NORTHWEST","Jun 30, 2011","62211","1300","PRIVATE"
"SWIFT & COMPANY (WAS MONFORT INC.)",84,"KY LOUISVILLE","FOOD AND COMMERCIAL WKRS (UFCW) 227","Jun 25, 2006","311611","1100","PRIVATE"
"SWIFT AND CO.",887,"NE GRAND ISLAND","FOOD AND COMMERCIAL WKRS (UFCW) 22","Feb 28, 2010","311611","1800","PRIVATE"
"SYRACUSE AREA LANDMARK THEATRE",4382,"NY","STAGE AND PICTURE OPERATORS AFL-CIO (IATSE) 9 ","Jun 30, 2020",,,"PRIVATE"
"SYRACUSE CITY SCHOOL DISTRICT (TEACHERS)",3320,"NY SYRACUSE"," (NEA) STA - UNIT 1","Jun 30, 2006","611110","1075","PUBLIC"
"SYRSTONE, INC (SHOP)",3888,"NY","ENGINEERS, OPERATING, AFL-CIO (IUOE) 158 ","Jun 30, 2027",,,"PRIVATE"
"SYSTEMS UNLIMITED, INC.",2412,"IL"," (CJA) RC CHICAGO","May 31, 2019",,,"PRIVATE"
"T-SQUARE LOGISTIC SERVICES CORPORATION (SCOTT AFB)",4469,"IL","MACHINISTS AFL-CIO (IAM) 9 ","Mar 30, 2027",,,"PRIVATE"
"T3 EXPO",3954,"MA","PAINTERS AFL-CIO (PAT) 10 ","Jul 31, 2023",,,"PRIVATE"
"TACOMA HOUSING AUTHORITY (ADMIN STAFF)",4063,"WA","OFFICE AND PROFESSIONAL EMPLS AFL-CIO (OPEIU) 8 ","Jun 30, 2026",,,"PUBLIC"
"TACOMA HOUSING AUTHORITY (MAINTENANCE)",4271,"WA","WASHINGTON BUILDING AND CONSTRUCTION TRADES COUNCIL ","May 31, 2026",,,"PUBLIC"
"TACOMA MUNICIPAL COURT (COURT CLERK)",3674,"WA","ELECTRICAL WORKERS IBEW AFL-CIO (IBEW) 483","Dec 31, 2021",,,"PUBLIC"
"TACOMA PUBLIC LIBRARY",3675,"WA","TEAMSTERS 117","Dec 31, 2021",,,"PUBLIC"
"TACOMA PUBLIC LIBRARY",3676,"WA","WASHINGTON STATE COUNCIL OF COUNTY AND CITY EMPLOYEES (AFSCME) 120","Dec 31, 2022",,,"PUBLIC"
"TACOMA PUBLIC LIBRARY (LIBRARY EMPLOYEES)",3756,"WA","THE WASHINGTON STATE COUNCIL OF COUNTY AND CITY EMPLOYEES (AFSCME) 120","Dec 31, 2022",,,"PUBLIC"
"TACOMA PUBLIC LIBRARY (OFFICE STAFF)",3755,"WA","TEAMSTERS (IBT) 117 ","Dec 31, 2024",,,"PUBLIC"
"TACOMA SCHOOL DISTRICT 10 BOARD OF DIRECTORS (PROFESSIONALS)",3222,"WA TACOMA"," (NEA) TEA","Aug 31, 2005","611110","2300","PUBLIC"
"TACOMA, CITY OF",3743,"WA","PROFESSIONAL & TECHNICAL EMPLOYEES LOCAL 17 (PROTEC17) ","Dec 31, 2022",,,"PUBLIC"
"TACOMA, CITY OF (CLERICAL UNIT)",3650,"WA","ELECTRICAL WORKERS IBEW AFL-CIO (IBEW) 483","Dec 31, 2019",,,"PUBLIC"
"TACOMA, CITY OF (CLERICAL UNIT)",3745,"WA","ELECTRICAL WORKERS IBEW AFL-CIO (IBEW) 483 ","Dec 31, 2023",,,"PUBLIC"
"TACOMA, CITY OF (CLERICAL)",3666,"WA","ELECTRICAL WORKERS IBEW AFL-CIO (IBEW) 483","Dec 31, 2023",,,"PUBLIC"
"TACOMA, CITY OF (COURT CLERK)",3651,"WA","ELECTRICAL WORKERS IBEW AFL-CIO (IBEW) 483","Dec 31, 2018",,,"PUBLIC"
"TACOMA, CITY OF (COURT CLERKS)",3748,"WA","ELECTRICAL WORKERS IBEW AFL-CIO (IBEW) 483 ","Dec 31, 2025",,,"PUBLIC"
"TACOMA, CITY OF (CUSTODIAL & BUILDING MAINT.)",3710,"WA","ELECTRICAL WORKERS IBEW AFL-CIO (IBEW) 483","Dec 31, 2022",,,"PUBLIC"
"TACOMA, CITY OF (CUSTODIAL & MAINTENANCE)",3652,"WA","ELECTRICAL WORKERS IBEW AFL-CIO (IBEW) 483","Dec 31, 2019",,,"PUBLIC"
"TACOMA, CITY OF (CUSTODIAL)",3749,"WA","ELECTRICAL WORKERS IBEW AFL-CIO (IBEW) 483 ","Dec 31, 2022",,,"PUBLIC"
"TACOMA, CITY OF (CUSTOMER & FIELD SERVICES)",3751,"WA","ELECTRICAL WORKERS IBEW AFL-CIO (IBEW) 483 ","Dec 31, 2024",,,"PUBLIC"
"TACOMA, CITY OF (CUSTOMER FIELD SERVICE)",3667,"WA","ELECTRICAL WORKERS IBEW AFL-CIO (IBEW) 483","Dec 31, 2021",,,"PUBLIC"
"TACOMA, CITY OF (CUSTOMER SERVICE)",3653,"WA","ELECTRICAL WORKERS IBEW AFL-CIO (IBEW) 483","Dec 31, 2018",,,"PUBLIC"
"TACOMA, CITY OF (FIREFIGHTERS)",3668,"WA","TACOMA FIREFIGHTERS UNION 31","Dec 31, 2022",,,"PUBLIC"
"TACOMA, CITY OF (HUMAN RESOURCES)",3669,"WA","ELECTRICAL WORKERS IBEW AFL-CIO (IBEW) 483","Dec 31, 2022",,,"PUBLIC"
"TACOMA, CITY OF (PLANNING & DEVELOPMENT)",3670,"WA","PROFESSIONAL AND TECHNICAL EMPLOYEES 17","Dec 31, 2022",,,"PUBLIC"
"TACOMA, CITY OF (SEWER)",4189,"WA","TEAMSTERS (IBT) 313 ","Jan 1, 2025",,,"PUBLIC"
"TACOMA, CITY OF (SUPERVISORS)",3754,"WA","ELECTRICAL WORKERS IBEW AFL-CIO (IBEW) 483 ","Dec 31, 2021",,,"PUBLIC"
"TACOMA, CITY OF (TACOMA POWER)",3654,"WA","ELECTRICAL WORKERS IBEW AFL-CIO (IBEW) 483","Dec 31, 2021",,,"PUBLIC"
"TACOMA, CITY OF (TACOMA POWER)",3804,"WA","ELECTRICAL WORKERS IBEW AFL-CIO (IBEW) 483 ","Mar 31, 2021",,,"PUBLIC"
"TACOMA, CITY OF (VENUE AND EVENT)",3671,"WA","TEAMSTERS 117","Dec 31, 2021",,,"PUBLIC"
"TACOMA, CITY OF (VENUES & EVENTS)",3753,"WA","TEAMSTERS (IBT) 117 ","Dec 31, 2025",,,"PUBLIC"
"TACOMA, CITY OF (WASTEWATER)",3672,"WA","MACHINISTS AFL-CIO (IAM) 282","Dec 31, 2023",,,"PUBLIC"
"TACOMA, CITY OF (WATER POLLLUTION)",3655,"WA","ELECTRICAL WORKERS IBEW AFL-CIO (IBEW) 483","Dec 31, 2019",,,"PUBLIC"
"TACOMA, CITY OF (WATER POLLUTION)",3673,"WA","ELECTRICAL WORKERS IBEW AFL-CIO (IBEW) 483","Dec 31, 2022",,,"PUBLIC"
"TACOMA, CITY OF (WATER POLLUTION)",3752,"WA","ELECTRICAL WORKERS IBEW AFL-CIO (IBEW) 483 ","Dec 31, 2022",,,"PUBLIC"
"TACOMA, CITY OF (WATER UNIT)",3649,"WA","ELECTRICAL WORKERS IBEW AFL-CIO (IBEW) 483","Dec 31, 2018",,,"PUBLIC"
"TACOMA, CITY OF (WATERWASTE)",3744,"WA","MACHINISTS AFL-CIO (IAM) 160 /MACHINISTS AFL-CIO (IAM) 282 ","Dec 31, 2023",,,"PUBLIC"
"TACOMA, CITY OF (WATERWASTE)",3803,"WA","MACHINISTS AFL-CIO (IAM) 160 /MACHINISTS AFL-CIO (IAM) 282 ","Dec 31, 2023",,,"PUBLIC"
"TAKEACTION MINNESOTA",4606,"MN","COMMUNICATIONS WORKERS AFL-CIO (CWA) 37002 TWIN CITIES","Jun 30, 2027","813319","11","PRIVATE"
"TAKOMA PARK, CITY OF",4739,"MD","STATE COUNTY AND MUNI EMPLS AFL-CIO (AFSCME) 3 MARYLAND STATE & UNIVERSITY EMPLOYEES","Jun 30, 2026",,,"PUBLIC"
"TALBOT COUNTY BOARD OF EDUCATION (CERTIFIED STAFF)",4859,"MD","TALBOT COUNTY EDUCATION ASSOCIATION ","Jun 30, 2025",,,"PUBLIC"
"TALBOT COUNTY BOARD OF EDUCATION (SUPPORT STAFF)",4860,"MD","TALBOT COUNTY EDUCATION ASSOCIATION ","Jun 26, 25",,,"PUBLIC"
"TAMPA ELECTRIC CO. (MOA)",525,"FL TAMPA","ELECTRICAL WORKERS IBEW AFL-CIO (IBEW) 108","Mar 31, 2007","22112","950","PRIVATE"
"TAMPA, CITY OF (GENERAL UNIT)",2921,"FL TAMPA","TRANSIT UNION AFL-CIO (ATU) 1464","Sep 30, 2005","921190","1950","PUBLIC"
"TAYLOR FORGE ENGINEERED SYSTEMS, INC.",1800,"KS","BOILERMAKERS AFL-CIO (BBF) 83","Jun 30, 2010","316999","1000","PRIVATE"
"TCI: TECHNICAL CAREERS",1933,"NY"," (UAW) 2110","Oct 9, 2010","813319","2771","PRIVATE"
"TEACHERS COLLEGE, COLUMBIA UNIVERSITY",1934,"NY"," (UAW) 2110","Feb 29, 2012","813319","2771","PRIVATE"
"TEAM GHILOTTI (UNITED CONTRACTORS - MASTER AGREEMENT)/UNITED CONTRACTORS",4092,"CA","HEAVY, HIGHWAY, BUILDING AND CONSTRUCTION TEAMSTERS COMMITTEE FOR NORTHERN CALIFORNIA /TEAMSTERS (IBT) 315 ","Jun 30, 2026",,,"PRIVATE"
"TEAMSTERS LOCAL UNION 665",3686,"FL"," (IBT) 856","Oct 31, 2021",,,"PRIVATE"
"TEAMSTERS LOCAL UNION 964",2549,"OH","TEAMSTERS (IBT) 52","Mar 31, 2023","813930","1","PRIVATE"
"TECH READY MIX, INC.",4393,"OH","EXCAVATING, BUILDING MATERIAL, CONSTRUCTION DRIVERS, RACE TRACK EMPLOYEES, PUBLIC EMPLOYEES, MANUFACTURING, PROCESSING, ASSEMBLING AND INSTALLER EMPLOYEES 436/TEAMSTERS (IBT) 436 ","Apr 30, 2027",,,"PRIVATE"
"TECH SYSTEMS, INC.",2158,"GA","EROS LABORERS 1","Sep 30, 2021",,,"PRIVATE"
"TECHNICA, LLC",4610,"KY","MACHINISTS AFL-CIO (IAM) 2019 CAMPBELL LLG 2019  CLARKSVILLE TN.","Oct 31, 2027",,,"PRIVATE"
"TECHNICAL PRODUCTS, INC.",4363,"OH","TEAMSTERS (IBT) 507 ","Nov 30, 2028",,,"PRIVATE"
"TECNOCAP, LLC (GLENDALE)",4043,"WV","MACHINISTS AFL-CIO (IAM) 818 ","Aug 15, 2021",,,"PRIVATE"
"TECNOCAP, LLC (GLENDALE)",4044,"WV","STEELWORKERS, AFL-CIO (USW) 152 M ","Sep 30, 2019",,,"PRIVATE"
"TECUMSEH PRODUCTS CO.",239,"MI TECUMSEH","STEELWORKERS, AFL-CIO (USW) 02 2395","Oct 31, 2006","3334","1000","PRIVATE"
"TECUMSEH PRODUCTS CO., NEW HOLSTEIN OPNS",241,"WI NEW HOLSTN","MACHINISTS AFL-CIO (IAM) 1259","Jul 17, 2002","3334","1100","PRIVATE"
"TELEFLEX INCORPORATED",2382,"PA"," (USW/SEIU) ","Sep 23, 2018",,,"PRIVATE"
"TEMPERATURE SYSTEMS, INC. (TSI)",4312,"WI","TEAMSTERS (IBT) 662 ","Oct 31, 2026",,,"PRIVATE"
"TEMPLE UNIVERSITY (CLERICAL & OFFICE)",835,"PA PHILADELPHIA"," (NUHHCE) 1199C","Jun 30, 2006","61131","2200","PRIVATE"
"TEMPLE UNIVERSITY (FACULTY)",836,"PA PHILADELPHIA"," (AFT/TAUP) 4531","Oct 15, 2008","61131","1100","PRIVATE"
"TENNESSEE, UNIVERSITY OF - BATTELLE, LLC  (OAK RIDGE NATIONAL LABORATORY) CAS",4403,"TN","GUARDS IND (GUA) 3 ","Feb 28, 2029","611310","7","PUBLIC"
"TENNESSEE, UNIVERSITY OF - BATTELLE, LLC (OAK RIDGE NATIONAL LABORATORY) SPO",4404,"TN","GUARDS IND (GUA) 3 ","Feb 28, 2029","611310","75","PUBLIC"
"TEXAS IRON WORKERS EMPLOYERS' ASSOCIATION.",1024,"TX","IRON WORKERS AFL-CIO (BSOIW) 135/IRON WORKERS AFL-CIO (BSOIW) 263/IRON WORKERS AFL-CIO (BSOIW) 482/IRON WORKERS AFL-CIO (BSOIW) 66/IRON WORKERS AFL-CIO (BSOIW) 84","May 31, 2010","23819","2000","PRIVATE"
"TEXAS IRON WORKERS EMPLOYERS' ASSOCIATION.",1025,"TX NM OK KS"," (BSOIW) DC","May 31, 2004","23819","2000","PRIVATE"
"TEXTILE RENTAL SERVICES ASSOCIATION (LINEN & INDUSTR AGMT)",750,"CA","UNITE HERE 52","Jun 7, 2009","81232","3000","PRIVATE"
"TEXTILE RENTAL SERVICES ASSOCIATION (LINEN & INDUSTR AGMT)",751,"CA LOS ANGELES"," (LDC) 52","Jun 1, 2006","81232","3000","PRIVATE"
"THE CHILLICOTHE TELEPHONE COMPANY",2398,"OH","ELECTRICAL WORKERS IBEW AFL-CIO (IBEW) 578 LOCAL 578 CHILLICOTHE OHIO","Nov 15, 2020",,,"PRIVATE"
"THE GROVE, INC. DBA TGI",2344,"NV"," (CWU) 226","May 31, 2021",,,"PRIVATE"
"THE LA HOTEL-DOWNTOWN LA",3865,"CA","UNITE HERE  (UNITHE) 11 ","Nov 30, 2018",,,"PRIVATE"
"THE LEGAL AID SOCIETY OF COLUMBUS",4098,"OH","STATE COUNTY AND MUNI EMPLS AFL-CIO (AFSCME) 8 OHIO","May 31, 2024",,,"PRIVATE"
"THE ROCKHILL GROUP, INC. (USAF AIR & GROUND ISR TRAINING SUPPORT)",3935,"NM","MACHINISTS AFL-CIO (IAM) 2515 ","Sep 30, 2025",,,"PRIVATE"
"THE WESTIN BONAVENTURE HOTEL & SUITES",3855,"CA","UNITE HERE  (UNITHE) 11 ","Jun 30, 2023",,,"PRIVATE"
"THE WILDLIFE CONSERVATION SOCIETY - BRONX ZOO",3503,"NY","STATE COUNTY AND MUNI EMPLS AFL-CIO (AFSCME) 1501 NY ZOOLOGICAL SOCIETY","Dec 31, 2013","541114",,"PUBLIC"
"THE WILDLIFE CONSERVATION SOCIETY - CENTRAL PARK",3500,"NY","STATE COUNTY AND MUNI EMPLS AFL-CIO (AFSCME) 1501 NY ZOOLOGICAL SOCIETY","Dec 31, 2013","541114",,"PUBLIC"
"THE WILDLIFE CONSERVATION SOCIETY - FLUSHING MEADOWS/CORONA PARK",3501,"NY","STATE COUNTY AND MUNI EMPLS AFL-CIO (AFSCME) 1501 NY ZOOLOGICAL SOCIETY","Dec 31, 2013","541114",,"PUBLIC"
"THE WILDLIFE CONSERVATION SOCIETY - PROSPECT PARK",3502,"NY","STATE COUNTY AND MUNI EMPLS AFL-CIO (AFSCME) 1501 NY ZOOLOGICAL SOCIETY","Dec 31, 2013","541114",,"PUBLIC"
"THE WILDLIFE CONSERVATION SOCIETY - QUEENS ZOO, PROSPECT ZOO, AND CENTRAL PARK ZOO",3464,"NY","STATE COUNTY AND MUNI EMPLS AFL-CIO (AFSCME) 37 NEW YORK CITY","Dec 31, 2017","541114",,"PUBLIC"
"THERMAL CERAMICS, INC.",1801,"WA","BOILERMAKERS AFL-CIO (BBF) 83","Nov 14, 2010","316999","1000","PRIVATE"
"THOMAS S. BROWN ASSOCIATES, INC.",4486,"NY","ELECTRICAL WORKERS IBEW AFL-CIO (IBEW) 3 ","Jun 15, 2020",,,"PRIVATE"
"THOMSON MULTIMEDIA INC.",273,"IN , PA","ELECTRICAL WORKERS IBEW AFL-CIO (IBEW) 116/ELECTRICAL WORKERS IBEW AFL-CIO (IBEW) 241/ELECTRICAL WORKERS IBEW AFL-CIO (IBEW) 48","Apr 1, 2004","33431","1500","PRIVATE"
"THRIFTY PAYLESS, INC. - RITE AID (PHARMACIST)",4791,"CA","FOOD AND COMMERCIAL WKRS (UFCW) 5 ","Jul 9, 2025",,,"PRIVATE"
"THYSSENKRUPP ELEVATOR CORP. (TKE)",1785,"IL"," (IUEC) -","Jul 8, 2012","236220","1000","PRIVATE"
"THYSSENKRUPP, ETAL",1386,"NATIONAL"," (CWA/IUEC) INTERNATIONAL","Jul 8, 2007","23829","20000","PRIVATE"
"TILCON NEW YORK, INC.  - NORTH BERGEN ASPHALT PLANT CRAFT 750",4093,"NJ","ENGINEERS, OPERATING, AFL-CIO (IUOE) 825 ","Jul 31, 2026",,"4","PUBLIC"
"TILCON NEW YORK, INC. - ASPHALT CRAFT #53",4603,"NY","ENGINEERS, OPERATING, AFL-CIO (IUOE) 825 ","Jun 30, 2027",,"10","PUBLIC"
"TILCON NEW YORK, INC. - KEARNY RECYCLING CRAFT #52",4526,"NJ","ENGINEERS, OPERATING, AFL-CIO (IUOE) 825 ","May 31, 2027","212319","15","PRIVATE"
"TILCON NEW YORK, INC. - QUARRIES CRAFT #50",4527,"NY","ENGINEERS, OPERATING, AFL-CIO (IUOE) 825 ","May 31, 2027","212319","135","PRIVATE"
"TILE & MARBLE CONTRACTORS ASSOCIATION OF GREATER ST. LOUIS",2155,"NY NEW YORK"," (BAC) 18","Jun 30, 2019","23814","1700","PRIVATE"
"TILE AND MARBLE CONTRACTORS ASSOCIATION OF GREATER ST. LOUIS",2156,"MO","BRICKLAYERS AFL-CIO (BAC) 18","Jul 1, 2025",,,"PRIVATE"
"TILE AND MARBLE CONTRACTORS OF RHODE ISLAND",2393,"RI"," (BAC) 3","Aug 31, 2023",,,"PRIVATE"
"TIMKEN CO.",228,"OH"," (USW) 1123","Sep 25, 2017","332991","4000","PRIVATE"
"TIMKEN CO.",229,"OH"," (USW) 1123","Sep 25, 2017","332991","4000","PRIVATE"
"TIMKEN CO.",230,"OH"," (USW) 1123","Sep 25, 2017","332991","4000","PRIVATE"
"TIMKEN CO.",231,"OH"," (USW) 1123","Sep 25, 2009","332991","4000","PRIVATE"
"TIMKEN CO.",232,"OH"," (USW) 1123","Sep 25, 2009","332991","4000","PRIVATE"
"TIMKEN CO.",233,"OH"," (USW) 1123","Sep 25, 2009","332991","4000","PRIVATE"
"TIMKEN CO. (2 VOLUMES)",234,"OH","STEELWORKERS, AFL-CIO (USW) 1 112/STEELWORKERS, AFL-CIO (USW) 1 730","Sep 26, 2005","332991","4000","PRIVATE"
"TITEFLEX COMMERCIAL",4040,"MA","TEAMSTERS (IBT) 404 ","Mar 31, 2020",,,"PRIVATE"
"TJP MOTOR COMPANY, LLC DBA BILL WALSH FORD, LINCOLN, KIA",1344,"IL","MACHINISTS AFL-CIO (IAM) 701","Jun 30, 2022","4411","10","PRIVATE"
"TODD PACIFIC SHIPYARDS CORPORATION",367,"WA SEATTLE"," (MTC) -","Jul 31, 2005","336611","1300","PRIVATE"
"TODD PACIFIC SHIPYARDS CORPORATION",368,"WA"," (MTD) PACIFIC COAST PUGET SOUND","Jul 31, 2010","336611","4000","PRIVATE"
"TODD PACIFIC SHIPYARDS CORPORATION",1826,"WA","BOILERMAKERS AFL-CIO (BBF) 104","Jul 31, 2013","238390","1400","PRIVATE"
"TOLEDO BOARD OF EDUCATION",3656,"OH","STATE COUNTY AND MUNI EMPLS (AFSCME) 272, 349, 840, 2174, 2853/STATE COUNTY AND MUNI EMPLS AFL-CIO (AFSCME) 8 OHIO","Nov 30, 2003","611110","1650","PUBLIC"
"TOLEDO CITY SCHOOL DISTRICT BOARD OF EDUCATION (CLASSIFIED EMPLOYEES)",3421,"OH TOLEDO"," (AFSCME) 272, 349, 840, 2174,2853","Mar 31, 2006","611110","1650","PUBLIC"
"TOLEDO CITY SCHOOL DISTRICT BOARD OF EDUCATION (TEACHERS)",3212,"OH TOLEDO"," (AFT) 250","Mar 31, 2006","611110","2500","PUBLIC"
"TOLEDO METRO FEDERAL CREDIT UNION",3829,"OH","UNITED AUTOMOBILE, AEROSPACE, & AGRICULTURAL IMPLEMENT WORKERS OF AMERICA 12 ","Dec 31, 2025","522130","13","PRIVATE"
"TOLEDO, CITY OF (GENERAL UNIT)",2853,"OH TOLEDO"," (AFSCME) 7","Jun 30, 2005","921190","1000","PUBLIC"
"TOMS RIVER REGIONAL SCHOOL DISTRICT BOARD OF EDUCATIONTEACHERS)",3266,"NJ TOMS RIVER"," (NEA) TREA","Jun 30, 2005","611110","1500","PUBLIC"
"TOPEKA, BOARD OF EDUCATION, UNIFIED SCHOOL DISTRICT 501 (TEACHERS)",3372,"KS TOPEKA"," (NEA) NEA-T","Jul 31, 2004","611110","1200","PUBLIC"
"TOPPENISH, CITY OF (ADMINISTRATIVE / DEVELOPMENT / PUBLIC WORKS)",4344,"WA","TEAMSTERS (IBT) 760 ","Dec 31, 2023",,,"PUBLIC"
"TOPS MARKETS, LLC BUFFALO DIVISION",604,"NY BUFFALO"," (UFCW) 1","Apr 30, 2005","445110","6200","PRIVATE"
"TOPS MARKETS, LLC MIDSTATE DIVISION",603,"NY MIDSTATE"," (UFCW) 1","Apr 3, 2005","445110","1500","PRIVATE"
"TOPS MARKETS, LLC ROCHESTER DIVISION",605,"NY ROCHESTER"," (UFCW) 1","Aug 2, 2008","445110","1950","PRIVATE"
"TOPS MARKETS, LLC ROCHESTER DIVISION",606,"NY ROCHESTER"," (UFCW) 1","Aug 2, 2008","445110","1950","PRIVATE"
"TORRANCE LOGISTICS COMPANY, LLC.",3732,"CA","STEELWORKERS /STEELWORKERS (USW) 407","Apr 30, 2024",,,"PRIVATE"
"TORRENT RESOURCES INC.",2068,"AZ","ENGINEERS, OPERATING, AFL-CIO (IUOE) 428","Jul 31, 2018","238140","1000","PRIVATE"
"TOTES ISOTONER CORPORATION (SPANISH / ESPAÑOL VERSION)",4424,"OH","FOOD AND COMMERCIAL WKRS (UFCW) 664 C ","May 10, 2027",,,"PRIVATE"
"TOTES ISOTONER CORPORATION (SPANISH VERSION)",4423,"OH","FOOD AND COMMERCIAL WKRS (UFCW) 664 C ","May 10, 2027",,,"PRIVATE"
"TOWER AUTOMOTIVE (WAS A. O. SMITH CORP.)",302,"WI MILWAUKEE"," (IND) -","Jul 31, 2003","336322","2000","PRIVATE"
"TOYOTA OF RUNNEMEDE D/B/A FAMILY TOYOTA, INC.",2353,"NJ","UNITED SERVICE WORKERS UNION, IUJAT (USWU) 455","Jan 31, 2021",,,"PRIVATE"
"TRADE SHOW CONTRACTORS",2391,"WA"," (MTD) PACIFIC NORTHWEST REGIONAL COUNCIL","May 31, 2019",,,"PRIVATE"
"TRAINING, REHABILITATION AND CAREER EVALUATION",1975,"FORT HILL, OK","ENGINEERS, OPERATING, AFL-CIO (IUOE) 351","Aug 31, 2017","23731","2452","PRIVATE"
"TRAINING, REHABILITATION AND CAREER EVALUATION",1976,"FL","ENGINEERS, OPERATING, AFL-CIO (IUOE) 351","Aug 31, 2014","23731","2452","PRIVATE"
"TRAINING, REHABILITATION AND DEVELOPMENT INSTITUTE INC.",1974,"TX","ENGINEERS, OPERATING, AFL-CIO (IUOE) 351","Jun 30, 2014","23731","2452","PRIVATE"
"TRAINING, REHABILITATION AND DEVELOPMENT INSTITUTE INC.",1977,"TX SAN ANTONIO","ENGINEERS, OPERATING, AFL-CIO (IUOE) 351","Aug 31, 2013","23731","2452","PRIVATE"
"TRAINING, REHABILITATION AND DEVELOPMENT INSTITUTE INC.",1978,"TX SAN ANTONIO","ENGINEERS, OPERATING, AFL-CIO (IUOE) 351","Aug 31, 2017","23731","2452","PRIVATE"
"TRAINING, REHABILITATION AND DEVELOPMENT INSTITUTE INC.",1979,"TX SAN ANTONIO","ENGINEERS, OPERATING, AFL-CIO (IUOE) 351","Aug 31, 2012","23731","2452","PRIVATE"
"TRAINING, REHABILITATION AND DEVELOPMENT INSTITUTE INC.",1980,"TX SAN ANTONIO","ENGINEERS, OPERATING, AFL-CIO (IUOE) 351","Aug 31, 2011","23731","2452","PRIVATE"
"TRANE CO.",213,"WI","MACHINISTS AFL-CIO (IAM) 21","Aug 7, 2010","333415","1500","PRIVATE"
"TRANE CO.",254,"TN CLARKSVILLE","MACHINISTS AFL-CIO (IAM) 1296","Feb 10, 2006","333415","1300","PRIVATE"
"TRANE CO.",258,"TX TYLER"," (CWA/IUE) 86782","Jun 16, 2006","333415","1450","PRIVATE"
"TRANE CO. (INCLUDES ADDENDUM)",212,"WI LACROSSE","MACHINISTS AFL-CIO (IAM) 66","Aug 7, 2004","333415","1500","PRIVATE"
"TRANSDEV SERVICES, INC.",2075,"AZ","ENGINEERS, OPERATING, AFL-CIO (IUOE) 428","Jun 30, 2020","336332","1000","PRIVATE"
"TRANSDEV SERVICES, INC. (NORTH AMERICA)",4371,"CA","TRANSIT UNION AFL-CIO (ATU) 192 ","Jun 30, 2024",,"74","PRIVATE"
"TRANSDEV SERVICES, INC. RENTAL CAR CENTER BUS OPERATORS & AMBASSADORS",2352,"AZ","TRANSIT UNION AFL-CIO (ATU) 1433","Dec 31, 2021",,,"PRIVATE"
"TRANSDEV SERVICES, INC., PHOENIX DIVISION",2349,"AZ","TRANSIT UNION AFL-CIO (ATU) 1433","Jun 30, 2020",,,"PRIVATE"
"TRANSERVICE LOGISTICS INC. (LIQUID TRANSPORT DIVISION)",2260,"DE","TEAMSTERS (IBT) 326 GENERAL TEAMSTERS","Sep 30, 2018",,,"PRIVATE"
"TRANSIT MANAGEMENT OF ALEXANDRIA, INC.",3962,"VA","TRANSIT UNION AFL-CIO (ATU) 689 ","Jun 30, 2026",,,"PRIVATE"
"TRANSITION PROJECTS, INC.",4875,"OR","STATE COUNTY AND MUNI EMPLS AFL-CIO (AFSCME) 75 OREGON/STATE COUNTY AND MUNI EMPLS AFL-CIO (AFSCME) 88 MULTNOMAH COUNTY EMPLOYEES UNION","Oct 31, 2024",,,"PRIVATE"
"TRANSPORT WORKERS UNION LOCAL 568",4480,"FL","TEAMSTERS (IBT) 769 ","May 31, 2027",,"1","PRIVATE"
"TRELLEBORG SEALING SOLUTIONS",2506,"IL","PLASTIC WORKERS UNION 18","Jan 31, 2022",,"38","PRIVATE"
"TRENTON, BOARD OF EDUCATION (TEACHERS)",3023,"NJ TRENTON"," (NEA) ","Aug 31, 2004","611110","1200","PUBLIC"
"TRENTON, CITY OF (BLUE COLLAR)",2893,"NJ TRENTON"," (AFSCME) 2286","Dec 31, 2006","921190","1500","PUBLIC"
"TRI-COMMUNITY ACTION, INC.",4037,"MN","STATE COUNTY AND MUNI EMPLS AFL-CIO (AFSCME) 3628 TRI- COUNTY COMMUNITY ACTION PARTNERSHIP","Dec 31, 2017",,,"PRIVATE"
"TRI-COUNTRIES REGIONAL CENTER",2034,"CA","SERVICE EMPLOYEES (SEIU) 721","Dec 31, 2014","62211","69998","PRIVATE"
"TRI-COUNTY ELECTRIC COOPERATIVE, INC.",4538,"IL","ELECTRICAL WORKERS IBEW AFL-CIO (IBEW) 702 ","Jun 30, 2029",,,"PRIVATE"
"TRI-COUNTY METROPOLITAN TRANSPORTATION DISTRICT OF OREGON (DRIVERS & MACHINIST)",3444,"OR PORTLAND","TRANSIT UNION AFL-CIO (ATU) 757","Nov 30, 2003","485111","1800","PUBLIC"
"TRI-STATE CONSTRUCTIONS, INC.",1827,"NJ","BOILERMAKERS AFL-CIO (BBF) 104","Oct 1, 2009","238390","1000","PRIVATE"
"TRI-STATE CONTRACTORS",4893,"MULTIPLE","SERVICE EMPLOYEES (SEIU) 32 BJ MOTOR VEHICLE INSPECTORS DIVISION","Dec 31, 2027",,,"PRIVATE"
"TRI-STATE CONTRACTORS (SPANISH / ESPAÑOL VERSION)",4894,"MULTIPLE","SERVICE EMPLOYEES (SEIU) 32 BJ MOTOR VEHICLE INSPECTORS DIVISION","Dec 31, 2027",,,"PRIVATE"
"TRI-STATE CONTRACTORS ASSOCIATION (EAST KY BLDG AGREEMENT)",911,"KY","ENGINEERS, OPERATING, AFL-CIO (IUOE) 181","May 31, 2010","23731","2800","PRIVATE"
"TRI-STATE CONTRACTORS ASSOCIATION (EAST KY BLDG AGREEMENT)",912,"KY","ENGINEERS, OPERATING, AFL-CIO (IUOE) 181 ","May 31, 2005","23731","2800","PRIVATE"
"TRIANGLE BUILDING PRODUCTS CORP.",3896,"NY","CARPENTERS IND (CJA) NEW YORK CITY & VICINITY #4112","Sep 30, 2020",,,"PRIVATE"
"TRIANGLE BUILDING PRODUCTS CORPORATION",4045,"NY","CARPENTERS IND (CJA) NEW YORK CITY & VICINITY #4112","Sep 30, 2020",,,"PRIVATE"
"TRIBOROUGH BRIDGE & TUNNEL AUTHORITY",2001,"NY","STATE COUNTY AND MUNI EMPLS AFL-CIO (AFSCME) 37 NEW YORK CITY","Mar 2, 2010","921190","105904","PRIVATE"
"TRINITY WASHINGTON UNIVERSITY",4142,"DC","SERVICE EMPLOYEES (SEIU) 500 ","Jun 30, 2024",,,"PUBLIC"
"TRIUMPH COMPOSITE SOLUTIONS, INC.",2091,"VA","MACHINISTS AFL-CIO (IAM) 751","May 10, 2013","336411","1000","PRIVATE"
"TROPICANA PRODUCTS, INC.",75,"FL BRADENTON","TEAMSTERS (IBT) 173","Apr 14, 2006","311421","1700","PRIVATE"
"TRUCKEE MEADOWS WATER AGENCY",4242,"NV","ELECTRICAL WORKERS IBEW AFL-CIO (IBEW) 1245 ","Jun 30, 2021",,,"PRIVATE"
"TRUCKING MANAGEMENT, INC./TRANSPORT EMPLOYERS ASSOCIATION",2250,"PA","TEAMSTERS (IBT) 312","Mar 31, 2013",,,"PRIVATE"
"TRUMP RUFFIN COMMERCIAL LLC D/B/A TRUMP INTERNATIONAL HOTEL LAS VEGAS",2285,"NV"," (CWU) 226","Dec 30, 2020",,,"PRIVATE"
"TRUSERVICE GROUP",4510,"IL","STAGE AND PICTURE OPERATORS AFL-CIO (IATSE) 110 ","Dec 31, 2025","561320","16","PRIVATE"
"TRUSTED HAND SERVICE, INC.",2000,"FL"," (CWA) -","May 24, 2009","517110","1000","PRIVATE"
"TUBE ARTS DISPLAY",4681,"WA","ELECTRICAL WORKERS IBEW AFL-CIO (IBEW) 46 ","Aug 31, 2024",,,"PRIVATE"
"TUBE CITY IMS, LLC",2121,"PA GLASSPORT"," (USPFRMAE) 5852-19","Dec 31, 2018","327992",,"PRIVATE"
"TUCSON UNIFIED SCHOOL DISTRICT #1 AND COUNCIL 97 (BLUE COLLAR)",3193,"AZ TUCSON"," (AFSCME) ","Jun 30, 2005","611110","1100","PUBLIC"
"TUCSON UNIFIED SCHOOL DISTRICT GOVERNING BOARD",2976,"AZ TUCSON"," (NEA) TEA","Jun 30, 2008","611110","3200","PUBLIC"
"TUCSON UNIFIED SCHOOL DISTRICT GOVERNING BOARD (TEACHERS)",2975,"AZ TUCSON"," (NEA) TEA","Jun 30, 2007","611110","3200","PUBLIC"
"TUCSON UNIFIED SCHOOL DISTRICT GOVERNING BOARD (WHITE COLLAR)",2935,"AZ TUCSON"," (NEA) TEA","Jun 30, 2005","611110","1850","PUBLIC"
"TUKWILA, CITY OF  (POLICE SERGEANTS)",4757,"WA","TEAMSTERS (IBT) 117 ","Dec 31, 2024",,,"PUBLIC"
"TUKWILA, CITY OF (ADMINISTRATIVE / TECHNICAL)",3917,"WA","TEAMSTERS (IBT) 763 ","Dec 31, 2022",,,"PUBLIC"
"TUKWILA, CITY OF (ADMINISTRATIVE / TECHNICAL)",4756,"WA","TEAMSTERS (IBT) 763 ","Dec 31, 2025",,,"PUBLIC"
"TUKWILA, CITY OF (PROFESSIONAL / SUPERVISORY)",3918,"WA","TEAMSTERS (IBT) 763 ","Dec 31, 2022",,,"PUBLIC"
"TULSA COUNTY SCHOOL DISTRICT NO. 1",4861,"OK","AMERICAN FEDERATION OF TEACHERS (AFT) 6049/OKLAHOMA FEDERATION OF TEACHERS 6049","Jan 1, 2026",,,"PUBLIC"
"TULSA COUNTY SCHOOL DISTRICT NO. 1 (SPANISH / ESPAÑOL VERSION)",4862,"OK","AMERICAN FEDERATION OF TEACHERS (AFT) 6049/OKLAHOMA FEDERATION OF TEACHERS 6049","Jan 1, 2026",,,"PUBLIC"
"TULSA PUBLIC SCHOOLS (TEACHERS)",3121,"OK","TULSA CLASSROOM TEACHERS ASSOCIATION (TCTA-I) ","Aug 31, 2003","611110","2700","PUBLIC"
"TULSA, CITY OF (EMERGENCY COMMUNICATION)",4886,"OK","AMERICAN FEDERATION OF STATE, COUNTY AND MUNICIPAL EMPLOYEES (AFSCME) 1180","Jun 30, 2025",,,"PUBLIC"
"TULSA, CITY OF (FIRE DEPARTMENT)",4888,"OK","INTERNATIONAL ASSOCIATION OF FIREFIGHTERS (IAFF) 1762","Jun 30, 2025",,,"PUBLIC"
"TULSA, CITY OF (IT SERVICES)",4880,"OK","AMERICAN FEDERATION OF STATE, COUNTY AND MUNICIPAL EMPLOYEES (AFSCME) 1180","Jun 30, 2026",,,"PUBLIC"
"TULSA, CITY OF (LABOR & TRADES)",3128,"OK","AMERICAN FEDERATION OF STATE, COUNTY AND MUNICIPAL EMPLOYEES (AFSCME) 1180","Jun 30, 2004","921190","1000","PUBLIC"
"TULSA, CITY OF (LABOR AND TRADES)",4884,"OK","AMERICAN FEDERATION OF STATE, COUNTY AND MUNICIPAL EMPLOYEES (AFSCME) 1180","Jun 30, 2026",,,"PUBLIC"
"TULSA, CITY OF (OFFICE & ADMINISTRATIVE)",4883,"OK","AMERICAN FEDERATION OF STATE, COUNTY AND MUNICIPAL EMPLOYEES (AFSCME) 1180","Jun 30, 2026",,,"PUBLIC"
"TUNISTA LOGISTICS SOLUTIONS, LLC.",3687,"HI"," (USGOA) 369","Sep 30, 2024",,,"PRIVATE"
"TUNISTA SERVICES, INC. AND C. MARTIN COMPANY",3688,"AZ"," (IAM) 2515","Sep 30, 2024",,,"PRIVATE"
"TUNNEL AND SHAFT CONSTRUCTION AGREEMENT",1032,"NY","LABORERS  (LIUNA) 435","Mar 31, 2007",,,"PRIVATE"
"TURLOCK IRRIGATION DISTRICT",4632,"CA","ELECTRICAL WORKERS IBEW AFL-CIO (IBEW) 1245 ","Dec 31, 2027",,,"PRIVATE"
"TWIN CITIES ROOFING CONTRACTORS ASSOCIATION",1575,"MN MINNEAPOLIS","ROOFERS AFL-CIO (RWAW) 96","Apr 30, 2007","23816","1000","PRIVATE"
"TWIN RIVERS FEDERAL CREDIT UNION",4459,"NY","STEELWORKERS, AFL-CIO (USW) 4 420 A ","Jul 1, 2025",,,"PRIVATE"
"TWO CENTURY CENTRE (GROUND SUPPORT SERVICES)",3847,"IL","ENGINEERS, OPERATING, AFL-CIO (IUOE) 399 ","May 31, 2026",,,"PRIVATE"
"TWO HARBORS, CITY OF",4337,"MN","TEAMSTERS (IBT) 346 ","Dec 31, 2022",,,"PUBLIC"
"TYK AMERICA, INC",2123,"PA CLAIRTON"," (USPFRMAE) 5852-17","Jun 30, 2016","327120",,"PRIVATE"
"TYK AMERICA, INC.",2122,"CLAIRTON, PA","STEELWORKERS, AFL-CIO (USW) 10 5852 S","Jun 30, 2020",,,"PRIVATE"
"TYLER PIPE INDUSTRY",205,"TX TYLER","STEELWORKERS, AFL-CIO (USW) 12 1157 L","Nov 7, 2009","331210","1000","PRIVATE"
"TYNGSBOROUGH, TOWN OF (PATROL OFFICERS)",4306,"MA","NEW ENGLAND POLICE BENEVOLENT ASSOCIATION, INC. (NEPBA) 8","Jun 30, 2024",,,"PUBLIC"
"TYSON FOODS, INC.",83,"KY ROBARDS","FOOD AND COMMERCIAL WKRS (UFCW) 227","Oct 4, 2006","311611","1000","PRIVATE"
"TYSON FOODS, INC.",684,"VA GLEN ALLEN","FOOD AND COMMERCIAL WKRS (UFCW) 400","Nov 3, 2007","311615","1000","PRIVATE"
"TYSON FOODS/MCCARTY FARMS, INC.",78,"MS JACKSON","FOOD AND COMMERCIAL WKRS (UFCW) 1529","Dec 31, 2005","311615","1100","PRIVATE"
"TYSON FRESH MEAT (WAS IBP INC.)",72,"NE DAKOTA CITY","FOOD AND COMMERCIAL WKRS (UFCW) 222","Aug 9, 2009","311611","2800","PRIVATE"
"U.S. AIRWAYS",2092,"AZ"," (IAM) ","Jul 18, 2017","331111","1000","PRIVATE"
"U.S. BARGE, LLC",1828,"WA","BOILERMAKERS AFL-CIO (BBF) 104","Feb 29, 2012","238390","1000","PRIVATE"
"U.S. DEPARTMENT OF DEFENSE/UNITED STATES MILITARY ENTRANCE PROCESSING COMMAND (USMEPCOM)",4714,"IL","GOVERNMENT EMPLOYEES AFGE AFL-CIO (AFGE) 725 ","May 27, 2018",,,"PUBLIC"
"U.S. ENVIRONMENTAL PROTECTION AGENCY",3594,"DC","GOVERNMENT EMPLOYEES AFGE AFL-CIO (AFGE) 238","Aug 1, 2008",,,"PUBLIC"
"U.S. POSTAL SERVICE",3558,"DC","LETTER CARRIERS, NATL ASN, AFL-CIO (NALC) ","Jan 31, 2016","491110",,"PUBLIC"
"U.S. POSTAL SERVICE",3518,"DC","POSTAL WORKERS, AMERICAN, AFL-CIO (APWU) ","May 20, 2015","491110",,"PUBLIC"
"UA LOCAL 290/UA LOCAL 290 JOINT APPRENTICESHIP AND TRAINING COMMITTEE (JATC)/UA LOCAL 290 TRAINING CENTER",4659,"OR","SERVICE EMPLOYEES (SEIU) 49 ","Mar 31, 2027",,"3","PRIVATE"
"UCSF BENIOFF CHILDREN'S HOSPITAL  - OAKLAND (REGISTERED NURSES)",4148,"CA","CALIFORNIA NURSES ASSOCIATION (UNAFF) ","Jun 30, 2023",,,"PRIVATE"
"UCSF BENIOFF CHILDREN'S HOSPITAL - OAKLAND (RADIOLOGY)",4147,"CA","CAREGIVERS AND HEALTHCARE EMPLOYEES UNION /CALIFORNIA NURSES ASSOCIATION (UNAFF) ","Jun 30, 2023",,,"PRIVATE"
"UFCW INTERNATIONAL UNION",2192,"DC"," (WBNG) 32035","Oct 6, 2016",,,"PRIVATE"
"UG2  - (CARNEGIE MELLON UNIVERSITY - OAKLAND CAMPUS))",4805,"PA","SERVICE EMPLOYEES (SEIU) 32 BJ MOTOR VEHICLE INSPECTORS DIVISION","Dec 31, 2027",,,"PRIVATE"
"ULSTER, COUNTY OF (GENERAL UNIT)",3051,"NY KINGSTON","AFSCME/CSEA ","Dec 31, 2005",,"1100","PUBLIC"
"UMMMC: MEMORIAL, HAHNEMANN, HOME HEALTH & HOSPICE",2421,"MA","MASSACHUSETTS NURSES ASSOCIATION ","Jun 10, 2015",,,"PRIVATE"
"UNARCO MATERIAL HANDLING",4391,"TX","STEELWORKERS, AFL-CIO (USW) ","Jun 30, 2024","331221","120","PRIVATE"
"UNARCO MATERIAL HANDLING (SPANISH / ESPAÑOL VERSION)",4390,"TX","STEELWORKERS, AFL-CIO (USW) ","Jun 30, 2024","331221","120","PRIVATE"
"UNDERGROUND CONSTRUCTION COMPANY",2116,"CA BENICIA","ENGINEERS, OPERATING, AFL-CIO (IUOE) 428","Mar 20, 2017","237120",,"PRIVATE"
"UNDERGROUND CONSTRUCTION COMPANY, INC",4322,"CA","ENGINEERS, OPERATING, AFL-CIO (IUOE) 428 ","May 31, 2025",,,"PRIVATE"
"UNDERGROUND CONTRACTORS ASSOCIATION (SEWR & TUNNL-MARBA)",950,"IL CHICAGO","LABORERS  (LIUNA) 0 CHICAGO","May 31, 2006","23731","1300","PRIVATE"
"UNION CAMP CORP. FINE PAPER DIVISION",132,"VA FRANKLIN","UPIU/PACE -","Jun 30, 2006","322121","1250","PRIVATE"
"UNION CONCRETE AND CONSTRUCTION CORPORATION",4395,"NY","TEAMSTERS (IBT) 264 ","Mar 31, 2027",,,"PRIVATE"
"UNION CONTRACTORS & SUBCONTRACTORS ASSOCIATION",1635,"FL SOUTHEAST","LABORERS  (LIUNA) 478/LABORERS  (LIUNA) 767/LABORERS  (LIUNA) 800","Apr 30, 2006","23622","1500","PRIVATE"
"UNION ELECTRIC CO.",480,"MO ST LOUIS","ENGINEERS, OPERATING, AFL-CIO (IUOE) 148","Jul 1, 2007","221122","1200","PRIVATE"
"UNION GAP, CITY OF (OFFICE / CLERICAL)",4522,"WA","TEAMSTERS (IBT) 760 ","Dec 31, 2024",,,"PUBLIC"
"UNION ROOFING CONTRACTORS ASSOCIATION",4542,"CA","ROOFERS AFL-CIO (RWAW) 220 /ROOFERS AFL-CIO (RWAW) 36 ","Jul 31, 2026",,,"PRIVATE"
"UNION THEOLOGICAL SEMINARY",1935,"NY"," (UAW) 2110","Aug 31, 2010","813319","2771","PRIVATE"
"UNION, COUNTY OF (GENERAL UNIT)",3219,"NJ ELIZABETH"," (IFPTE) NJCSU CL 8","Dec 31, 2004","921190","1100","PUBLIC"
"UNITED ASSOCIATION OF PLUMBERS",4236,"MD","OFFICE AND PROFESSIONAL EMPLS AFL-CIO (OPEIU) 2 ","Oct 31, 2022",,,"PRIVATE"
"UNITED AUTO WORKERS (UAW) LOCAL 2164",4479,"KY","TEAMSTERS (IBT) 89 ","May 31, 2024",,,"PRIVATE"
"UNITED AUTO WORKERS (UAW) SENIOR CITIZEN CENTER, INC.",4589,"IL","OFFICE AND PROFESSIONAL EMPLS AFL-CIO (OPEIU) 9 ","Dec 31, 2024",,,"PRIVATE"
"UNITED BUILDERS & CONTRACTORS ASSOCIATION",876,"NV LAS VEGAS"," (CJA) SW RC","Jun 30, 2004","23622","5400","PRIVATE"
"UNITED COMMUNITY SERVICES FOR WORKING FAMILIES",2383,"PA","STEELWORKERS, AFL-CIO (USW) 10 6996 S","Oct 21, 2018",,,"PRIVATE"
"UNITED COMMUNITY SERVICES FOR WORKING FAMILIES",4599,"PA","STEELWORKERS, AFL-CIO (USW) 10 6996 S ","Oct 23, 2021",,,"PRIVATE"
"UNITED CONTRACTORS (GONSALVES & SANTUCCI, INC.)",2556,"CA"," (LIUNA) VARIOUS","Jun 30, 2023","238110","284","PRIVATE"
"UNITED DISTRIBUTORS OF DELAWARE, LLC",2254,"DE","TEAMSTERS (IBT) 326 GENERAL TEAMSTERS","Jul 1, 2020",,,"PRIVATE"
"UNITED ENVELOPE",2547,"NJ","TEAMSTERS (IBT) 807","Mar 31, 2022",,,"PRIVATE"
"UNITED FOOD & COMMERCIAL WORKERS LOCAL 227",4549,"KY","LABORERS  (LIUNA) 576 ","Oct 17, 2026",,"4","PRIVATE"
"UNITED FOOD AND COMMERCIAL WORKERS UNION, LOCAL 342",1125,"NY","OFFICE AND PROFESSIONAL EMPLS AFL-CIO (OPEIU) 153","Jan 15, 2020",,"14","PRIVATE"
"UNITED FOR A NEW ECONOMY (UNE)",2529,"CO","COMMUNICATIONS WORKERS AFL-CIO (CWA) 37074","Feb 28, 2021",,"4","PRIVATE"
"UNITED FURNITURE WORKERS INSURANCE FUND / PENSION FUND A",4019,"TN","MACHINISTS AFL-CIO (IAM) 735 /MACHINISTS AFL-CIO (IAM) SC 711 ","May 31, 2022",,"8","PRIVATE"
"UNITED GENERAL CONTRACTORS (12 SO. CA COUNTIES)",931,"CA SOUTHERN"," (UBC) SCCC","Jun 30, 2006","23622","16000","PRIVATE"
"UNITED HOSPITAL (ALLINA HOSPITALS & CLINICS)",758,"MN"," (MNA) ","May 31, 2007",,,"PRIVATE"
"UNITED MEMBERS INSURANCE, INC.",4373,"FL","TEAMSTERS (IBT) 79 ","Mar 18, 2029","524210","2","PRIVATE"
"UNITED PARCEL SERVICE",2479,"NATIONAL"," (IBT) ","Jul 31, 2018",,,"PRIVATE"
"UNITED PARCEL SERVICE (NATIONAL MASTER AGMT)",392,"NATIONAL"," (IBT) -","Jul 31, 2008","492110","210000","PRIVATE"
"UNITED PARCEL SERVICE (NATIONAL MASTER AGREEMENT)",2100,"NATIONAL"," (IBT) -","May 20, 2014","492110","210000","PRIVATE"
"UNITED PARCEL SERVICE TEAMSTERS",393,"NATIONAL"," (IBT) -","Jul 31, 2008","492110","210000","PRIVATE"
"UNITED POWER, INC.",3902,"CO","ELECTRICAL WORKERS IBEW AFL-CIO (IBEW) 111 ","Jul 31, 2025",,,"PRIVATE"
"UNITED STATES DEPARTMENT OF AGRICULTURE (RURAL DEVELOPMENT) - BUSINESS CENTER EMPLOYEES)",4725,"DC","GOVERNMENT EMPLOYEES AFGE AFL-CIO (AFGE) 3354 USDA","Oct 1, 2029",,,"PUBLIC"
"UNITED STATES MARITIME ALLIANCE LTD.",398,"EAST, GULF COASTS OF US"," (ILA) -","Sep 30, 2010","488320","16600","PRIVATE"
"UNITED STATES POSTAL SERVICE",3610,"DC"," (NALC) DC","Sep 20, 2019",,,"PUBLIC"
"UNITED STATES POSTAL SERVICE",4263,"DC","POSTAL WORKERS, AMERICAN, AFL-CIO (APWU) ","Sep 20, 2021",,,"PUBLIC"
"UNITED STATES POSTAL SERVICE",4686,"DC","POSTAL WORKERS, AMERICAN, AFL-CIO (APWU) ","Sep 20, 2018",,,"PUBLIC"
"UNITED STATES POSTAL SERVICE",4837,"DC","POSTAL WORKERS, AMERICAN, AFL-CIO (APWU) ","Sep 20, 2024",,,"PUBLIC"
"UNITED STATES POSTAL SERVICE",4895,"DC","POSTAL WORKERS, AMERICAN, AFL-CIO (APWU) ","Sep 20, 2027",,,"PUBLIC"
"UNITED STATES VIRGIN ISLANDS GOVERNMENT/VIRGIN ISLANDS ECONOMIC DEVELOPMENT AUTHORITY (USVIEDA)",3959,"VI","STEELWORKERS, AFL-CIO (USW) 09 8249 S ","Sep 30, 2023","926110","17","PUBLIC"
"UNITED TECHNOLOGIES CORP., PRATT & WHITNEY DIV",331,"CT","MACHINISTS AFL-CIO (IAM) 1746 A/MACHINISTS AFL-CIO (IAM) 1746 INDUSTRIAL AIRCRAFT LODGE 1746/MACHINISTS AFL-CIO (IAM) 700 CANEL/MACHINISTS AFL-CIO (IAM) 707","Dec 5, 2004","336412","4900","PRIVATE"
"UNITED TECHNOLOGIES CORP., SIKORSKY AIRCRAFT DIV",329,"CT FL","TEAMSTERS (IBT) 1150","Feb 19, 2006","336411","3600","PRIVATE"
"UNIVERSAL BUILDING MAINTENANCE",2046,"CA","SERVICE EMPLOYEES (SEIU) 1877","Feb 28, 2013","62211","26393","PRIVATE"
"UPS FREIGHT",2249,"VA"," (IBT) ","Jul 31, 2018",,,"PRIVATE"
"UPSTATE IRON WORKER EMPLOYERS' ASSOCIATION",1056,"NY NIAGARA FALLS","IRON WORKERS AFL-CIO (BSOIW) 12/IRON WORKERS AFL-CIO (BSOIW) 33/IRON WORKERS AFL-CIO (BSOIW) 440/IRON WORKERS AFL-CIO (BSOIW) 6/IRON WORKERS AFL-CIO (BSOIW) 60/IRON WORKERS AFL-CIO (BSOIW) 9","Apr 30, 2006","23819","1500","PRIVATE"
"URS FEDERAL SERVICE, INC. AND CHUGACH FEDERAL SOLUTIONS, INC.",2423,"NV","CULINARY WORKERS UNION/BARTENDERS UNION 226/165","Sep 30, 2023",,,"PRIVATE"
"URS FEDERAL SERVICES (AN AECOM COMPANY)",1050,"TN","AIR ENGINEERING METAL TRADES COUNCIL ","Jun 30, 2020",,"54","PRIVATE"
"US MAGNESIUM, LLC (ROWLEY PLANT)",4451,"UT","STEELWORKERS, AFL-CIO (USW) 12 8319 ","Jun 30, 2024",,,"PRIVATE"
"US STEEL CORP (SALARIED)",198,"PA"," (USW) 4134","Sep 1, 2012","331111","1250","PRIVATE"
"US STEEL CORP (SALARIED)",203,"NATIONAL"," (USW) -","Sep 1, 2008","331111","1800","PRIVATE"
"USS, DIVISION OF USX CORP.",202,"PA PITTSBURGH"," (USW) -","Aug 1, 2004","331111","12000","PRIVATE"
"UTAH MECHANICAL CONTRACTORS ASSOCIATION.",1640,"UT","PLUMBERS AFL-CIO (PPF) 19/PLUMBERS AFL-CIO (PPF) 348/PLUMBERS AFL-CIO (PPF) 57","Jul 31, 2007","23822","1200","PRIVATE"
"UTICA COMMUNITY SCHOOLS, BOARD OF EDUCATION (TEACHERS)",3297,"MI UTICA"," (NEA) UEA","Jun 30, 2004","611110","1250","PUBLIC"
"UTILITY & TRANSP. CONSTRUCTION ASN & AGC, NY",1627,"NJ","LABORERS  (LIUNA) 172/LABORERS  (LIUNA) 472","Feb 28, 2007",,,"PRIVATE"
"UTP PRODUCTIONS",4588,"MULTIPLE","STAGE AND PICTURE OPERATORS AFL-CIO (IATSE) 720 ","Dec 31, 2023","541940","300","PRIVATE"
"UTP PRODUCTIONS, INC",4573,"UT","STAGE AND PICTURE OPERATORS AFL-CIO (IATSE) 99 ","Jun 30, 2024","541940","200","PRIVATE"
"VALERO ENERGY",1981,"OK","ENGINEERS, OPERATING, AFL-CIO (IUOE) 351","Apr 30, 2016","23731","2438","PRIVATE"
"VALEX CORP",2516,"CA","BOILERMAKERS AFL-CIO (BBF) 67 M","Mar 17, 2021",,,"PRIVATE"
"VALLEJO CITY UNITED SCHOOL DISTRICT (TEACHERS)",3403,"CA VALLEJO"," (NEA) ","Jun 30, 2005","611110","1100","PUBLIC"
"VALLEY ASPHALT SHOP",3532,"OH CINCINNATI"," (VAPEA) ","Dec 31, 2018","423320",,"PUBLIC"
"VALLEY ELECTRIC COMPANY OF MOUNT VERNON, INC. DBA VALLEY ELECTRIC",4463,"WA","ELECTRICAL WORKERS IBEW AFL-CIO (IBEW) 89 ","Feb 15, 2027",,,"PRIVATE"
"VALLEY IMAGING PROFESSIONALS",3508,"MI","UTILITY WORKERS AFL-CIO (UWU) 542","Nov 30, 2017","321911","1000","PUBLIC"
"VALLEY MECHANICAL INSULATION",4024,"WA","INSULATORS AFL-CIO (HFIA) 73 ","Jul 31, 2023",,,"PRIVATE"
"VALSPAR CORPORATION ROCKFORD, ILLINOIS (THE)",2261,"IL","USPFRMEAISWIU 745L UNIT 02","Jan 25, 2019",,,"PRIVATE"
"VALUE ADDED PROCESSING",2118,"PA EAST PITTSBURGH"," (USPFRMAE) 5852-24","Dec 31, 2016","212299",,"PRIVATE"
"VANCOUVER HOUSING AUTHORITY",4221,"WA","PAINTERS AFL-CIO (PAT) 5 ","Mar 31, 2023",,"17","PUBLIC"
"VANCOUVER WA SCHOOL DISTRICT 37 (TEACHERS)",2646,"WA VANCOUVER"," (NEA) VEA","Aug 16, 2005","611110","1150","PUBLIC"
"VANDERBILT MINERAL, LLC (GOUVERNEUR MINERAL DIVISION)",4457,"NY","STEELWORKERS, AFL-CIO (USW) 4 420 A ","Jan 31, 2025",,,"PRIVATE"
"VARBROS, LLC.",4535,"OH","AUTO WORKERS AFL-CIO (UAW) 996 ","Oct 9, 2027","332119","93","PRIVATE"
"VECTRUS SYSTEMS CORPORATION",3689,"CO"," (IAM) 2771","Oct 20, 2024",,,"PRIVATE"
"VEIT & COMPANY, INC.",2507,"MN"," (LIUNA) ","Sep 18, 2014","237990",,"PRIVATE"
"VENTURA COUNTY COMMUNITY COLLEGE DISTRICT (FACULTY)",3398,"CA VENTURA"," (AFT) VCFCT 1828","Jun 30, 2004","611210","1600","PUBLIC"
"VENTURA, COUNTY OF (GENERAL UNIT)",3070,"CA VENTURA","SERVICE EMPLOYEES (SEIU) 998","Jun 30, 2007","921190","4100","PUBLIC"
"VEOLIA TRANSPORTATION",2095,"LA"," (TU) 1560","Jun 30, 2016","517110",,"PRIVATE"
"VEOLIA WATER",1982,"TX"," (AFT) 1400","Mar 31, 2015","517110",,"PRIVATE"
"VERIZON (N.E.,TELESECTOR RSRSC GRP & ADVNCD DATA)",426,"MA ME NH RI VT"," (IBEW) 10 LOCALS","Aug 2, 2003","517110","11000","PRIVATE"
"VERIZON (NEW JERSEY INC & VERIZON SERVICES CORP)",428,"NJ"," (CWA) ","Aug 2, 2003","517110","2750","PRIVATE"
"VERIZON (NJ INC & VERIZON SERVICES CORP) PLNT & ENGRG",427,"NJ","ELECTRICAL WORKERS IBEW AFL-CIO (IBEW) 827","Aug 2, 2003","517110","3750","PRIVATE"
"VERIZON (NY TELEPHONE CO. & TELESECTOR RSRCS GRP)",429,"NY","ELECTRICAL WORKERS IBEW AFL-CIO (IBEW) 2213","Aug 2, 2003","517110","35300","PRIVATE"
"VERIZON (NY TELEPHONE CO. & TELESECTOR RSRCS GRP)",431,"NY"," (CWA) 2213","Aug 2, 2003","517110","35300","PRIVATE"
"VERIZON (NY TELEPHONE CO. & TELESECTOR RSRCS GRP)",432,"NY"," (CWA) 2213","Aug 2, 2003","517110","35300","PRIVATE"
"VERIZON CALIFORNIA INC.",418,"CA"," (CWA) -","Mar 19, 2005","517110","10000","PRIVATE"
"VERIZON CALIFORNIA INC.",419,"CA"," (CWA) DS 9","Mar 31, 2010","517110","10000","PRIVATE"
"VERIZON CALIFORNIA INC.",420,"CA"," (CWA) DS 9","Mar 9, 2013","517110","10000","PRIVATE"
"VERIZON DELAWARE INC. (VERIZON SERVICES CORP.)",5,"DE","COMMUNICATIONS WORKERS AFL-CIO (CWA) 13101 UNITED TELEPHONE WORKERS OF DE","Aug 2, 2008","517110","1000","PRIVATE"
"VERIZON DELAWARE INC. (VERIZON SERVICES CORP.)",7,"DE","COMMUNICATIONS WORKERS AFL-CIO (CWA) 13100 DIAMOND STATE TELEPHONE COMMERCIAL","Aug 2, 2008","517110","1000","PRIVATE"
"VERIZON FLORIDA INC",414,"FL","ELECTRICAL WORKERS IBEW AFL-CIO (IBEW) 824","Jul 30, 2005","517110","5900","PRIVATE"
"VERIZON FLORIDA INC",415,"FL","ELECTRICAL WORKERS IBEW AFL-CIO (IBEW) 824","Jul 31, 2010","517110","5900","PRIVATE"
"VERIZON FLORIDA INC. (NORTH CENTRAL REGION)",397,"IL IN OH MI WI"," (CWA) 4","Feb 13, 2010","517110","3300","PRIVATE"
"VERIZON HAWAII",446,"HI","ELECTRICAL WORKERS IBEW AFL-CIO (IBEW) 1357","Sep 1, 2007","517110","1350","PRIVATE"
"VERIZON NORTH INC. (INDIANA)",448,"IN","ELECTRICAL WORKERS IBEW AFL-CIO (IBEW) 723","Nov 4, 2006","517110","1000","PRIVATE"
"VERIZON NORTH INC. (MID- ATLANTIC REG)",413,"FL","ELECTRICAL WORKERS IBEW AFL-CIO (IBEW) 1451/ELECTRICAL WORKERS IBEW AFL-CIO (IBEW) 1635/ELECTRICAL WORKERS IBEW AFL-CIO (IBEW) 1637","Jul 30, 2005","517110","1400","PRIVATE"
"VERIZON NORTH INC. (MID- ATLANTIC REG) (WAS GTE NORTH)",412,"PA","ELECTRICAL WORKERS IBEW AFL-CIO (IBEW) 1451/ELECTRICAL WORKERS IBEW AFL-CIO (IBEW) 1635/ELECTRICAL WORKERS IBEW AFL-CIO (IBEW) 1637/ELECTRICAL WORKERS IBEW AFL-CIO (IBEW) 1994","Oct 23, 2004","517110","1400","PRIVATE"
"VERIZON NORTH INC. (NORTH CENTRAL REGION)",396,"OH"," (CWA) -","Jan 29, 2005","517110","3300","PRIVATE"
"VERIZON NORTH INC. (NORTH CENTRAL REGION)",411,"OH","ELECTRICAL WORKERS IBEW AFL-CIO (IBEW) 1106","Mar 25, 2006",,,"PRIVATE"
"VERIZON NORTH INC. (NORTH CENTRAL REGION)",726,"OH","ELECTRICAL WORKERS IBEW AFL-CIO (IBEW) 986","Oct 22, 2005","517110","1400","PRIVATE"
"VERIZON NORTHWEST INC.",440,"OR WA","ELECTRICAL WORKERS IBEW AFL-CIO (IBEW) 89","May 28, 2005","517110","2200","PRIVATE"
"VERIZON NORTHWEST INC.",441,"OR","ELECTRICAL WORKERS IBEW AFL-CIO (IBEW) 89","May 22, 2010","517110","2200","PRIVATE"
"VERIZON NY (COMMERCE & TELESECTR GRP-DWNSTATE)",430,"NY"," (CWA) DISTRICT 1","Aug 2, 2008","517110","6000","PRIVATE"
"VERIZON PA & VERIZON SERVICES CORP (WAS BELL ATL)",408,"PA","ELECTRICAL WORKERS IBEW AFL-CIO (IBEW) 1944","Aug 2, 2003","517110","1300","PRIVATE"
"VERIZON PENNSYLVANIA INC. (VERIZON SERVICES CORP.)",406,"PA"," (CWA/PTG) 13500","Aug 2, 2008","517110","2750","PRIVATE"
"VERIZON PENNSYLVANIA INC. (VERIZON SERVICES CORP.)",407,"PA","COMMUNICATIONS WORKERS AFL-CIO (CWA) 13000","Aug 2, 2008","517110","8000","PRIVATE"
"VERIZON SOUTHWEST INC",416,"TX","COMMUNICATIONS WORKERS AFL-CIO (CWA) 6171","Aug 15, 2004","517110","3000","PRIVATE"
"VERIZON SOUTHWEST INC",417,"TX","COMMUNICATIONS WORKERS AFL-CIO (CWA) 6171","Feb 27, 2010","517110","3000","PRIVATE"
"VERIZON WASHINGTON DC INC ( 8 OTHERS)",409,"DC, MD, VA, WV"," (CWA) -","Aug 2, 2008","517110","3000","PRIVATE"
"VERMONT STATE (NON-MANAGEMENT UNIT)",33,"VT MONTPELIER"," (VTSEA-I) ","Jun 30, 2005","921190","4250","PRIVATE"
"VERNON BOARD OF EDUCATION (CAFETERIA WORKERS)",4165,"CT","FOOD AND COMMERCIAL WKRS (UFCW) 919 UNITED FOOD&COMM. WORKERS LOCAL 919","Jun 30, 2026",,,"PUBLIC"
"VERTEX AEROSPACE, LLC.",4026,"AL","MACHINISTS AFL-CIO (IAM) 160 ","Aug 18, 2023",,,"PRIVATE"
"VIA METROPOLITAN TRANSIT (SAN ANTONIO TEXAS)",3410,"TX"," (ATU) 694","Jul 31, 2002",,"1000","PUBLIC"
"VICEROY SANTA MONICA HOTEL DBA VHG SANTA MONICA LLC",3872,"CA","UNITE HERE  (UNITHE) 11 ","Jun 30, 2023","721110","84","PRIVATE"
"VIGOR MARINE LLC",1829,"WA","BOILERMAKERS AFL-CIO (BBF) 104","Dec 31, 2011","238390","1000","PRIVATE"
"VILLAGE VOICE",2165,"NY"," (UAW) 2110","Jun 30, 2011","813319","2771","PRIVATE"
"VIRGIN HOTEL",4516,"IL","ENGINEERS, OPERATING, AFL-CIO (IUOE) 399 ","Jun 30, 2029",,,"PRIVATE"
"VIRGIN ISLANDS TELEPHONE CORPORATION DBA VIYA",4411,"VI","STEELWORKERS, AFL-CIO (USW) 09 8545 S /STEELWORKERS, AFL-CIO (USW) 09 8713 S ","Sep 30, 2024",,,"PRIVATE"
"VIRGINIA DEMOCRATIC PARTY",4105,"VA","FOOD AND COMMERCIAL WKRS (UFCW) 400 ","Dec 31, 2022","813940","8","PUBLIC"
"VISHAY MILWAUKEE RESISTOR",1216,"WI","MACHINISTS AFL-CIO (IAM) 10","Aug 17, 2022","334415","16","PRIVATE"
"VISHAY MILWAUKEE RESISTOR",3779,"WI","MACHINISTS AFL-CIO (IAM) 10 ","Aug 17, 2025",,,"PRIVATE"
"VISITING NURSE ASSOCIATION (CLEVELAND)",3767,"OH","TEACHERS AFL-CIO (AFT) OHIO NURSES ASSOCIATION -- VISITING NURSE","Apr 15, 2025",,,"PRIVATE"
"VISITING NURSE ASSOCIATION OF ENGLEWOOD",4769,"CA","HEALTH PROFESSIONALS & ALLIED EMPLOYEES /TEACHERS AFL-CIO (AFT) ","Oct 31, 2024",,,"PRIVATE"
"VISITING NURSES ASSOCIATION HEALTH GROUP OF NEW JERSEY, LLC/VNA HEALTH GROUP OF NEW JERSEY, LLC",4770,"NJ","TEACHERS AFL-CIO (AFT) 5107 HEALTH PROFESSIONALS & ALLIED EMPLOYEES AFT","Oct 31, 2024",,,"PRIVATE"
"VISTEON CORPORATION",1954,"IN CONNERSVILLE","AUTO WORKERS AFL-CIO (UAW) 892","Sep 29, 2010","3363","1000","PRIVATE"
"VISTEON SYSTEMS LLC (WAS FORD ELCTR & RFRG CORP)",238,"IN CONNERSVILLE"," (IUE) 919","Jun 30, 2005","336391","3200","PRIVATE"
"VOLUME SERVICES, INC. DBA CENTERPLATE",2583,"NV","CULINARY WORKERS UNION/BARTENDERS UNION 226/165","Aug 31, 2022",,,"PRIVATE"
"VOLUSIA COUNTY, SCHOOL BOARD OF",3115,"FL DELAND","FEA, AFT, NEA, AFL-CIO VTO","Jun 1, 2009","611110","3800","PUBLIC"
"VOLUSIA COUNTY, SCHOOL BOARD OF (NONINSTRUCT)",3438,"FL DELAND"," (AFSCME) 850","Jun 30, 2006","611110","1750","PUBLIC"
"VOLUSIA COUNTY, SCHOOL BOARD OF (OFFICE)",3116,"FL DELAND"," (VESA (I)) ","Jun 30, 2012","611110","3800","PUBLIC"
"VOLUSIA COUNTY, SCHOOL BOARD OF (OFFICE)",3363,"FL DELAND"," (VESA (I)) ","Jun 30, 2006","611110","1730","PUBLIC"
"VOLUSIA COUNTY, SCHOOL BOARD OF (SUPPORT)",3362,"FL DELAND"," (VESA (I)) ","Feb 14, 2013","611110","1730","PUBLIC"
"VOLUSIA COUNTY, SCHOOL BOARD OF (TEACHERS)",3113,"FL DELAND"," (VESA (I)) ","Feb 14, 2013","611110","3800","PUBLIC"
"VOLUSIA COUNTY, SCHOOL BOARD OF (TEACHERS)",3114,"FL DELAND"," (AFT) VTO","Jun 30, 2006","611110","3800","PUBLIC"
"VOLVO TRUCKS NORTH AMERICA INC, NEW RIVER VALLEY PLANT",347,"VA","AUTO WORKERS AFL-CIO (UAW) 2069","Mar 16, 2011","336211","2500","PRIVATE"
"VOUGHT AIRCRAFT CO./NORTHROP GRUMMAN (WAS LTV)",24,"TX","AUTO WORKERS AFL-CIO (UAW) 848","Sep 26, 2004","336411","2700","PRIVATE"
"VOUGHT AIRCRAFT INDUSTRIES",25,"TX","AUTO WORKERS AFL-CIO (UAW) 848","Sep 29, 2013","336411","2700","PRIVATE"
"VOUGHT AIRCRAFT INDUSTRIES",26,"TX","AUTO WORKERS AFL-CIO (UAW) 848","Oct 3, 2010","336411","2700","PRIVATE"
"VULCAN MATERIALS CO., WEST REGION ARIZONA",2059,"AZ","ENGINEERS, OPERATING, AFL-CIO (IUOE) 428","Dec 10, 2016","23731","1500","PRIVATE"
"W J MISCH EXCAVATING (RESIDENTIAL EXCAVATING & DITCHING)",3834,"IN","ENGINEERS, OPERATING, AFL-CIO (IUOE) 150 ","Apr 30, 2023",,,"PRIVATE"
"WABASH VALLEY CONTRACTORS ASSOCIATION",1721,"IL SE"," (IBT) IL CONF","Apr 30, 2006","23731","1000","PRIVATE"
"WACHUSETT REGIONAL SCHOOL DISTRICT",4548,"MA","TEAMSTERS (IBT) 170 ","Jun 30, 2024",,"197","PUBLIC"
"WALASHEK INDUSTIAL AND MARINE",4615,"WA","BOILERMAKERS AFL-CIO (BBF) 104 ","Nov 25, 2027","336611","13","PRIVATE"
"WALASHEK INDUSTRIAL AND MARINE",2367,"WA","BOILERMAKERS AFL-CIO (BBF) 104","Jul 31, 2018",,,"PRIVATE"
"WALASHEK INDUSTRIAL AND MARINE",2604,"WA","BOILERMAKERS AFL-CIO (BBF) 104/ELECTRICAL WORKERS IBEW AFL-CIO (IBEW) 46","Jul 31, 2009","238390","1000","PUBLIC"
"WALASHEK INDUSTRIAL MARINE",1830,"IL","BOILERMAKERS AFL-CIO (BBF) 104","Jul 31, 2009","238390",,"PRIVATE"
"WALASHEK INDUSTRIAL MARINE",1831,"IL","BOILERMAKERS AFL-CIO (BBF) 104","Jul 31, 2012","238390","1000","PRIVATE"
"WALDBAUM'S AND FOOD EMPORIUM",657,"NY","UFCW/RWDSU 338","Oct 7, 2006","445110","8600","PRIVATE"
"WALDBAUM'S SUPERMARKETS, INC. (MEAT DEPT.)",579,"NY","FOOD AND COMMERCIAL WKRS (UFCW) 342 050","Oct 22, 2003","445110","1600","PRIVATE"
"WALDORF ASTORIA MANAGEMENT",2102,"AZ","ENGINEERS, OPERATING, AFL-CIO (IUOE) 428","Mar 16, 2023",,,"PRIVATE"
"WALDORF-ASTORIA MANAGEMENT",2103,"AZ PHOENIX","ENGINEERS, OPERATING, AFL-CIO (IUOE) 0","Mar 16, 2019","561110",,"PRIVATE"
"WALKER, CITY OF (POLICE DEPARTMENT)",4328,"MN","TEAMSTERS (IBT) 346 ","Jun 30, 2026",,,"PUBLIC"
"WALL & CEILING CONTRACTORS/AGC OH",1047,"OH DAYTON"," (UBC) OH & VC RCC","May 31, 2005","23831","1200","PRIVATE"
"WALLS & CEILINGS CONTRACTORS ASSOCIATION OF GREATER CINCINNATI",1363,"OH SW, KY NO"," (UBC) OH RC","Jun 30, 2004","23831","2000","PRIVATE"
"WALLS BROS. ASPHALT COMPANY",2230,"OH"," (WBAIWA) ","Dec 31, 2019",,,"PRIVATE"
"WALSINGHAM GROUP, INC. (SHEPPARD AIR FORCE BASE)",4412,"TX","MACHINISTS AFL-CIO (IAM) 2771 /MACHINISTS AFL-CIO (IAM) 776 ","Aug 7, 2027","493190",,"PRIVATE"
"WALT DISNEY PARKS AND RESORTS U.S. (FULL TIME)",2449,"FL"," (STCU) ","Sep 21, 2019",,,"PRIVATE"
"WALT DISNEY PARKS AND RESORTS U.S. (PART TIME)",2450,"FL"," (STCU) ","Sep 21, 2019",,,"PRIVATE"
"WALT DISNEY WORLD CO.",805,"FL LAKE BUENA"," (STCU) UNITE HERE 737","Apr 28, 2007","71311","18500","PRIVATE"
"WARNER BROTHER RECORDS, ETAL.",817,"NATIONAL"," (AFM) -","Jan 31, 2005",,,"PRIVATE"
"WARNER BROTHERS RECORDS, ETC",775,"NY"," (AFM) ","Jan 31, 2009","51211","3000","PRIVATE"
"WARREN COUNTY/WARREN COUNTY SHERIFF",4455,"IL","NATIONAL FRATERNAL ORDER OF POLICE (NFOP) 1 F FEDERAL POLICE OFFICERS, ILLINOIS","Nov 30, 2028",,,"PUBLIC"
"WARWICK SCHOOL COMMITTEE (TEACHERS)",3420,"RI WARWICK"," (AFT) WTU 915","Aug 31, 2003","611110","1000","PUBLIC"
"WASHINGTON BALLET, THE",4529,"DC","STAGE AND PICTURE OPERATORS AFL-CIO (IATSE) 22 ","Jun 30, 2027",,,"PRIVATE"
"WASHINGTON COUNTY BOARD OF EDUCATION (TEACHERS)",3141,"MD HAGERSTOWN"," (NEA) WCTA","Jun 30, 2005","611110","1150","PUBLIC"
"WASHINGTON FEDERATION OF STATE EMPLOYEES",4161,"WA","OFFICE AND PROFESSIONAL EMPLS AFL-CIO (OPEIU) 8 ","Dec 31, 2024",,,"PUBLIC"
"WASHINGTON GAS LIGHT CO.",490,"VA","TEAMSTERS (IBT) 96 PUBLIC UTILITY WORKERS","Jul 31, 2012","221210","900","PRIVATE"
"WASHINGTON GAS LIGHT CO.",491,"DC VA","TEAMSTERS (IBT) 96 PUBLIC UTILITY WORKERS","Jun 1, 2004","221210","900","PRIVATE"
"WASHINGTON HOSPITAL CENTER",842,"DC","NURSES UNITED OF THE NAT'L CAPITAL REGION ","Apr 3, 2007",,,"PRIVATE"
"WASHINGTON METROPOLITAN TRANSIT AUTHORITY (OPERATIONS & MAINTENANCE)",3443,"DC WASHINGTON","TRANSIT UNION AFL-CIO (ATU) 689","Apr 30, 2004","485111","6300","PUBLIC"
"WASHINGTON POST",143,"DC WASHINGTON"," (TNG) 32035","Nov 7, 2005","51111","1300","PRIVATE"
"WASHINGTON POST",2191,"DC WASHINGTON"," (WBNG) 32035","Jun 10, 2017",,,"PRIVATE"
"WASHINGTON SERVICE CONTRACTORS ASSOCIATION BALTIMORE CITY",1994,"MD"," (SEIU) 33BJ","Oct 15, 2011","485111","108602","PRIVATE"
"WASHINGTON SERVICE CONTRACTORS ASSOCIATION BALTIMORE CITY",1995,"MD, DC, PARTS OF VA","SERVICE EMPLOYEES (SEIU) 32 BJ","Oct 15, 2015","485111","108602","PRIVATE"
"WASHINGTON, CITY OF (PUBLIC WORKS)",4266,"IL","LABORERS  (LIUNA) 231 ","Apr 30, 2024",,,"PUBLIC"
"WASHINGTON, STATE OF",3474,"WA","FOOD AND COMMERCIAL WKRS (UFCW) 21","Jun 30, 2011","524114","33599","PUBLIC"
"WASHINGTON, STATE OF",3505,"WA","SERVICE EMPLOYEES (SEIU) 775","Jun 30, 2013","524114","33599","PUBLIC"
"WASHINGTON, STATE OF",3506,"WA","SERVICE EMPLOYEES (SEIU) 6","Jun 30, 2013","524114","33599","PUBLIC"
"WASHINGTON, STATE OF",3510,"WA"," (UFCW) 365","Jun 30, 2013","524114","33599","PUBLIC"
"WASHINGTON, STATE OF",3511,"WA"," (UFCW) 365","Jun 30, 2013","524114","33599","PUBLIC"
"WASHINGTON, STATE OF",3515,"WA"," (MTD) SEVERAL LOCALS","Jun 30, 2015","62211","1000","PUBLIC"
"WASHINGTON, STATE OF",3593,"WA"," (MTD) PUGET SOUND","Jun 30, 2017",,,"PUBLIC"
"WASHINGTON, STATE OF , THE DEPARTMENT OF CORRECTIONS",3027,"WA","TEAMSTERS (IBT) 313","Jun 30, 2005","922140","4000","PUBLIC"
"WASHINGTON, THE UNIVERSITY OF (CLERK , NON SUPERVISORY AND MEDIA SERVICES )",3014,"WA"," (SEIU/CSA) DIST 925","Jun 30, 2005","611310","2650","PUBLIC"
"WASHINGTON, THE UNIVERSITY OF, BOARD OF REGENTS (NON SUPERVISORY)",3016,"WA","SERVICE EMPLOYEES (SEIU) 925","Jun 30, 2009","611310","2650","PUBLIC"
"WASHINGTON, THE UNIVERSITY OF, BOARD OF REGENTS (RESEARCH TECH)",3015,"WA","SERVICE EMPLOYEES (SEIU) 925","Jun 30, 2009","611310","2650","PUBLIC"
"WASHINGTON, THE UNIVERSITY OF, BOARD OF REGENTS (SUPERVISORY)",3017,"WA","SERVICE EMPLOYEES (SEIU) 925","Jun 30, 2009","611310","2650","PUBLIC"
"WASHOE COUNTY SCHOOL DISTRICT",3657,"NV"," (NCSEA) CHAPTER 2","Jun 30, 2003","611110",,"PUBLIC"
"WASHOE COUNTY SCHOOL DISTRICT (TEACHERS)",3106,"NV RENO"," (NEA) WCTA","Jun 30, 2007","611110","3200","PUBLIC"
"WASHOE COUNTY SCHOOL DISTRICT BOARD OF TRUSTEES (CLASSIFIED EMPLOYEES)",3424,"NV RENO"," (NCSEA) CHPT 2","Jun 30, 2006","611110","1500","PUBLIC"
"WATERBURY, THE BOARD OF EDUCATION (TEACHERS)",2949,"CT WATERBURY"," (WTA) ","Jun 30, 2004","611110","1100","PUBLIC"
"WATERLOO LUMBER COMPANY",4504,"IL","TEAMSTERS (IBT) 50 ","Jul 31, 2027",,"2","PRIVATE"
"WATERVILLE CENTRAL SCHOOL DISTRICT, THE",4160,"NY","WATERVILLE TEACHERS ASSOCIATION ","Jun 30, 2025",,,"PUBLIC"
"WATKINS SECURITY, INC.",4572,"DC","NATIONAL CAPITOL UNION FOR SECURITY OFFICER (UNAFF) ","Jan 1, 2024",,,"PRIVATE"
"WAUKESHA, THE SCHOOL DISTRICT OF (TEACHERS)",2833,"WI WAUKESHA"," (NEA) EAW","Jun 30, 2005","611110","1100","PUBLIC"
"WAVERLY COMMUNITY BOARD OF EDUCATION",4487,"MI","TEAMSTERS (IBT) 243 ","Jun 30, 2024",,,"PUBLIC"
"WAYNE - SANDERSON FARMS/WAYNE FARMS, LLC",4845,"AL","RETAIL WHOLESALE, DC, UFCW (RWDSU) 932 ALABAMA MID-SOUTH","Oct 16, 2021",,"1300","PRIVATE"
"WAYNE - SANDERSON FARMS/WAYNE FARMS, LLC (DANVILLE, AR)",4850,"AR","FOOD AND COMMERCIAL WKRS (UFCW) 2008 ","Feb 11, 2017",,"500","PRIVATE"
"WAYNE - SANDERSON FARMS/WAYNE FARMS, LLC (DECATUR PREPARED FOODS)",4846,"AL","FOOD AND COMMERCIAL WKRS (UFCW) 1995 ","Feb 14, 2021",,"700","PRIVATE"
"WAYNE - SANDERSON FARMS/WAYNE FARMS, LLC (GUNTERSVILLE, AL)",4849,"AL","TEAMSTERS (IBT) 612 ","Jul 31, 2021",,"40","PRIVATE"
"WAYNE - SANDERSON FARMS/WAYNE FARMS, LLC (MAYSVILLE, GA)",4847,"GA","TEAMSTERS (IBT) 528 ","Jul 31, 2021",,"40","PRIVATE"
"WAYNE - SANDERSON FARMS/WAYNE FARMS, LLC (UNION SPRINGS)",4852,"AL","RETAIL WHOLESALE, DC, UFCW (RWDSU) 932 ALABAMA MID-SOUTH","Feb 20, 2020",,"500","PRIVATE"
"WAYNE - SANDERSON PLANTS/WAYNE FARMS, LLC (LAUREL PLANT)",4851,"MS","FOOD AND COMMERCIAL WKRS (UFCW) 1529 ","Nov 18, 2018",,"500","PRIVATE"
"WAYNE STATE UNIVERSITY (TECHNICAL, OFFICE & PROFESSIONAL)",3354,"MI DETROIT"," (UAW) 2071","Jul 31, 2005","611310","1000","PUBLIC"
"WAYNE, MI, THE COUNTY OF",3661,"MI"," (AFSCME) 186,220,572,926","Sep 30, 2008","921190","2100","PUBLIC"
"WAYNE, MI, THE COUNTY OF (SHERIFF'S DEPARTMENT)",3049,"MI WAYNE CNTRY"," (SEIU) 502","Nov 30, 2004","922120","1100","PUBLIC"
"WAYNE, MI, THE COUNTY OF I (GENERAL UNIT)",3071,"MI WAYNE CNTRY","STATE COUNTY AND MUNI EMPLS AFL-CIO (AFSCME) 14 AFSCME COUNCIL 14","Nov 30, 2004","921190","2100","PUBLIC"
"WCBTA, LLC DBA BIG B'S TRUCK REPAIR",1132,"WA","MACHINISTS AFL-CIO (IAM) 86","Sep 8, 2022","8111111","4","PRIVATE"
"WE-MAC MANUFACTURING CO.",1802,"MO","BOILERMAKERS AFL-CIO (BBF) 83","Jun 1, 2011","316999","1000","PRIVATE"
"WEAR CONSTRUCTION MANAGEMENT, INC.",4316,"AR","CARPENTERS IND (CJA) 1836 /CARPENTERS IND (CJA) 690 /CARPENTERS IND (CJA) 71 ","Dec 31, 2027","236220","10","PRIVATE"
"WEBSTER, VILLAGE OF",4196,"WI","ENGINEERS, OPERATING, AFL-CIO (IUOE) 139 ","Dec 31, 2023",,,"PUBLIC"
"WEBSTER, VILLAGE OF",4318,"WI","INTERNATIONAL UNION OF OPERATING ENGINEERS 139 ","Dec 31, 2024",,,"PUBLIC"
"WEG TRANSFORMERS USA",2517,"IN","COMMUNICATIONS WORKERS AFL-CIO (CWA) 86114","Sep 25, 2021",,,"PRIVATE"
"WEIRTON STEEL CORPORATION",200,"WV"," (ISU) ","Mar 31, 2004",,,"PRIVATE"
"WELLFLEET, TOWN OF",4078,"MA","TEAMSTERS (IBT) 59 ","Jun 30, 2026",,,"PUBLIC"
"WENDY'S",1901,"NV","UNITE HERE 226, 165","May 31, 2010","722110","3155","PRIVATE"
"WEST CENTRAL OHIO GENERAL & FORMING CONTRACTORS DIVISION & AGC OH & VICINITY",1208,"OH"," (UBC) ","May 31, 2007",,,"PRIVATE"
"WEST COAST HOIST & DECKS",2435,"WA","BOILERMAKERS AFL-CIO (BBF) 104","Sep 1, 2018",,,"PRIVATE"
"WEST CONTRA COSTA UNIFIED SCHOOL DISTRICT",3658,"CA"," (PEU) 1","Mar 30, 1996","611110","1400","PUBLIC"
"WEST CONTRA COSTA UNIFIED SCHOOL DISTRICT (CLASSIFIED)",3370,"CA RICHMOND"," (PEU) 1","Jun 30, 2005","611110","1400","PUBLIC"
"WEST CONTRA COSTA UNIFIED SCHOOL DISTRICT (TEACHERS)",3138,"CA RICHMOND"," (NEA) UTR","Jun 30, 2005","611110","1400","PUBLIC"
"WEST KENTUCKY CONSTRUCTION EMPLOYERS ASSOCIATION",913,"KY","ENGINEERS, OPERATING, AFL-CIO (IUOE) 181 ","Jun 30, 2006","23731","2800","PRIVATE"
"WEST MICHIGAN CONTRACTORS ASSOCIATION",1115,"MI WESTERN"," (UBC) 1102","May 31, 2005","23829","2100","PRIVATE"
"WEST OHIO COMMUNITY ACTION PARTNERSHIP",2579,"OH","OAPSE/AFSCME 4/133","Mar 11, 2022","813319","81","PRIVATE"
"WEST PICO DISTRIBUTORS, LLC",3821,"CA","INTERNATIONAL BROTHERHOOD OF TEAMSTERS 848 848","Jan 18, 2028",,,"PRIVATE"
"WEST VIRGINIA CONTRACTORS BARGAINING ASSOCIATION (HVY-HWY)",1501,"WV","STEELWORKERS, AFL-CIO (USW) 08 14614 S","Dec 15, 2003","23731","1500","PRIVATE"
"WESTCHESTER PUTNAM COUNTIES HEAVY & HIGHWAY",2399,"NY","LABORERS  (LIUNA) 60","Mar 30, 2019",,,"PRIVATE"
"WESTCHESTER, THE COUNTY OF (GENERAL UNIT)",3043,"NY WHITE PLANS","STATE COUNTY AND MUNI EMPLS AFL-CIO (AFSCME) 860 BERGEN PINES HOSPITAL LICENSED PRACTICAL NURSES","Dec 31, 2001","921190","6500","PUBLIC"
"WESTERN CONSTRUCTION, INC., AND DESERT SAGE CONTRACTORS, INC.",1716,"ID"," (5 UNIONS) -","Dec 31, 2003","23731","1250","PRIVATE"
"WESTERN HOTEL & CASINO",1983,"TX","ENGINEERS, OPERATING, AFL-CIO (IUOE) 351","Apr 6, 2015","23731","2438","PRIVATE"
"WESTERN HOTEL & CASINO",1984,"NM","ENGINEERS, OPERATING, AFL-CIO (IUOE) 351","Apr 30, 2014","23731","2438","PRIVATE"
"WESTERN HOTEL & CASINO",1990,"NV"," (HERE) 226","Jan 1, 1800","72112","1900","PRIVATE"
"WESTERN INSULATION CONTRACTORS ASSOCIATION & INLAND EMPIRE INDEPENDENT CONTRACTORS ALLIANCE",1338,"WA","INSULATORS AFL-CIO (HFIA) 82","Aug 1, 2022",,"220","PRIVATE"
"WESTERN SUGAR COOPERATIVE, THE",1234,"WY"," (BCTGM) 280G","Apr 28, 2022",,,"PRIVATE"
"WESTERN UNION FINANCIAL SERVICES INC.",442,"MO NJ TX VA"," (CWA) -","Aug 6, 2004","517110","1200","PRIVATE"
"WESTERN WALL AND CEILING CONTRACTORS ASSOCIATION",1315,"CA SOUTHERN","PAINTERS AFL-CIO (PAT) 36","Sep 30, 2006","23832","3000","PRIVATE"
"WESTERN WALLS",1843,"CA","PLASTERERS AND CEMENT MASONS AFL-CIO (OPCM) 200","Aug 5, 2014","322121",,"PRIVATE"
"WESTERN WALLS & CEILING CONTRACTORS ASSOCIATION, INC",1844,"CA","PLASTERERS AND CEMENT MASONS AFL-CIO (OPCM) 200","Jul 31, 2018",,,"PRIVATE"
"WESTERN WASHINGTON CHAPTER (WESTERN INSULATION CONTRACTORS ASSOCIATION)",2425,"WA","ASBESTOS WORKERS 7","May 31, 2009",,,"PRIVATE"
"WESTERN WASHINGTON SIGNATORY PAINTING EMPLOYERS",1310,"WA WESTERN","PAINTERS AFL-CIO (PAT) 5","Feb 28, 2005","23832","1200","PRIVATE"
"WESTERN WATERSHEDS PROJECT",4867,"MULTIPLE","WESTERN WATERSHEDS WORKERS (WWW) ","Mar 25, 2029","813312","17","PRIVATE"
"WESTHAMPTON FREE LIBRARY",4829,"NY","TEACHERS AFL-CIO (AFT) WESTHAMPTON LIBRARY STAFF ASSOCIATION","Jun 30, 2028",,"22","PUBLIC"
"WESTMORELAND, THE COUNTY OF (MULTI-UNIT)",3028,"PA GREENSBURG"," (SEIU) 585","Dec 31, 2005","921190","1500","PUBLIC"
"WESTON SCHOOL COMMITTEE (ADMINISTRATIVE ASSISTANTS)",2441,"MA"," (WEAA) ","Jun 30, 2019",,,"PRIVATE"
"WESTON SCHOOL COMMITTEE (BUILDING & GROUNDS)",2442,"MA"," (AFSCME) 690","Jun 30, 2019",,,"PRIVATE"
"WESTON SCHOOL COMMITTEE (CAFETERIA)",2443,"MA"," (AFSCME) 690","Jul 31, 2019",,,"PRIVATE"
"WESTON SCHOOL COMMITTEE (PARAPROFESSIONALS)",2444,"MA","WESTON AIDES/PARAPOFESSIONALS ASSOCIATION ","Aug 31, 2019",,,"PRIVATE"
"WESTON SCHOOL COMMITTEE (SCHOOL TEACHERS)",2445,"MA","WESTON EDUCATION UNIT A","Aug 31, 2019",,,"PRIVATE"
"WESTON SCHOOL COMMITTEE (SCHOOL TRANSPORTATION)",2446,"MA","WESTON SCHOOL BUS DRIVER ASSOCIATION ","Jun 30, 2019",,,"PRIVATE"
"WESTON, TOWN OF",3596,"MA","STATE COUNTY AND MUNI EMPLS AFL-CIO (AFSCME) 93 AFSCME","Jun 30, 2019",,,"PUBLIC"
"WESTON, TOWN OF (COMMUNICATIONS UNIT)",3595,"MA"," (IUPA) 177","Jun 30, 2019",,,"PUBLIC"
"WESTON, TOWN OF (FIREFIGHTERS)",3597,"MA"," (IAFF) 3660","Jun 30, 2019",,,"PUBLIC"
"WESTON, TOWN OF (LIBRARY)",3598,"MA","WESTERN LIBRARY STAFF ASSOCIATIONS ","Jun 30, 2020",,,"PUBLIC"
"WESTON, TOWN OF (POLICE PATROL)",3599,"MA","NEW ENGLAND POLICE BENEVOLENT ASSOCIATION 77","Jun 30, 2019",,,"PUBLIC"
"WESTON, TOWN OF (SUPERIOR OFFICERS)",3600,"MA","STATE COUNTY AND MUNI EMPLS AFL-CIO (AFSCME) 93 AFSCME","Jun 30, 2019",,,"PUBLIC"
"WESTPORT, CITY OF (POLICE DEPARTMENT)",4518,"WA","TEAMSTERS (IBT) 252 ","Dec 31, 2024",,,"PUBLIC"
"WESTREC MARINA MANAGEMENT, INC./WESTREC PROPERTIES, INC.",4086,"IL","SERVICE EMPLOYEES (SEIU) 73 ","Dec 31, 2025",,,"PRIVATE"
"WESTROCK SERVICES, LLC. (CONTAINER PLANT)",4307,"TN","STEELWORKERS, AFL-CIO (USW) 9 466 ","Jun 2, 2027",,,"PRIVATE"
"WESTVACO COPORTAION",124,"MD"," (AFLCIO) 676","Dec 21, 2003",,,"PRIVATE"
"WEYERHAEUSER CO.",131,"NC PLYMOUTH","UPIU/PACE 1356,1423/415","Jul 31, 2008","322113","1300","PRIVATE"
"WEYERHAEUSER CO. MID-SOUTH WOOD PRODS.",111,"AR OK","MACHINISTS AFL-CIO (IAM) W 15 WOODWORKERS","Mar 1, 2007","321912","1500","PRIVATE"
"WEYERHAEUSER PAPER COMPANY",1,"NATIONAL","PULP AND PAPER WORKERS UBCJA  (WPPW) 211/PULP AND PAPER WORKERS UBCJA  (WPPW) 580/PULP AND PAPER WORKERS UBCJA  (WPPW) 633/PULP AND PAPER WORKERS UBCJA  (WPPW) 677","Mar 4, 2001","321912","1300","PRIVATE"
"WHEATON ASSOCIATES INC",2400,"IL"," (CJA) RC CHICAGO","May 31, 2019",,,"PRIVATE"
"WHEATON, CITY OF",4748,"IL","ENGINEERS, OPERATING, AFL-CIO (IUOE) 150 ","Apr 30, 2026",,,"PUBLIC"
"WHEELER CONSTRUCTION",902,"AZ","ENGINEERS, OPERATING, AFL-CIO (IUOE) 428","May 31, 2011","23731","1500","PRIVATE"
"WHEELER CONSTRUCTION INC & CONSTRUCTION 70, INC",900,"AZ","ENGINEERS, OPERATING, AFL-CIO (IUOE) 428","May 31, 2008","23731","1500","PRIVATE"
"WHIRLPOOL AMANA",280,"MI","MACHINISTS AFL-CIO (IAM) 1526","Sep 26, 2015","335222","2250","PRIVATE"
"WHIRLPOOL AMANA DIVISION",279,"IN EVANSVILLE","MACHINISTS AFL-CIO (IAM) 1526","Sep 24, 2011","335222","2250","PRIVATE"
"WHIRLPOOL CORP.",225,"TN"," (BBF) S-272","Aug 1, 2010","333415","1250","PRIVATE"
"WHIRLPOOL CORP.",226,"TN LAVERGNE"," (BBF) S-272","Jul 30, 2007","333415","1250","PRIVATE"
"WHIRLPOOL CORP.",277,"AR FT SMITH"," (UPIU/AIW) 7370","Oct 1, 2007","335222","3000","PRIVATE"
"WHIRLPOOL CORP.",281,"ID"," (CWA/IUE) 808","Feb 19, 2012","335222","2400","PRIVATE"
"WHIRLPOOL CORP.",282,"IN EVANSVILLE"," (CWA/IUE) 808","Feb 19, 2009","335222","2400","PRIVATE"
"WHITE CONSTRUCTION, INC.",2144,"IN"," (LIUNA) IN","Dec 31, 2010","237310",,"PRIVATE"
"WHITESTONEGROUP/WHITESTONE STAFFING",2163,"NC ELIZABETH CITY","GOVERNMENT SECURITY OFFICERS, IND (UGSOA) 311","Aug 2, 2019","541690",,"PRIVATE"
"WHITNEY MUSEUM OF AMERICAN ART, THE",4896,"NY","AUTO WORKERS AFL-CIO (UAW) 2110 ","Jun 30, 2026",,,"PRIVATE"
"WICHITA UNIFIED PUBLIC SCHOOL DIST 259 (CLASSIFIED)",3151,"KS WICHITA","SERVICE EMPLOYEES (SEIU) 513","Jun 30, 2004","611110","1900","PUBLIC"
"WICHITA UNIFIED PUBLIC SCHOOL DIST 259 (TEACHERS)",3216,"KS WICHITA"," (AFT) UTW 259","Jul 31, 2004","611110","3400","PUBLIC"
"WICHITA, KANSAS, THE CITY OF",2922,"KS WICHITA","SERVICE EMPLOYEES (SEIU) 513","Dec 14, 2018","921190",,"PUBLIC"
"WICHITA, KANSAS, THE CITY OF",2924,"KS WICHITA","SERVICE EMPLOYEES (SEIU) 513","Dec 24, 2010","921190","1000","PUBLIC"
"WICHITA, KANSAS, THE CITY OF",2925,"KS","SERVICE EMPLOYEES (SEIU) 513","Dec 25, 2009","921190","1000","PUBLIC"
"WICHITA, KANSAS, THE CITY OF ( MULTI-DEPARTMENT)",2923,"KS WICHITA","SERVICE EMPLOYEES (SEIU) 513","Dec 17, 2004","921190","950","PUBLIC"
"WICOMICO COUNTY, BOARD OF EDUCATION OF",2631,"MD SALISBURY"," (NEA) -","Jun 30, 2010","611110","1250","PUBLIC"
"WICOMICO COUNTY, BOARD OF EDUCATION OF (TEACHERS)",2630,"MD SALISBURY"," (NEA) WCRA","Jun 30, 2007","611110","1250","PUBLIC"
"WILD BY NATURE CO. INC.",2067,"NY","FOOD AND COMMERCIAL WKRS (UFCW) 1500 UFCW UNION LOCAL 1500","May 7, 2016","445110","1500","PRIVATE"
"WILLERT HOME PRODUCTS, INC",2526,"MO","BOILERMAKERS AFL-CIO (BBF) 483","Jan 31, 2023","325320","39","PRIVATE"
"WILSON BOHANNAN COMPANY, THE",2588,"OH","STEELWORKERS, AFL-CIO (USW) 01 1949","Aug 8, 2021",,,"PRIVATE"
"WILSON PAPER COMPANY",4410,"IL","TEAMSTERS (IBT) 627 ","Apr 30, 2027",,"1","PRIVATE"
"WILSON SPORTING GOODS COMPANY",3690,"OH","CHICAGO AND MIDWEST REGIONAL JOINT BOARD ","Oct 15, 2021",,,"PRIVATE"
"WINCHESTER, TOWN OF (POLICE)",4767,"MA","UNITED PUBLIC SERVICE EMPLOYEES UNION (UPSEU) 330","Jun 30, 2022",,,"PUBLIC"
"WINCHESTER, TOWN OF (PUBLIC WORKS)",4172,"MA","STATE COUNTY AND MUNI EMPLS AFL-CIO (AFSCME) 1303 LOCAL 1303","Jun 30, 2026",,,"PUBLIC"
"WINCHESTER, TOWN OF (SUPERVISORS)",4171,"MA","UNITED PUBLIC SERVICE EMPLOYEES UNION (UPSEU) ","Jun 30, 2025",,,"PUBLIC"
"WINDOW & PLATE GLASS DEALERS ASSOCIATION",1264,"NY SOUTHEAST","PAINTERS AFL-CIO (PAT) 9","Apr 30, 2005","23815","1000","PRIVATE"
"WINDOW AND PLATE GLASS DEALERS ASSOCIATION, THE",4435,"NY","GLAZIERS 1087/PAINTERS AFL-CIO (PAT) 9 ","Apr 30, 2027",,,"PRIVATE"
"WINDOW CLEANING EMPLOYERS ASSOCIATION.",765,"NY NEW YORK","SERVICE EMPLOYEES (SEIU) 32 BJ","Feb 28, 2005","56172","1000","PRIVATE"
"WINDSOR WOODS REHAB & HEALTHCARE CENTER",3873,"FL","FOOD AND COMMERCIAL WKRS (UFCW) 1625 ","Jul 31, 2023",,,"PRIVATE"
"WINERY EMPLOYERS ASSOCIATION.",66,"CA","FOOD AND COMMERCIAL WKRS (UFCW) 186 D/FOOD AND COMMERCIAL WKRS (UFCW) 45 D","Mar 31, 2007","312133","1000","PRIVATE"
"WISCONSIN ELECTRIC POWER CO.",483,"WI","ELECTRICAL WORKERS IBEW AFL-CIO (IBEW) 2150","Aug 15, 2007","221","2500","PRIVATE"
"WISCONSIN PHYSICIANS SERVICE INSURANCE CORP.",731,"WI","FOOD AND COMMERCIAL WKRS (UFCW) 1473","Oct 12, 2012","524114","1400","PRIVATE"
"WISCONSIN PHYSICIANS SERVICE INSURANCE CORP.",732,"WI MADISON","FOOD AND COMMERCIAL WKRS (UFCW) 1444","Oct 10, 2008","524114","1400","PRIVATE"
"WISCONSIN POWER & LIGHT CO. (ALLIANT ENERGY)",516,"WI","ELECTRICAL WORKERS IBEW AFL-CIO (IBEW) 965","Jun 1, 2007","221","1450","PRIVATE"
"WISCONSIN PUBLIC SERVICE CORP.",517,"WI NORTHEAST","ENGINEERS, OPERATING, AFL-CIO (IUOE) 310","Oct 21, 2006","221","1200","PRIVATE"
"WISCONSIN PUBLIC SERVICE CORP.",519,"WI NORTHEAST","ENGINEERS, OPERATING, AFL-CIO (IUOE) 310","Oct 13, 2012","221","1200","PRIVATE"
"WISCONSIN PUBLIC SERVICE CORPORATION",518,"WI NORTHEAST","ENGINEERS, OPERATING, AFL-CIO (IUOE) 310","Oct 17, 2009","221","1200","PRIVATE"
"WISCONSIN REGIONAL TRAINING PARTNERSHIP (WRTP) / BIG STEP",4452,"WI","MACHINISTS AFL-CIO (IAM) 10 /MACHINISTS AFL-CIO (IAM) 66 ","May 31, 2028",,,"PRIVATE"
"WISCONSIN RIVER VALLEY CONTRACTORS ASSOCIATION",2431,"WI","WISCONSIN RIVER VALLEY TROWEL TRADES NEGOTIATING COMMITTEE SEVERAL UNIONS","Apr 1, 1969",,,"PRIVATE"
"WISCONSIN TRANSPORTATION EMPLOYERS COUNCIL (HVY-HWY)",932,"WI","ENGINEERS, OPERATING, AFL-CIO (IUOE) 139","Jun 1, 2004","23731","5800","PRIVATE"
"WISCONSIN TRANSPORTATION EMPLOYERS COUNCIL (HVY-HWY)",999,"WI","TEAMSTERS (IBT) 39","Apr 30, 2006","23731","1000","PRIVATE"
"WISCONSIN TRANSPORTATION EMPLOYERS COUNCIL (HVY-HWY)",1490,"WI"," (LIUNA) 13 LOCALS","May 31, 2004","23731","7000","PRIVATE"
"WISCONSIN, STATE (TEACHERS & PROGRAM ASSISTANTS)",2777,"WI MADISON"," (AFT) TAA 3220","Jun 30, 2005","611310","2300","PUBLIC"
"WISCONSIN, STATE OF (ENGINEERS)",2670,"WI MADISON"," (SEA) ","Jun 30, 2003","921190","1100","PUBLIC"
"WISCONSIN, STATE OF (GENERAL UNIT)",2624,"WI MADISON"," (AFSCME) COUNCIL 24","Jun 30, 2003","921190","25000","PUBLIC"
"WISCONSIN, STATE OF (HEALTH CARE PROFESSIONALS)",2660,"WI MADISON","SERVICE EMPLOYEES (SEIU) 1199 W DISTRICT 1199-W, SEIU","Jun 30, 2007","622","1500","PUBLIC"
"WISCONSIN, STATE OF (WHITE-COLLAR PROFESSIONALS)",2718,"WI MADISON"," (AFT) WPEC 4848","Jun 30, 2007","921190","6000","PUBLIC"
"WISCONSIN,STATE OF (SCIENCE PROFESSIONALS)",2684,"WI MADISON"," (AFT) WSP 3732","Jun 30, 2007","921190","1100","PUBLIC"
"WISHARD HEALTH SERVICES",3055,"IN"," (AFSCME) 2065","Oct 31, 2012","611110","1400","PUBLIC"
"WISHARD HEALTH SERVICES (HEALTH CARE WORKERS)",3054,"IN"," (AFSCME) ","Oct 31, 2008",,,"PUBLIC"
"WITHERUP FABRICATION AND ERECTION, INC.",1835,"PA","BOILERMAKERS AFL-CIO (BBF) 154","Dec 31, 2010","238390","1000","PRIVATE"
"WOLF CONSTRUCTION, INC.",4235,"KS","CARPENTERS IND (CJA) MID-AMERICA CARPENTERS REGIONAL COUNCIL","Apr 30, 2024",,,"PRIVATE"
"WOMEN'S NATIONAL BASKETBALL ASSOCIATION (WNBA)",4122,"NATIONAL","WOMEN'S NATIONAL BASKETBALL PLAYERS ASSOCIATION ","Sep 30, 2013",,,"PRIVATE"
"WONDERFUL, INC.",2346,"NV"," (CWU) 226","May 31, 2021",,,"PRIVATE"
"WOOD COUNTY TELEPHONE COMPANY",2085,"WI"," (CWA) -","Jul 7, 2018","611110","1000","PRIVATE"
"WOOD RIVER ILLINOIS, CITY OF (FIRE DEPARTMENT)",3659,"IL"," (IAFF) 2371","Apr 30, 2023",,"9","PUBLIC"
"WOOD RIVER ILLINOIS, CITY OF (PUBLIC SERVICES)",3660,"IL","PIPEFITTERS 553","Apr 30, 2021",,"13","PUBLIC"
"WOODBRIDGE TOWNSHIP BOARD OF EDUCATION (TEACHERS & SUPERINTENDENT)",3433,"NJ WOODBRIDGE"," (NEA) WTEA","Jun 30, 2015","611110","1400","PUBLIC"
"WOODBRIDGE TOWNSHIP BOARD OF EDUCATION (TEACHERS & SUPERINTENDENT)",3434,"NJ WOODBRIDGE"," (NEA) WTEA","Jun 30, 2006","611110","1400","PUBLIC"
"WOODLAND PARK ZOO",2365,"WA","JOINT CRAFT COUNCIL ","Dec 31, 2016",,,"PRIVATE"
"WOODWORKERS ASSOCIATION OF CHICAGO",110,"IL CHICAGO"," (UBC) 1027","May 31, 2007","321911","1000","PRIVATE"
"WOODWORKERS ASSOCIATION OF CHICAGO",2401,"IL"," (CJA) RC CHICAGO","May 31, 2019",,,"PRIVATE"
"WOODWORKERS ASSOCIATION OF NEW YORK",117,"NY"," (CJA) DISTRICT COUNCIL NYC","Jun 30, 2012","337122","1100","PRIVATE"
"WORCESTER SCHOOL COMMITTEE (TEACHERS)",3358,"MA WORCESTER"," (NEA) EAW","Aug 31, 2005","611110","1900","PUBLIC"
"WORKING AMERICA",2195,"DC"," (WBNG) 32035","Dec 28, 2019",,,"PRIVATE"
"WORTH PARK DISTRICT (PARKS DEPARTMENT)",4283,"IL","SERVICE EMPLOYEES (SEIU) 73 ","Apr 30, 2023",,,"PUBLIC"
"WORTH, VILLAGE OF (PUBLIC WORKS)",4113,"IL","SERVICE EMPLOYEES (SEIU) 73 ","Feb 28, 2027",,,"PUBLIC"
"WYOMING CONTRACTOR'S GROUP, THE",3601,"WY"," (CJA) RC PACFIC NORTHWEST","May 31, 2020",,,"PUBLIC"
"XEROX CORP.",382,"NY ROCHESTER","UNITE HERE 14A","Mar 13, 2005","333315","1900","PRIVATE"
"YALE UNIVERSITY (CLERICAL & TECHNICAL)",857,"CT","UNITE HERE 34","Jan 20, 2010","31131","1000","PRIVATE"
"YALE UNIVERSITY (SERVICE & MAINTENANCE)",858,"CT","UNITE HERE 35","Jan 20, 2010","31131","1000","PRIVATE"
"YERBA BUENA GARDENS CONSERVANCY",4420,"CA","INTERNATIONAL UNION OF OPERATING ENGINEERS (IUOE) 39","Jun 30, 2024",,,"PRIVATE"
"YOKOHAMA TIRE CORPORATION",166,"VA SALEM"," (USW) -","Jun 23, 2003","721214",,"PRIVATE"
"YONKERS NEW YORK, THE CITY OF, BOARD OF EDUCATION (NON TEACHING UNIT)",3392,"NY YONKERS","STATE COUNTY AND MUNI EMPLS AFL-CIO (AFSCME) 860 BERGEN PINES HOSPITAL LICENSED PRACTICAL NURSES","Jun 30, 2003","611110","900","PUBLIC"
"YONKERS NEW YORK, THE CITY OF, BOARD OF EDUCATION (TEACHERS)",3322,"NY YONKERS"," (AFT) ","Jun 30, 2003",,,"PUBLIC"
"YORK DAILY RECORD",2196,"PA YORK"," (WBNG) 32035","Jun 30, 2019",,,"PRIVATE"
"YORK DISPATCH PUBLISHING COMPANY, LLC",2197,"PA YORK"," (WBNG) ","Oct 6, 2018",,,"PRIVATE"
"YOSEMITE CONCESSION SERVICES CORPORATION",740,"CA YOSEMITE","SERVICE EMPLOYEES (SEIU) 535","Mar 14, 2005","721214","1200","PRIVATE"
"YOSEMITE CONCESSION SERVICES CORPORATION",741,"CA","SERVICE EMPLOYEES (SEIU) 535","Mar 14, 2008","721214","1200","PRIVATE"
"YOUNGSTOWN CITY SCHOOL DISTRICT BOARD OF EDUCATION (TEACHERS)",3228,"OH YOUNGSTOWN"," (NEA) YEA","Jun 30, 2006","611110","1000","PUBLIC"
"YOUNGSTOWN, VILLAGE OF",3837,"NY","TEAMSTERS (IBT) 264 ","May 31, 2023","237310","3","PUBLIC"
"ZAYO GROUP, LLC",4498,"MN","ELECTRICAL WORKERS IBEW AFL-CIO (IBEW) 292 ","Aug 10, 2027",,,"PRIVATE"
"ZIM-AMERICAN INTEGRATED SHIPPING SERVICES CO. LLC",1215,"VA","ILWU OFFICE CLERICAL UNIT 63","Jun 30, 2023",,,"PRIVATE"